GEOID,tract_2010,nta_name_2010,borough,income_pre_2015_2019,income_post_2020_2024,income_change_abs,income_change_pct,change_class,has_valid_income_pair
14000US36085000900,000900,West New Brighton-New Brighton-St. George,Staten Island,50543,66208,15665,30.99,"Increase $5k-$19,999",1
14000US36061010200,010200,Midtown-Midtown South,Manhattan,,,,,No data,0
14000US36061010400,010400,Midtown-Midtown South,Manhattan,125882,193026,67144,53.34,Increase >= $40k,1
14000US36061011300,011300,Midtown-Midtown South,Manhattan,95313,93750,-1563,-1.64,Roughly unchanged (within +/-$5k),1
14000US36061013000,013000,Upper East Side-Carnegie Hill,Manhattan,196964,212414,15450,7.84,"Increase $5k-$19,999",1
14000US36061018400,018400,East Harlem North,Manhattan,22738,51866,29128,128.10,"Increase $20k-$39,999",1
14000US36061020600,020600,Central Harlem North-Polo Grounds,Manhattan,31625,50864,19239,60.83,"Increase $5k-$19,999",1
14000US36061024900,024900,Washington Heights South,Manhattan,43182,68000,24818,57.47,"Increase $20k-$39,999",1
14000US36047000501,000501,Brooklyn Heights-Cobble Hill,Brooklyn,133750,141364,7614,5.69,"Increase $5k-$19,999",1
14000US36047005800,005800,Bay Ridge,Brooklyn,64875,77648,12773,19.69,"Increase $5k-$19,999",1
14000US36047006000,006000,Bay Ridge,Brooklyn,100324,88542,-11782,-11.74,"Decline $5k-$19,999",1
14000US36047007400,007400,Sunset Park West,Brooklyn,33934,73454,39520,116.46,"Increase $20k-$39,999",1
14000US36047007800,007800,Sunset Park West,Brooklyn,43792,79981,36189,82.64,"Increase $20k-$39,999",1
14000US36047009800,009800,Sunset Park East,Brooklyn,46250,60679,14429,31.20,"Increase $5k-$19,999",1
14000US36047010400,010400,Sunset Park East,Brooklyn,44288,,,,No data,0
14000US36047013700,013700,Park Slope-Gowanus,Brooklyn,116438,170600,54162,46.52,Increase >= $40k,1
14000US36047013900,013900,Park Slope-Gowanus,Brooklyn,143169,173378,30209,21.10,"Increase $20k-$39,999",1
14000US36047017000,017000,Bath Beach,Brooklyn,76857,102417,25560,33.26,"Increase $20k-$39,999",1
14000US36047018800,018800,Bensonhurst West,Brooklyn,76422,38227,-38195,-49.98,"Decline $20k-$39,999",1
14000US36047019000,019000,Bensonhurst West,Brooklyn,50875,48824,-2051,-4.03,Roughly unchanged (within +/-$5k),1
14000US36047019400,019400,Dyker Heights,Brooklyn,44258,66080,21822,49.31,"Increase $20k-$39,999",1
14000US36047019600,019600,Dyker Heights,Brooklyn,47389,74292,26903,56.77,"Increase $20k-$39,999",1
14000US36047019800,019800,Dyker Heights,Brooklyn,67813,78673,10860,16.01,"Increase $5k-$19,999",1
14000US36047020400,020400,Dyker Heights,Brooklyn,102000,143162,41162,40.35,Increase >= $40k,1
14000US36047021200,021200,Dyker Heights,Brooklyn,44967,56250,11283,25.09,"Increase $5k-$19,999",1
14000US36047022200,022200,Borough Park,Brooklyn,33088,52361,19273,58.25,"Increase $5k-$19,999",1
14000US36047023600,023600,Borough Park,Brooklyn,26855,39479,12624,47.01,"Increase $5k-$19,999",1
14000US36047023800,023800,Borough Park,Brooklyn,33780,43843,10063,29.79,"Increase $5k-$19,999",1
14000US36047024000,024000,Borough Park,Brooklyn,39034,37833,-1201,-3.08,Roughly unchanged (within +/-$5k),1
14000US36047024200,024200,Borough Park,Brooklyn,63698,59276,-4422,-6.94,Roughly unchanged (within +/-$5k),1
14000US36047024600,024600,Borough Park,Brooklyn,51354,71711,20357,39.64,"Increase $20k-$39,999",1
14000US36047024900,024900,Bedford,Brooklyn,70268,84746,14478,20.60,"Increase $5k-$19,999",1
14000US36047025200,025200,Bensonhurst West,Brooklyn,60173,54012,-6161,-10.24,"Decline $5k-$19,999",1
14000US36047025800,025800,Bensonhurst West,Brooklyn,50625,67167,16542,32.68,"Increase $5k-$19,999",1
14000US36047026000,026000,Bensonhurst West,Brooklyn,48214,68043,19829,41.13,"Increase $5k-$19,999",1
14000US36047026600,026600,Bensonhurst West,Brooklyn,51250,47544,-3706,-7.23,Roughly unchanged (within +/-$5k),1
14000US36047026700,026700,Bedford,Brooklyn,64401,150386,85985,133.52,Increase >= $40k,1
14000US36047026900,026900,Bedford,Brooklyn,66534,96006,29472,44.30,"Increase $20k-$39,999",1
14000US36047027000,027000,Bensonhurst West,Brooklyn,50775,62083,11308,22.27,"Increase $5k-$19,999",1
14000US36047027200,027200,Bensonhurst West,Brooklyn,58477,59802,1325,2.27,Roughly unchanged (within +/-$5k),1
14000US36047027300,027300,Stuyvesant Heights,Brooklyn,56786,122093,65307,115.01,Increase >= $40k,1
14000US36047027800,027800,Bensonhurst West,Brooklyn,57202,68792,11590,20.26,"Increase $5k-$19,999",1
14000US36047027900,027900,Stuyvesant Heights,Brooklyn,64700,91771,27071,41.84,"Increase $20k-$39,999",1
14000US36047028400,028400,Bensonhurst West,Brooklyn,61331,59954,-1377,-2.25,Roughly unchanged (within +/-$5k),1
14000US36047028800,028800,Bensonhurst West,Brooklyn,55625,77042,21417,38.50,"Increase $20k-$39,999",1
14000US36047029100,029100,Stuyvesant Heights,Brooklyn,80526,88153,7627,9.47,"Increase $5k-$19,999",1
14000US36047029300,029300,Stuyvesant Heights,Brooklyn,42238,36833,-5405,-12.80,"Decline $5k-$19,999",1
14000US36047029800,029800,Bensonhurst East,Brooklyn,55060,61059,5999,10.90,"Increase $5k-$19,999",1
14000US36047030000,030000,Bensonhurst East,Brooklyn,52663,73981,21318,40.48,"Increase $20k-$39,999",1
14000US36047030900,030900,Crown Heights North,Brooklyn,46309,66889,20580,44.44,"Increase $20k-$39,999",1
14000US36047031701,031701,Crown Heights North,Brooklyn,78750,101806,23056,29.28,"Increase $20k-$39,999",1
14000US36047032900,032900,Prospect Lefferts Gardens-Wingate,Brooklyn,44922,92193,47271,105.23,Increase >= $40k,1
14000US36047033900,033900,Crown Heights North,Brooklyn,40417,61979,21562,53.35,"Increase $20k-$39,999",1
14000US36047034100,034100,Crown Heights North,Brooklyn,51250,95300,44050,85.95,Increase >= $40k,1
14000US36047034200,034200,Seagate-Coney Island,Brooklyn,17932,22872,4940,27.55,Roughly unchanged (within +/-$5k),1
14000US36047038800,038800,Homecrest,Brooklyn,64375,83558,19183,29.80,"Increase $5k-$19,999",1
14000US36047039600,039600,Homecrest,Brooklyn,64375,69563,5188,8.06,"Increase $5k-$19,999",1
14000US36047039900,039900,Bushwick South,Brooklyn,51776,50329,-1447,-2.79,Roughly unchanged (within +/-$5k),1
14000US36047040400,040400,Bensonhurst East,Brooklyn,61087,106442,45355,74.25,Increase >= $40k,1
14000US36047041300,041300,Bushwick South,Brooklyn,63750,110996,47246,74.11,Increase >= $40k,1
14000US36047041401,041401,Homecrest,Brooklyn,67972,71944,3972,5.84,Roughly unchanged (within +/-$5k),1
14000US36047041500,041500,Bushwick South,Brooklyn,64844,96110,31266,48.22,"Increase $20k-$39,999",1
14000US36047041700,041700,Bushwick South,Brooklyn,24433,32028,7595,31.09,"Increase $5k-$19,999",1
14000US36047041900,041900,Bushwick South,Brooklyn,56550,73958,17408,30.78,"Increase $5k-$19,999",1
14000US36047042800,042800,Bensonhurst East,Brooklyn,60708,88656,27948,46.04,"Increase $20k-$39,999",1
14000US36047042900,042900,Bushwick North,Brooklyn,50170,65000,14830,29.56,"Increase $5k-$19,999",1
14000US36047043000,043000,Bensonhurst East,Brooklyn,38160,75417,37257,97.63,"Increase $20k-$39,999",1
14000US36047043300,043300,Bushwick North,Brooklyn,24766,59551,34785,140.45,"Increase $20k-$39,999",1
14000US36047043400,043400,Bensonhurst East,Brooklyn,49013,66763,17750,36.21,"Increase $5k-$19,999",1
14000US36047043500,043500,Bushwick North,Brooklyn,66923,67778,855,1.28,Roughly unchanged (within +/-$5k),1
14000US36047043600,043600,Bensonhurst East,Brooklyn,57901,83284,25383,43.84,"Increase $20k-$39,999",1
14000US36047044000,044000,Ocean Parkway South,Brooklyn,51420,88344,36924,71.81,"Increase $20k-$39,999",1
14000US36047044100,044100,Bushwick North,Brooklyn,47754,78526,30772,64.44,"Increase $20k-$39,999",1
14000US36047044200,044200,Ocean Parkway South,Brooklyn,76046,62708,-13338,-17.54,"Decline $5k-$19,999",1
14000US36047044300,044300,Bushwick North,Brooklyn,50263,94517,44254,88.04,Increase >= $40k,1
14000US36047044400,044400,Ocean Parkway South,Brooklyn,51975,67554,15579,29.97,"Increase $5k-$19,999",1
14000US36047044600,044600,Borough Park,Brooklyn,63708,69099,5391,8.46,"Increase $5k-$19,999",1
14000US36047045200,045200,Ocean Parkway South,Brooklyn,82532,74250,-8282,-10.03,"Decline $5k-$19,999",1
14000US36047045400,045400,Ocean Parkway South,Brooklyn,66364,94607,28243,42.56,"Increase $20k-$39,999",1
14000US36047047000,047000,Borough Park,Brooklyn,61033,75069,14036,23.00,"Increase $5k-$19,999",1
14000US36047047200,047200,Borough Park,Brooklyn,60054,71635,11581,19.28,"Increase $5k-$19,999",1
14000US36047049500,049500,East Williamsburg,Brooklyn,92120,141250,49130,53.33,Increase >= $40k,1
14000US36047050300,050300,East Williamsburg,Brooklyn,96216,173548,77332,80.37,Increase >= $40k,1
14000US36047050500,050500,East Williamsburg,Brooklyn,41629,57500,15871,38.12,"Increase $5k-$19,999",1
14000US36047051001,051001,Flatbush,Brooklyn,55435,59583,4148,7.48,Roughly unchanged (within +/-$5k),1
14000US36047051400,051400,Flatbush,Brooklyn,64259,100000,35741,55.62,"Increase $20k-$39,999",1
14000US36047051601,051601,Flatbush,Brooklyn,59223,72304,13081,22.09,"Increase $5k-$19,999",1
14000US36047051700,051700,North Side-South Side,Brooklyn,126649,234444,107795,85.11,Increase >= $40k,1
14000US36047051800,051800,Flatbush,Brooklyn,64211,112589,48378,75.34,Increase >= $40k,1
14000US36047052800,052800,Flatbush,Brooklyn,87212,121000,33788,38.74,"Increase $20k-$39,999",1
14000US36047053200,053200,Midwood,Brooklyn,65972,72500,6528,9.90,"Increase $5k-$19,999",1
14000US36047053400,053400,Midwood,Brooklyn,39917,83421,43504,108.99,Increase >= $40k,1
14000US36047053800,053800,Midwood,Brooklyn,55027,65556,10529,19.13,"Increase $5k-$19,999",1
14000US36047054400,054400,Midwood,Brooklyn,60707,55938,-4769,-7.86,Roughly unchanged (within +/-$5k),1
14000US36047055000,055000,Madison,Brooklyn,60851,59955,-896,-1.47,Roughly unchanged (within +/-$5k),1
14000US36047055200,055200,Madison,Brooklyn,74395,69861,-4534,-6.09,Roughly unchanged (within +/-$5k),1
14000US36047055800,055800,Madison,Brooklyn,76797,61786,-15011,-19.55,"Decline $5k-$19,999",1
14000US36047056000,056000,Madison,Brooklyn,50833,74104,23271,45.78,"Increase $20k-$39,999",1
14000US36047056200,056200,Madison,Brooklyn,88221,102083,13862,15.71,"Increase $5k-$19,999",1
14000US36047056400,056400,Madison,Brooklyn,82344,86392,4048,4.92,Roughly unchanged (within +/-$5k),1
14000US36047056600,056600,Madison,Brooklyn,83849,69286,-14563,-17.37,"Decline $5k-$19,999",1
14000US36047056800,056800,Madison,Brooklyn,86250,75521,-10729,-12.44,"Decline $5k-$19,999",1
14000US36047057000,057000,Sheepshead Bay-Gerritsen Beach-Manhattan Beach,Brooklyn,75761,80216,4455,5.88,Roughly unchanged (within +/-$5k),1
14000US36047057200,057200,Sheepshead Bay-Gerritsen Beach-Manhattan Beach,Brooklyn,24958,31864,6906,27.67,"Increase $5k-$19,999",1
14000US36047057400,057400,Madison,Brooklyn,85673,92813,7140,8.33,"Increase $5k-$19,999",1
14000US36047057600,057600,Madison,Brooklyn,80625,98750,18125,22.48,"Increase $5k-$19,999",1
14000US36047057800,057800,Madison,Brooklyn,47466,61919,14453,30.45,"Increase $5k-$19,999",1
14000US36047058000,058000,Madison,Brooklyn,61184,38945,-22239,-36.35,"Decline $20k-$39,999",1
14000US36047058600,058600,Sheepshead Bay-Gerritsen Beach-Manhattan Beach,Brooklyn,71758,70167,-1591,-2.22,Roughly unchanged (within +/-$5k),1
14000US36047059200,059200,Sheepshead Bay-Gerritsen Beach-Manhattan Beach,Brooklyn,53177,61944,8767,16.49,"Increase $5k-$19,999",1
14000US36047059401,059401,Sheepshead Bay-Gerritsen Beach-Manhattan Beach,Brooklyn,61283,,,,No data,0
14000US36047059402,059402,Sheepshead Bay-Gerritsen Beach-Manhattan Beach,Brooklyn,97500,68625,-28875,-29.62,"Decline $20k-$39,999",1
14000US36047063200,063200,Sheepshead Bay-Gerritsen Beach-Manhattan Beach,Brooklyn,68182,82941,14759,21.65,"Increase $5k-$19,999",1
14000US36047063600,063600,Georgetown-Marine Park-Bergen Beach-Mill Basin,Brooklyn,109479,148056,38577,35.24,"Increase $20k-$39,999",1
14000US36047063800,063800,Madison,Brooklyn,103438,82188,-21250,-20.54,"Decline $20k-$39,999",1
14000US36047064000,064000,Georgetown-Marine Park-Bergen Beach-Mill Basin,Brooklyn,120885,143214,22329,18.47,"Increase $20k-$39,999",1
14000US36047064600,064600,Georgetown-Marine Park-Bergen Beach-Mill Basin,Brooklyn,95391,99067,3676,3.85,Roughly unchanged (within +/-$5k),1
14000US36047064800,064800,Georgetown-Marine Park-Bergen Beach-Mill Basin,Brooklyn,108438,111406,2968,2.74,Roughly unchanged (within +/-$5k),1
14000US36047065000,065000,Flatlands,Brooklyn,81875,92673,10798,13.19,"Increase $5k-$19,999",1
14000US36047065200,065200,Georgetown-Marine Park-Bergen Beach-Mill Basin,Brooklyn,93050,94000,950,1.02,Roughly unchanged (within +/-$5k),1
14000US36047065400,065400,Georgetown-Marine Park-Bergen Beach-Mill Basin,Brooklyn,97250,118000,20750,21.34,"Increase $20k-$39,999",1
14000US36047065600,065600,Georgetown-Marine Park-Bergen Beach-Mill Basin,Brooklyn,86897,126607,39710,45.70,"Increase $20k-$39,999",1
14000US36047065800,065800,Georgetown-Marine Park-Bergen Beach-Mill Basin,Brooklyn,97188,92014,-5174,-5.32,"Decline $5k-$19,999",1
14000US36047066000,066000,Georgetown-Marine Park-Bergen Beach-Mill Basin,Brooklyn,124821,151719,26898,21.55,"Increase $20k-$39,999",1
14000US36047067000,067000,Georgetown-Marine Park-Bergen Beach-Mill Basin,Brooklyn,81250,91979,10729,13.20,"Increase $5k-$19,999",1
14000US36047067200,067200,Flatlands,Brooklyn,84438,84280,-158,-0.19,Roughly unchanged (within +/-$5k),1
14000US36047067400,067400,Flatlands,Brooklyn,100139,126705,26566,26.53,"Increase $20k-$39,999",1
14000US36047067600,067600,Flatlands,Brooklyn,86129,97750,11621,13.49,"Increase $5k-$19,999",1
14000US36047068000,068000,Flatlands,Brooklyn,85769,114904,29135,33.97,"Increase $20k-$39,999",1
14000US36047068200,068200,Flatlands,Brooklyn,124306,102000,-22306,-17.94,"Decline $20k-$39,999",1
14000US36047068600,068600,Georgetown-Marine Park-Bergen Beach-Mill Basin,Brooklyn,69167,112646,43479,62.86,Increase >= $40k,1
14000US36047068800,068800,Flatlands,Brooklyn,84276,98750,14474,17.17,"Increase $5k-$19,999",1
14000US36047069000,069000,Flatlands,Brooklyn,84856,137650,52794,62.22,Increase >= $40k,1
14000US36047072800,072800,Flatlands,Brooklyn,80082,62333,-17749,-22.16,"Decline $5k-$19,999",1
14000US36047073400,073400,Flatlands,Brooklyn,84750,138750,54000,63.72,Increase >= $40k,1
14000US36047074000,074000,Flatlands,Brooklyn,71250,68125,-3125,-4.39,Roughly unchanged (within +/-$5k),1
14000US36047074800,074800,Midwood,Brooklyn,89917,82266,-7651,-8.51,"Decline $5k-$19,999",1
14000US36047075200,075200,Midwood,Brooklyn,165263,141250,-24013,-14.53,"Decline $20k-$39,999",1
14000US36047076000,076000,Midwood,Brooklyn,67875,75174,7299,10.75,"Increase $5k-$19,999",1
14000US36047076200,076200,Midwood,Brooklyn,54571,54725,154,0.28,Roughly unchanged (within +/-$5k),1
14000US36047076800,076800,Midwood,Brooklyn,51146,73125,21979,42.97,"Increase $20k-$39,999",1
14000US36047078400,078400,East Flatbush-Farragut,Brooklyn,76417,99653,23236,30.41,"Increase $20k-$39,999",1
14000US36047079601,079601,Prospect Lefferts Gardens-Wingate,Brooklyn,62775,81629,18854,30.03,"Increase $5k-$19,999",1
14000US36047080000,080000,Prospect Lefferts Gardens-Wingate,Brooklyn,83750,95769,12019,14.35,"Increase $5k-$19,999",1
14000US36047080400,080400,Prospect Lefferts Gardens-Wingate,Brooklyn,53512,58413,4901,9.16,Roughly unchanged (within +/-$5k),1
14000US36047081400,081400,East Flatbush-Farragut,Brooklyn,43962,86705,42743,97.23,Increase >= $40k,1
14000US36047081800,081800,Erasmus,Brooklyn,74375,76607,2232,3.00,Roughly unchanged (within +/-$5k),1
14000US36047083200,083200,East Flatbush-Farragut,Brooklyn,65406,100161,34755,53.14,"Increase $20k-$39,999",1
14000US36047083600,083600,East Flatbush-Farragut,Brooklyn,68603,96094,27491,40.07,"Increase $20k-$39,999",1
14000US36047083800,083800,East Flatbush-Farragut,Brooklyn,77549,62950,-14599,-18.83,"Decline $5k-$19,999",1
14000US36047084000,084000,East Flatbush-Farragut,Brooklyn,60625,81058,20433,33.70,"Increase $20k-$39,999",1
14000US36047084800,084800,Rugby-Remsen Village,Brooklyn,78125,86012,7887,10.10,"Increase $5k-$19,999",1
14000US36047085000,085000,East Flatbush-Farragut,Brooklyn,66333,124219,57886,87.27,Increase >= $40k,1
14000US36047086200,086200,Rugby-Remsen Village,Brooklyn,46250,50438,4188,9.06,Roughly unchanged (within +/-$5k),1
14000US36047086800,086800,Rugby-Remsen Village,Brooklyn,46318,45764,-554,-1.20,Roughly unchanged (within +/-$5k),1
14000US36047087000,087000,East Flatbush-Farragut,Brooklyn,43952,61136,17184,39.10,"Increase $5k-$19,999",1
14000US36047087800,087800,Prospect Lefferts Gardens-Wingate,Brooklyn,43721,56633,12912,29.53,"Increase $5k-$19,999",1
14000US36047089000,089000,Rugby-Remsen Village,Brooklyn,37746,72535,34789,92.17,"Increase $20k-$39,999",1
14000US36047089600,089600,Brownsville,Brooklyn,37955,,,,No data,0
14000US36047089800,089800,Brownsville,Brooklyn,52206,66976,14770,28.29,"Increase $5k-$19,999",1
14000US36047090200,090200,Brownsville,Brooklyn,36583,42612,6029,16.48,"Increase $5k-$19,999",1
14000US36047091600,091600,Brownsville,Brooklyn,18320,44825,26505,144.68,"Increase $20k-$39,999",1
14000US36047092400,092400,Brownsville,Brooklyn,28509,37271,8762,30.73,"Increase $5k-$19,999",1
14000US36047093000,093000,Rugby-Remsen Village,Brooklyn,75489,105848,30359,40.22,"Increase $20k-$39,999",1
14000US36047096400,096400,Canarsie,Brooklyn,64833,79934,15101,23.29,"Increase $5k-$19,999",1
14000US36047096600,096600,Canarsie,Brooklyn,67667,76174,8507,12.57,"Increase $5k-$19,999",1
14000US36047096800,096800,Canarsie,Brooklyn,93347,106250,12903,13.82,"Increase $5k-$19,999",1
14000US36047097000,097000,Canarsie,Brooklyn,85221,108864,23643,27.74,"Increase $20k-$39,999",1
14000US36047098400,098400,Canarsie,Brooklyn,71875,102200,30325,42.19,"Increase $20k-$39,999",1
14000US36047098600,098600,Canarsie,Brooklyn,73654,95508,21854,29.67,"Increase $20k-$39,999",1
14000US36047099200,099200,Canarsie,Brooklyn,89423,95597,6174,6.90,"Increase $5k-$19,999",1
14000US36047099400,099400,Canarsie,Brooklyn,80259,92738,12479,15.55,"Increase $5k-$19,999",1
14000US36047100400,100400,Canarsie,Brooklyn,57813,67063,9250,16.00,"Increase $5k-$19,999",1
14000US36047100600,100600,Canarsie,Brooklyn,77241,120518,43277,56.03,Increase >= $40k,1
14000US36047100800,100800,Canarsie,Brooklyn,73889,79250,5361,7.26,"Increase $5k-$19,999",1
14000US36047101000,101000,Canarsie,Brooklyn,78583,72115,-6468,-8.23,"Decline $5k-$19,999",1
14000US36047101400,101400,Canarsie,Brooklyn,85250,67961,-17289,-20.28,"Decline $5k-$19,999",1
14000US36047101600,101600,Canarsie,Brooklyn,100391,179803,79412,79.10,Increase >= $40k,1
14000US36047102000,102000,Canarsie,Brooklyn,104148,138672,34524,33.15,"Increase $20k-$39,999",1
14000US36047102400,102400,Canarsie,Brooklyn,96875,72955,-23920,-24.69,"Decline $20k-$39,999",1
14000US36047102600,102600,Canarsie,Brooklyn,103229,89055,-14174,-13.73,"Decline $5k-$19,999",1
14000US36047111000,111000,East New York,Brooklyn,21060,35174,14114,67.02,"Increase $5k-$19,999",1
14000US36047112400,112400,East New York,Brooklyn,45213,65472,20259,44.81,"Increase $20k-$39,999",1
14000US36047112600,112600,East New York (Pennsylvania Ave),Brooklyn,28149,52039,23890,84.87,"Increase $20k-$39,999",1
14000US36047112800,112800,East New York (Pennsylvania Ave),Brooklyn,35398,50426,15028,42.45,"Increase $5k-$19,999",1
14000US36047113000,113000,East New York (Pennsylvania Ave),Brooklyn,44872,51938,7066,15.75,"Increase $5k-$19,999",1
14000US36047113400,113400,East New York (Pennsylvania Ave),Brooklyn,25469,47994,22525,88.44,"Increase $20k-$39,999",1
14000US36047115600,115600,East New York (Pennsylvania Ave),Brooklyn,21301,,,,No data,0
14000US36047116000,116000,East New York,Brooklyn,37600,63839,26239,69.78,"Increase $20k-$39,999",1
14000US36047116400,116400,East New York,Brooklyn,50853,76713,25860,50.85,"Increase $20k-$39,999",1
14000US36047117000,117000,East New York,Brooklyn,42411,27840,-14571,-34.36,"Decline $5k-$19,999",1
14000US36047117201,117201,Cypress Hills-City Line,Brooklyn,62750,73214,10464,16.68,"Increase $5k-$19,999",1
14000US36047117202,117202,Cypress Hills-City Line,Brooklyn,49615,78190,28575,57.59,"Increase $20k-$39,999",1
14000US36047119400,119400,East New York,Brooklyn,44444,84332,39888,89.75,"Increase $20k-$39,999",1
14000US36005003800,003800,Soundview-Castle Hill-Clason Point-Harding Park,Bronx,33681,54214,20533,60.96,"Increase $20k-$39,999",1
14000US36005004001,004001,Soundview-Bruckner,Bronx,54868,78935,24067,43.86,"Increase $20k-$39,999",1
14000US36005004400,004400,Soundview-Bruckner,Bronx,17297,24375,7078,40.92,"Increase $5k-$19,999",1
14000US36005004800,004800,Soundview-Bruckner,Bronx,33403,35870,2467,7.39,Roughly unchanged (within +/-$5k),1
14000US36005006800,006800,Soundview-Bruckner,Bronx,54395,32550,-21845,-40.16,"Decline $20k-$39,999",1
14000US36005007000,007000,Soundview-Bruckner,Bronx,50500,40417,-10083,-19.97,"Decline $5k-$19,999",1
14000US36005012500,012500,Morrisania-Melrose,Bronx,34903,55772,20869,59.79,"Increase $20k-$39,999",1
14000US36005016200,016200,Schuylerville-Throgs Neck-Edgewater Park,Bronx,81210,121645,40435,49.79,Increase >= $40k,1
14000US36005017500,017500,East Concourse-Concourse Village,Bronx,26630,18474,-8156,-30.63,"Decline $5k-$19,999",1
14000US36005017902,017902,East Concourse-Concourse Village,Bronx,37250,42870,5620,15.09,"Increase $5k-$19,999",1
14000US36005022102,022102,West Concourse,Bronx,32792,33614,822,2.51,Roughly unchanged (within +/-$5k),1
14000US36005022300,022300,West Concourse,Bronx,26761,45257,18496,69.12,"Increase $5k-$19,999",1
14000US36005023200,023200,Van Nest-Morris Park-Westchester Square,Bronx,56528,50893,-5635,-9.97,"Decline $5k-$19,999",1
14000US36005024600,024600,Pelham Parkway,Bronx,65473,97115,31642,48.33,"Increase $20k-$39,999",1
14000US36005025400,025400,Van Nest-Morris Park-Westchester Square,Bronx,52853,90108,37255,70.49,"Increase $20k-$39,999",1
14000US36005028700,028700,Spuyten Duyvil-Kingsbridge,Bronx,56518,62500,5982,10.58,"Increase $5k-$19,999",1
14000US36005030100,030100,Spuyten Duyvil-Kingsbridge,Bronx,84375,80357,-4018,-4.76,Roughly unchanged (within +/-$5k),1
14000US36005031200,031200,Allerton-Pelham Gardens,Bronx,98250,108056,9806,9.98,"Increase $5k-$19,999",1
14000US36005031400,031400,Allerton-Pelham Gardens,Bronx,92396,111800,19404,21.00,"Increase $5k-$19,999",1
14000US36005039800,039800,Williamsbridge-Olinville,Bronx,80024,28491,-51533,-64.40,Decline >= $40k,1
14000US36005040303,040303,Van Cortlandt Village,Bronx,37043,42750,5707,15.41,"Increase $5k-$19,999",1
14000US36005040304,040304,Van Cortlandt Village,Bronx,25897,36913,11016,42.54,"Increase $5k-$19,999",1
14000US36005040400,040400,Williamsbridge-Olinville,Bronx,79442,65451,-13991,-17.61,"Decline $5k-$19,999",1
14000US36005040501,040501,Bedford Park-Fordham North,Bronx,37935,42386,4451,11.73,Roughly unchanged (within +/-$5k),1
14000US36005040502,040502,Bedford Park-Fordham North,Bronx,29670,38884,9214,31.05,"Increase $5k-$19,999",1
14000US36005040600,040600,Williamsbridge-Olinville,Bronx,49671,48857,-814,-1.64,Roughly unchanged (within +/-$5k),1
14000US36005040701,040701,Van Cortlandt Village,Bronx,34695,46188,11493,33.13,"Increase $5k-$19,999",1
14000US36005042200,042200,Williamsbridge-Olinville,Bronx,60500,75201,14701,24.30,"Increase $5k-$19,999",1
14000US36005042300,042300,Norwood,Bronx,38802,71422,32620,84.07,"Increase $20k-$39,999",1
14000US36005042400,042400,Williamsbridge-Olinville,Bronx,86422,106468,20046,23.20,"Increase $20k-$39,999",1
14000US36005042800,042800,Woodlawn-Wakefield,Bronx,82599,168646,86047,104.17,Increase >= $40k,1
14000US36005042902,042902,Norwood,Bronx,35956,44663,8707,24.22,"Increase $5k-$19,999",1
14000US36005043000,043000,Woodlawn-Wakefield,Bronx,63324,85074,21750,34.35,"Increase $20k-$39,999",1
14000US36005043400,043400,Woodlawn-Wakefield,Bronx,62000,76036,14036,22.64,"Increase $5k-$19,999",1
14000US36005043600,043600,Woodlawn-Wakefield,Bronx,66250,84735,18485,27.90,"Increase $5k-$19,999",1
14000US36081001000,001000,Woodhaven,Queens,97702,85625,-12077,-12.36,"Decline $5k-$19,999",1
14000US36081001600,001600,Woodhaven,Queens,83816,77500,-6316,-7.54,"Decline $5k-$19,999",1
14000US36081002800,002800,Richmond Hill,Queens,59398,89545,30147,50.75,"Increase $20k-$39,999",1
14000US36081003100,003100,Queensbridge-Ravenswood-Long Island City,Queens,81635,121908,40273,49.33,Increase >= $40k,1
14000US36081005100,005100,Queensbridge-Ravenswood-Long Island City,Queens,50868,90104,39236,77.13,"Increase $20k-$39,999",1
14000US36081006502,006502,Astoria,Queens,84070,80539,-3531,-4.20,Roughly unchanged (within +/-$5k),1
14000US36081009400,009400,South Ozone Park,Queens,62308,73636,11328,18.18,"Increase $5k-$19,999",1
14000US36081010200,010200,South Ozone Park,Queens,67404,107270,39866,59.14,"Increase $20k-$39,999",1
14000US36081010400,010400,South Ozone Park,Queens,67083,95781,28698,42.78,"Increase $20k-$39,999",1
14000US36081011200,011200,Richmond Hill,Queens,63472,69030,5558,8.76,"Increase $5k-$19,999",1
14000US36081011300,011300,Steinway,Queens,83146,87393,4247,5.11,Roughly unchanged (within +/-$5k),1
14000US36081011400,011400,Richmond Hill,Queens,49223,121442,72219,146.72,Increase >= $40k,1
14000US36081011700,011700,Steinway,Queens,85833,125550,39717,46.27,"Increase $20k-$39,999",1
14000US36081011900,011900,Steinway,Queens,68897,84886,15989,23.21,"Increase $5k-$19,999",1
14000US36081012100,012100,Steinway,Queens,83056,108125,25069,30.18,"Increase $20k-$39,999",1
14000US36081012400,012400,Richmond Hill,Queens,76758,71435,-5323,-6.93,"Decline $5k-$19,999",1
14000US36081012601,012601,Richmond Hill,Queens,73634,82450,8816,11.97,"Increase $5k-$19,999",1
14000US36081012602,012602,Richmond Hill,Queens,54899,79531,24632,44.87,"Increase $20k-$39,999",1
14000US36081012800,012800,Richmond Hill,Queens,66250,103750,37500,56.60,"Increase $20k-$39,999",1
14000US36081014000,014000,Kew Gardens,Queens,71439,117631,46192,64.66,Increase >= $40k,1
14000US36081014300,014300,Astoria,Queens,70197,95446,25249,35.97,"Increase $20k-$39,999",1
14000US36081014500,014500,Astoria,Queens,74926,88462,13536,18.07,"Increase $5k-$19,999",1
14000US36081014700,014700,Astoria,Queens,83333,94180,10847,13.02,"Increase $5k-$19,999",1
14000US36081014900,014900,Astoria,Queens,69659,66000,-3659,-5.25,Roughly unchanged (within +/-$5k),1
14000US36081015300,015300,Astoria,Queens,80161,88636,8475,10.57,"Increase $5k-$19,999",1
14000US36081015400,015400,Richmond Hill,Queens,75118,69414,-5704,-7.59,"Decline $5k-$19,999",1
14000US36081015600,015600,Richmond Hill,Queens,69152,79063,9911,14.33,"Increase $5k-$19,999",1
14000US36081015802,015802,South Ozone Park,Queens,85494,105149,19655,22.99,"Increase $5k-$19,999",1
14000US36081016800,016800,South Ozone Park,Queens,96607,108173,11566,11.97,"Increase $5k-$19,999",1
14000US36081017200,017200,South Ozone Park,Queens,70804,74760,3956,5.59,Roughly unchanged (within +/-$5k),1
14000US36081025900,025900,Woodside,Queens,70337,61289,-9048,-12.86,"Decline $5k-$19,999",1
14000US36081026901,026901,Elmhurst,Queens,57359,58163,804,1.40,Roughly unchanged (within +/-$5k),1
14000US36081026902,026902,Elmhurst,Queens,51406,53694,2288,4.45,Roughly unchanged (within +/-$5k),1
14000US36081027100,027100,Elmhurst,Queens,54665,,,,No data,0
14000US36081027400,027400,Baisley Park,Queens,75380,65234,-10146,-13.46,"Decline $5k-$19,999",1
14000US36081027500,027500,Jackson Heights,Queens,53764,66971,13207,24.56,"Increase $5k-$19,999",1
14000US36081027700,027700,Jackson Heights,Queens,51901,,,,No data,0
14000US36081027900,027900,Jackson Heights,Queens,60911,81417,20506,33.67,"Increase $20k-$39,999",1
14000US36081028000,028000,St. Albans,Queens,64911,80286,15375,23.69,"Increase $5k-$19,999",1
14000US36081028300,028300,Jackson Heights,Queens,65929,79340,13411,20.34,"Increase $5k-$19,999",1
14000US36081028500,028500,Jackson Heights,Queens,78508,126991,48483,61.76,Increase >= $40k,1
14000US36081028900,028900,Jackson Heights,Queens,68089,83870,15781,23.18,"Increase $5k-$19,999",1
14000US36081032700,032700,Jackson Heights,Queens,58145,88167,30022,51.63,"Increase $20k-$39,999",1
14000US36081035100,035100,Jackson Heights,Queens,46920,85284,38364,81.76,"Increase $20k-$39,999",1
14000US36081037700,037700,North Corona,Queens,71728,81797,10069,14.04,"Increase $5k-$19,999",1
14000US36081037900,037900,North Corona,Queens,72799,80927,8128,11.16,"Increase $5k-$19,999",1
14000US36081039400,039400,St. Albans,Queens,79650,100833,21183,26.60,"Increase $20k-$39,999",1
14000US36081040000,040000,St. Albans,Queens,100813,112560,11747,11.65,"Increase $5k-$19,999",1
14000US36081040200,040200,St. Albans,Queens,101538,103214,1676,1.65,Roughly unchanged (within +/-$5k),1
14000US36081040300,040300,North Corona,Queens,60550,,,,No data,0
14000US36081041300,041300,Corona,Queens,55046,72519,17473,31.74,"Increase $5k-$19,999",1
14000US36081041500,041500,Corona,Queens,51203,63411,12208,23.84,"Increase $5k-$19,999",1
14000US36081043400,043400,South Jamaica,Queens,104063,95057,-9006,-8.65,"Decline $5k-$19,999",1
14000US36081044301,044301,Corona,Queens,21699,36467,14768,68.06,"Increase $5k-$19,999",1
14000US36081044602,044602,Jamaica,Queens,41415,45688,4273,10.32,Roughly unchanged (within +/-$5k),1
14000US36081044800,044800,Briarwood-Jamaica Hills,Queens,64500,72371,7871,12.20,"Increase $5k-$19,999",1
14000US36081045700,045700,Elmhurst,Queens,59318,82176,22858,38.53,"Increase $20k-$39,999",1
14000US36081045900,045900,Elmhurst,Queens,74375,72279,-2096,-2.82,Roughly unchanged (within +/-$5k),1
14000US36081046700,046700,Elmhurst,Queens,40152,77246,37094,92.38,"Increase $20k-$39,999",1
14000US36081046900,046900,Elmhurst,Queens,44450,,,,No data,0
14000US36081049600,049600,Queens Village,Queens,93295,91991,-1304,-1.40,Roughly unchanged (within +/-$5k),1
14000US36081050202,050202,Hollis,Queens,76313,85147,8834,11.58,"Increase $5k-$19,999",1
14000US36081050800,050800,Hollis,Queens,64920,77040,12120,18.67,"Increase $5k-$19,999",1
14000US36081051800,051800,St. Albans,Queens,77462,124423,46961,60.62,Increase >= $40k,1
14000US36081052000,052000,St. Albans,Queens,76576,105163,28587,37.33,"Increase $20k-$39,999",1
14000US36081052400,052400,St. Albans,Queens,91172,112838,21666,23.76,"Increase $20k-$39,999",1
14000US36081052600,052600,St. Albans,Queens,76731,96695,19964,26.02,"Increase $5k-$19,999",1
14000US36081053000,053000,St. Albans,Queens,81848,102381,20533,25.09,"Increase $20k-$39,999",1
14000US36081053601,053601,Queens Village,Queens,101136,,,,No data,0
14000US36081054000,054000,Queens Village,Queens,69191,102174,32983,47.67,"Increase $20k-$39,999",1
14000US36081054200,054200,Queens Village,Queens,72966,94125,21159,29.00,"Increase $20k-$39,999",1
14000US36081054500,054500,Ridgewood,Queens,59187,66076,6889,11.64,"Increase $5k-$19,999",1
14000US36081055100,055100,Ridgewood,Queens,75280,80268,4988,6.63,Roughly unchanged (within +/-$5k),1
14000US36081055600,055600,Queens Village,Queens,77829,135052,57223,73.52,Increase >= $40k,1
14000US36081055800,055800,Queens Village,Queens,95735,78672,-17063,-17.82,"Decline $5k-$19,999",1
14000US36081058500,058500,Ridgewood,Queens,79898,101157,21259,26.61,"Increase $20k-$39,999",1
14000US36081058700,058700,Ridgewood,Queens,69358,100385,31027,44.73,"Increase $20k-$39,999",1
14000US36081058900,058900,Ridgewood,Queens,62083,60224,-1859,-2.99,Roughly unchanged (within +/-$5k),1
14000US36081059100,059100,Ridgewood,Queens,70867,53832,-17035,-24.04,"Decline $5k-$19,999",1
14000US36081059900,059900,Maspeth,Queens,65446,120979,55533,84.85,Increase >= $40k,1
14000US36081060600,060600,Cambria Heights,Queens,88214,131250,43036,48.79,Increase >= $40k,1
14000US36081061400,061400,Cambria Heights,Queens,125114,132159,7045,5.63,"Increase $5k-$19,999",1
14000US36081062700,062700,Glendale,Queens,76859,76439,-420,-0.55,Roughly unchanged (within +/-$5k),1
14000US36081065702,065702,Middle Village,Queens,71382,74821,3439,4.82,Roughly unchanged (within +/-$5k),1
14000US36081065703,065703,Middle Village,Queens,85795,122434,36639,42.71,"Increase $20k-$39,999",1
14000US36081066000,066000,Rosedale,Queens,68403,137843,69440,101.52,Increase >= $40k,1
14000US36081067100,067100,Middle Village,Queens,108438,121266,12828,11.83,"Increase $5k-$19,999",1
14000US36081067700,067700,Middle Village,Queens,101000,100313,-687,-0.68,Roughly unchanged (within +/-$5k),1
14000US36081069300,069300,Rego Park,Queens,62476,57099,-5377,-8.61,"Decline $5k-$19,999",1
14000US36081069500,069500,Rego Park,Queens,73984,91591,17607,23.80,"Increase $5k-$19,999",1
14000US36081069701,069701,Rego Park,Queens,86875,102500,15625,17.99,"Increase $5k-$19,999",1
14000US36081071900,071900,Forest Hills,Queens,45924,62408,16484,35.89,"Increase $5k-$19,999",1
14000US36081072100,072100,Forest Hills,Queens,63561,100976,37415,58.86,"Increase $20k-$39,999",1
14000US36081072900,072900,Forest Hills,Queens,128867,104767,-24100,-18.70,"Decline $20k-$39,999",1
14000US36081073900,073900,Forest Hills,Queens,97716,116815,19099,19.55,"Increase $5k-$19,999",1
14000US36081074100,074100,Forest Hills,Queens,78750,96894,18144,23.04,"Increase $5k-$19,999",1
14000US36081074300,074300,Forest Hills,Queens,69138,66972,-2166,-3.13,Roughly unchanged (within +/-$5k),1
14000US36081079900,079900,Queensboro Hill,Queens,46597,48980,2383,5.11,Roughly unchanged (within +/-$5k),1
14000US36081103300,103300,Whitestone,Queens,87566,123810,36244,41.39,"Increase $20k-$39,999",1
14000US36081114700,114700,Murray Hill,Queens,89423,102135,12712,14.22,"Increase $5k-$19,999",1
14000US36081115700,115700,Murray Hill,Queens,45250,64153,18903,41.77,"Increase $5k-$19,999",1
14000US36081116100,116100,Flushing,Queens,26783,43417,16634,62.11,"Increase $5k-$19,999",1
14000US36081117500,117500,Murray Hill,Queens,62639,78098,15459,24.68,"Increase $5k-$19,999",1
14000US36081118700,118700,East Flushing,Queens,45867,71657,25790,56.23,"Increase $20k-$39,999",1
14000US36081119300,119300,East Flushing,Queens,52000,54273,2273,4.37,Roughly unchanged (within +/-$5k),1
14000US36081119500,119500,East Flushing,Queens,84279,94010,9731,11.55,"Increase $5k-$19,999",1
14000US36081120300,120300,East Flushing,Queens,60179,61000,821,1.36,Roughly unchanged (within +/-$5k),1
14000US36081120500,120500,East Flushing,Queens,24826,26563,1737,7.00,Roughly unchanged (within +/-$5k),1
14000US36081133900,133900,Fresh Meadows-Utopia,Queens,117407,129934,12527,10.67,"Increase $5k-$19,999",1
14000US36081145102,145102,Bayside-Bayside Hills,Queens,93000,93523,523,0.56,Roughly unchanged (within +/-$5k),1
14000US36081157901,157901,Glen Oaks-Floral Park-New Hyde Park,Queens,102725,133542,30817,30.00,"Increase $20k-$39,999",1
14000US36081003200,003200,Woodhaven,Queens,53600,130160,76560,142.84,Increase >= $40k,1
14000US36005036901,036901,East Tremont,Bronx,22273,16232,-6041,-27.12,"Decline $5k-$19,999",1
14000US36005036902,036902,East Tremont,Bronx,16293,36484,20191,123.92,"Increase $20k-$39,999",1
14000US36005040302,040302,Bedford Park-Fordham North,Bronx,37759,37756,-3,-0.01,Roughly unchanged (within +/-$5k),1
14000US36005026702,026702,Van Cortlandt Village,Bronx,35557,75924,40367,113.53,Increase >= $40k,1
14000US36081018800,018800,Baisley Park,Queens,81579,84688,3109,3.81,Roughly unchanged (within +/-$5k),1
14000US36081019200,019200,Baisley Park,Queens,64627,93403,28776,44.53,"Increase $20k-$39,999",1
14000US36081017400,017400,South Ozone Park,Queens,77875,121759,43884,56.35,Increase >= $40k,1
14000US36081017600,017600,South Ozone Park,Queens,68167,83906,15739,23.09,"Increase $5k-$19,999",1
14000US36081028400,028400,Baisley Park,Queens,90257,72633,-17624,-19.53,"Decline $5k-$19,999",1
14000US36081017000,017000,South Ozone Park,Queens,70147,108229,38082,54.29,"Increase $20k-$39,999",1
14000US36081019400,019400,South Jamaica,Queens,75069,100938,25869,34.46,"Increase $20k-$39,999",1
14000US36047097400,097400,Canarsie,Brooklyn,64099,88688,24589,38.36,"Increase $20k-$39,999",1
14000US36047044500,044500,Bushwick North,Brooklyn,69414,86717,17303,24.93,"Increase $5k-$19,999",1
14000US36047006600,006600,Bay Ridge,Brooklyn,70250,98158,27908,39.73,"Increase $20k-$39,999",1
14000US36005032800,032800,Bronxdale,Bronx,29219,49720,20501,70.16,"Increase $20k-$39,999",1
14000US36047034900,034900,Crown Heights North,Brooklyn,41061,,,,No data,0
14000US36047035100,035100,Crown Heights North,Brooklyn,44624,,,,No data,0
14000US36081005500,005500,Queensbridge-Ravenswood-Long Island City,Queens,71628,81310,9682,13.52,"Increase $5k-$19,999",1
14000US36061011900,011900,Midtown-Midtown South,Manhattan,17568,18050,482,2.74,Roughly unchanged (within +/-$5k),1
14000US36061012500,012500,Midtown-Midtown South,Manhattan,120240,171250,51010,42.42,Increase >= $40k,1
14000US36061029300,029300,Marble Hill-Inwood,Manhattan,42525,35987,-6538,-15.37,"Decline $5k-$19,999",1
14000US36047020000,020000,Dyker Heights,Brooklyn,75438,98214,22776,30.19,"Increase $20k-$39,999",1
14000US36047020200,020200,Dyker Heights,Brooklyn,89000,79643,-9357,-10.51,"Decline $5k-$19,999",1
14000US36005015800,015800,Schuylerville-Throgs Neck-Edgewater Park,Bronx,55700,87656,31956,57.37,"Increase $20k-$39,999",1
14000US36005015200,015200,Schuylerville-Throgs Neck-Edgewater Park,Bronx,73929,81875,7946,10.75,"Increase $5k-$19,999",1
14000US36047083400,083400,East Flatbush-Farragut,Brooklyn,53578,121000,67422,125.84,Increase >= $40k,1
14000US36047085400,085400,East Flatbush-Farragut,Brooklyn,59531,78828,19297,32.42,"Increase $5k-$19,999",1
14000US36005044800,044800,Woodlawn-Wakefield,Bronx,96875,104094,7219,7.45,"Increase $5k-$19,999",1
14000US36005034400,034400,Allerton-Pelham Gardens,Bronx,63017,79167,16150,25.63,"Increase $5k-$19,999",1
14000US36047025901,025901,Bedford,Brooklyn,59762,90000,30238,50.60,"Increase $20k-$39,999",1
14000US36047025902,025902,Bedford,Brooklyn,18167,,,,No data,0
14000US36005022404,022404,Pelham Parkway,Bronx,53346,61760,8414,15.77,"Increase $5k-$19,999",1
14000US36081094700,094700,College Point,Queens,67625,85819,18194,26.90,"Increase $5k-$19,999",1
14000US36081140300,140300,Bayside-Bayside Hills,Queens,80457,71842,-8615,-10.71,"Decline $5k-$19,999",1
14000US36081061302,061302,Ridgewood,Queens,,,,,No data,0
14000US36081062300,062300,Glendale,Queens,87333,77563,-9770,-11.19,"Decline $5k-$19,999",1
14000US36081062500,062500,Glendale,Queens,86607,83631,-2976,-3.44,Roughly unchanged (within +/-$5k),1
14000US36081074500,074500,Forest Hills,Queens,44006,63268,19262,43.77,"Increase $5k-$19,999",1
14000US36081114100,114100,Murray Hill,Queens,99583,121579,21996,22.09,"Increase $20k-$39,999",1
14000US36081045000,045000,Briarwood-Jamaica Hills,Queens,84435,148424,63989,75.78,Increase >= $40k,1
14000US36081122300,122300,Pomonok-Flushing Heights-Hillcrest,Queens,69317,96313,26996,38.95,"Increase $20k-$39,999",1
14000US36081134100,134100,Fresh Meadows-Utopia,Queens,90000,59033,-30967,-34.41,"Decline $20k-$39,999",1
14000US36081015200,015200,Richmond Hill,Queens,64643,82093,17450,26.99,"Increase $5k-$19,999",1
14000US36081004700,004700,Astoria,Queens,38542,56333,17791,46.16,"Increase $5k-$19,999",1
14000US36081092500,092500,College Point,Queens,47419,64107,16688,35.19,"Increase $5k-$19,999",1
14000US36047076600,076600,Flatbush,Brooklyn,70156,95563,25407,36.22,"Increase $20k-$39,999",1
14000US36061012000,012000,Upper East Side-Carnegie Hill,Manhattan,199201,192644,-6557,-3.29,"Decline $5k-$19,999",1
14000US36047052900,052900,Williamsburg,Brooklyn,27229,39549,12320,45.25,"Increase $5k-$19,999",1
14000US36081045600,045600,Briarwood-Jamaica Hills,Queens,91346,75357,-15989,-17.50,"Decline $5k-$19,999",1
14000US36005022800,022800,Pelham Parkway,Bronx,58431,83859,25428,43.52,"Increase $20k-$39,999",1
14000US36005027300,027300,Van Cortlandt Village,Bronx,44154,51730,7576,17.16,"Increase $5k-$19,999",1
14000US36005042000,042000,Williamsbridge-Olinville,Bronx,42689,31776,-10913,-25.56,"Decline $5k-$19,999",1
14000US36005040800,040800,Williamsbridge-Olinville,Bronx,31110,41555,10445,33.57,"Increase $5k-$19,999",1
14000US36047025700,025700,Bedford,Brooklyn,69074,88750,19676,28.49,"Increase $5k-$19,999",1
14000US36005026701,026701,Van Cortlandt Village,Bronx,47656,52286,4630,9.72,Roughly unchanged (within +/-$5k),1
14000US36081063301,063301,Glendale,Queens,80156,142768,62612,78.11,Increase >= $40k,1
14000US36005024400,024400,Van Nest-Morris Park-Westchester Square,Bronx,60709,82083,21374,35.21,"Increase $20k-$39,999",1
14000US36081086500,086500,Flushing,Queens,30714,65433,34719,113.04,"Increase $20k-$39,999",1
14000US36081104700,104700,Murray Hill,Queens,55328,66683,11355,20.52,"Increase $5k-$19,999",1
14000US36081115900,115900,Murray Hill,Queens,59125,61776,2651,4.48,Roughly unchanged (within +/-$5k),1
14000US36005022703,022703,Mount Hope,Bronx,60938,60694,-244,-0.40,Roughly unchanged (within +/-$5k),1
14000US36005022702,022702,Mount Hope,Bronx,26554,34145,7591,28.59,"Increase $5k-$19,999",1
14000US36085017009,017009,Arden Heights,Staten Island,93125,124196,31071,33.36,"Increase $20k-$39,999",1
14000US36061015001,015001,Upper East Side-Carnegie Hill,Manhattan,161776,194659,32883,20.33,"Increase $20k-$39,999",1
14000US36081004500,004500,Astoria,Queens,76328,97462,21134,27.69,"Increase $20k-$39,999",1
14000US36081005300,005300,Astoria,Queens,86677,113816,27139,31.31,"Increase $20k-$39,999",1
14000US36047117400,117400,Cypress Hills-City Line,Brooklyn,64149,46583,-17566,-27.38,"Decline $5k-$19,999",1
14000US36047117601,117601,Cypress Hills-City Line,Brooklyn,51583,80882,29299,56.80,"Increase $20k-$39,999",1
14000US36047003600,003600,Bay Ridge,Brooklyn,69632,91583,21951,31.52,"Increase $20k-$39,999",1
14000US36047006800,006800,Bay Ridge,Brooklyn,56768,80938,24170,42.58,"Increase $20k-$39,999",1
14000US36081005700,005700,Astoria,Queens,68156,94142,25986,38.13,"Increase $20k-$39,999",1
14000US36081054800,054800,Queens Village,Queens,74167,84601,10434,14.07,"Increase $5k-$19,999",1
14000US36081015700,015700,Astoria,Queens,62500,75982,13482,21.57,"Increase $5k-$19,999",1
14000US36047051100,051100,East Williamsburg,Brooklyn,48476,88457,39981,82.48,"Increase $20k-$39,999",1
14000US36061022600,022600,Central Harlem North-Polo Grounds,Manhattan,51074,86559,35485,69.48,"Increase $20k-$39,999",1
14000US36047102200,102200,Canarsie,Brooklyn,87604,84063,-3541,-4.04,Roughly unchanged (within +/-$5k),1
14000US36061005501,005501,West Village,Manhattan,161004,214306,53302,33.11,Increase >= $40k,1
14000US36005026500,026500,Kingsbridge Heights,Bronx,41187,71688,30501,74.05,"Increase $20k-$39,999",1
14000US36047043800,043800,Ocean Parkway South,Brooklyn,46167,70066,23899,51.77,"Increase $20k-$39,999",1
14000US36005038200,038200,Williamsbridge-Olinville,Bronx,46806,83125,36319,77.59,"Increase $20k-$39,999",1
14000US36047049400,049400,Kensington-Ocean Parkway,Brooklyn,76513,97625,21112,27.59,"Increase $20k-$39,999",1
14000US36081049200,049200,Jamaica Estates-Holliswood,Queens,74150,,,,No data,0
14000US36081012200,012200,Richmond Hill,Queens,72552,118015,45463,62.66,Increase >= $40k,1
14000US36081015000,015000,Richmond Hill,Queens,92438,91116,-1322,-1.43,Roughly unchanged (within +/-$5k),1
14000US36047038500,038500,Stuyvesant Heights,Brooklyn,79107,114375,35268,44.58,"Increase $20k-$39,999",1
14000US36081012000,012000,Richmond Hill,Queens,62105,82500,20395,32.84,"Increase $20k-$39,999",1
14000US36081014800,014800,Richmond Hill,Queens,64901,,,,No data,0
14000US36047014900,014900,Park Slope-Gowanus,Brooklyn,140481,,,,No data,0
14000US36047014700,014700,Sunset Park West,Brooklyn,97589,162847,65258,66.87,Increase >= $40k,1
14000US36081146700,146700,Bayside-Bayside Hills,Queens,88412,106538,18126,20.50,"Increase $5k-$19,999",1
14000US36061000100,000100,park-cemetery-etc-Manhattan,Manhattan,,,,,No data,0
14000US36047044800,044800,Ocean Parkway South,Brooklyn,60921,96639,35718,58.63,"Increase $20k-$39,999",1
14000US36047080200,080200,Prospect Lefferts Gardens-Wingate,Brooklyn,62050,98942,36892,59.46,"Increase $20k-$39,999",1
14000US36047075800,075800,Midwood,Brooklyn,86250,69662,-16588,-19.23,"Decline $5k-$19,999",1
14000US36081040500,040500,North Corona,Queens,60833,,,,No data,0
14000US36081040700,040700,North Corona,Queens,53211,,,,No data,0
14000US36081040900,040900,North Corona,Queens,56101,,,,No data,0
14000US36061013100,013100,Midtown-Midtown South,Manhattan,119345,136346,17001,14.25,"Increase $5k-$19,999",1
14000US36081025700,025700,Woodside,Queens,71875,95139,23264,32.37,"Increase $20k-$39,999",1
14000US36005021002,021002,Parkchester,Bronx,55961,73188,17227,30.78,"Increase $5k-$19,999",1
14000US36005038800,038800,Williamsbridge-Olinville,Bronx,63017,61000,-2017,-3.20,Roughly unchanged (within +/-$5k),1
14000US36005038600,038600,Eastchester-Edenwald-Baychester,Bronx,51798,68481,16683,32.21,"Increase $5k-$19,999",1
14000US36005004600,004600,Soundview-Castle Hill-Clason Point-Harding Park,Bronx,21360,30714,9354,43.79,"Increase $5k-$19,999",1
14000US36047011200,011200,Sunset Park East,Brooklyn,33673,60348,26675,79.22,"Increase $20k-$39,999",1
14000US36047039400,039400,Homecrest,Brooklyn,46198,62875,16677,36.10,"Increase $5k-$19,999",1
14000US36047041600,041600,Homecrest,Brooklyn,61414,63425,2011,3.27,Roughly unchanged (within +/-$5k),1
14000US36047072000,072000,Flatlands,Brooklyn,78214,76912,-1302,-1.66,Roughly unchanged (within +/-$5k),1
14000US36047072200,072200,Flatlands,Brooklyn,67401,,,,No data,0
14000US36081083800,083800,South Ozone Park,Queens,98484,100354,1870,1.90,Roughly unchanged (within +/-$5k),1
14000US36061017402,017402,East Harlem South,Manhattan,47411,81364,33953,71.61,"Increase $20k-$39,999",1
14000US36081046400,046400,Jamaica Estates-Holliswood,Queens,90227,118472,28245,31.30,"Increase $20k-$39,999",1
14000US36047026500,026500,Bedford,Brooklyn,70707,82088,11381,16.10,"Increase $5k-$19,999",1
14000US36081084601,084601,South Ozone Park,Queens,94297,102692,8395,8.90,"Increase $5k-$19,999",1
14000US36081139900,139900,Bayside-Bayside Hills,Queens,106583,128000,21417,20.09,"Increase $20k-$39,999",1
14000US36081144100,144100,Bayside-Bayside Hills,Queens,108614,111410,2796,2.57,Roughly unchanged (within +/-$5k),1
14000US36005018400,018400,Schuylerville-Throgs Neck-Edgewater Park,Bronx,79191,92273,13082,16.52,"Increase $5k-$19,999",1
14000US36005016400,016400,Schuylerville-Throgs Neck-Edgewater Park,Bronx,80000,69057,-10943,-13.68,"Decline $5k-$19,999",1
14000US36081006900,006900,Old Astoria,Queens,79953,121526,41573,52.00,Increase >= $40k,1
14000US36047015000,015000,Dyker Heights,Brooklyn,76083,63594,-12489,-16.41,"Decline $5k-$19,999",1
14000US36061007000,007000,Murray Hill-Kips Bay,Manhattan,109470,,,,No data,0
14000US36081009500,009500,Steinway,Queens,82500,127946,45446,55.09,Increase >= $40k,1
14000US36081035200,035200,St. Albans,Queens,93750,105139,11389,12.15,"Increase $5k-$19,999",1
14000US36047118201,118201,Cypress Hills-City Line,Brooklyn,64094,82976,18882,29.46,"Increase $5k-$19,999",1
14000US36081041400,041400,South Jamaica,Queens,58885,92939,34054,57.83,"Increase $20k-$39,999",1
14000US36081077908,077908,Kew Gardens Hills,Queens,51500,79265,27765,53.91,"Increase $20k-$39,999",1
14000US36047018300,018300,Fort Greene,Brooklyn,126507,194519,68012,53.76,Increase >= $40k,1
14000US36047018700,018700,Fort Greene,Brooklyn,108661,139231,30570,28.13,"Increase $20k-$39,999",1
14000US36081015801,015801,South Ozone Park,Queens,80507,98387,17880,22.21,"Increase $5k-$19,999",1
14000US36061007200,007200,Murray Hill-Kips Bay,Manhattan,123066,136979,13913,11.31,"Increase $5k-$19,999",1
14000US36081043900,043900,Corona,Queens,35771,68922,33151,92.68,"Increase $20k-$39,999",1
14000US36047036900,036900,Ocean Hill,Brooklyn,35977,48583,12606,35.04,"Increase $5k-$19,999",1
14000US36081145101,145101,Auburndale,Queens,71111,71154,43,0.06,Roughly unchanged (within +/-$5k),1
14000US36081019800,019800,South Jamaica,Queens,67938,68828,890,1.31,Roughly unchanged (within +/-$5k),1
14000US36081019600,019600,South Jamaica,Queens,71548,72000,452,0.63,Roughly unchanged (within +/-$5k),1
14000US36081043701,043701,Corona,Queens,64946,60188,-4758,-7.33,Roughly unchanged (within +/-$5k),1
14000US36081043702,043702,Corona,Queens,44085,66731,22646,51.37,"Increase $20k-$39,999",1
14000US36081025800,025800,South Jamaica,Queens,67875,107442,39567,58.29,"Increase $20k-$39,999",1
14000US36047052300,052300,North Side-South Side,Brooklyn,69950,74454,4504,6.44,Roughly unchanged (within +/-$5k),1
14000US36047037401,037401,Gravesend,Brooklyn,55341,59004,3663,6.62,Roughly unchanged (within +/-$5k),1
14000US36047059000,059000,Sheepshead Bay-Gerritsen Beach-Manhattan Beach,Brooklyn,69250,103619,34369,49.63,"Increase $20k-$39,999",1
14000US36081002400,002400,Richmond Hill,Queens,73250,88421,15171,20.71,"Increase $5k-$19,999",1
14000US36081002600,002600,Richmond Hill,Queens,87019,135267,48248,55.45,Increase >= $40k,1
14000US36081113300,113300,Bayside-Bayside Hills,Queens,103056,111094,8038,7.80,"Increase $5k-$19,999",1
14000US36047059800,059800,Sheepshead Bay-Gerritsen Beach-Manhattan Beach,Brooklyn,75612,81051,5439,7.19,"Increase $5k-$19,999",1
14000US36047017900,017900,Fort Greene,Brooklyn,61311,103836,42525,69.36,Increase >= $40k,1
14000US36047020500,020500,Prospect Heights,Brooklyn,123274,164926,41652,33.79,Increase >= $40k,1
14000US36047032100,032100,Crown Heights South,Brooklyn,57574,86685,29111,50.56,"Increase $20k-$39,999",1
14000US36047024400,024400,Borough Park,Brooklyn,68516,76417,7901,11.53,"Increase $5k-$19,999",1
14000US36047046800,046800,Borough Park,Brooklyn,72750,41343,-31407,-43.17,"Decline $20k-$39,999",1
14000US36047027500,027500,Stuyvesant Heights,Brooklyn,82069,84756,2687,3.27,Roughly unchanged (within +/-$5k),1
14000US36047027700,027700,Stuyvesant Heights,Brooklyn,50290,61042,10752,21.38,"Increase $5k-$19,999",1
14000US36005007400,007400,Soundview-Castle Hill-Clason Point-Harding Park,Bronx,39537,69363,29826,75.44,"Increase $20k-$39,999",1
14000US36005008600,008600,Soundview-Castle Hill-Clason Point-Harding Park,Bronx,21848,22671,823,3.77,Roughly unchanged (within +/-$5k),1
14000US36005022101,022101,West Concourse,Bronx,32600,52176,19576,60.05,"Increase $5k-$19,999",1
14000US36081009800,009800,South Ozone Park,Queens,76917,84458,7541,9.80,"Increase $5k-$19,999",1
14000US36081070700,070700,Forest Hills,Queens,112738,138237,25499,22.62,"Increase $20k-$39,999",1
14000US36047048900,048900,Bushwick South,Brooklyn,24808,26070,1262,5.09,Roughly unchanged (within +/-$5k),1
14000US36061008200,008200,Murray Hill-Kips Bay,Manhattan,141141,162143,21002,14.88,"Increase $20k-$39,999",1
14000US36047079801,079801,Prospect Lefferts Gardens-Wingate,Brooklyn,76838,94375,17537,22.82,"Increase $5k-$19,999",1
14000US36081134700,134700,Fresh Meadows-Utopia,Queens,68485,,,,No data,0
14000US36081040400,040400,St. Albans,Queens,71066,87917,16851,23.71,"Increase $5k-$19,999",1
14000US36081008300,008300,Old Astoria,Queens,60951,94803,33852,55.54,"Increase $20k-$39,999",1
14000US36081062600,062600,Laurelton,Queens,83083,139602,56519,68.03,Increase >= $40k,1
14000US36081021400,021400,Briarwood-Jamaica Hills,Queens,56194,87356,31162,55.45,"Increase $20k-$39,999",1
14000US36047028000,028000,Bath Beach,Brooklyn,75677,95208,19531,25.81,"Increase $5k-$19,999",1
14000US36081014201,014201,Richmond Hill,Queens,68657,70813,2156,3.14,Roughly unchanged (within +/-$5k),1
14000US36081045200,045200,Briarwood-Jamaica Hills,Queens,70625,76071,5446,7.71,"Increase $5k-$19,999",1
14000US36047030700,030700,Crown Heights North,Brooklyn,24502,50049,25547,104.26,"Increase $20k-$39,999",1
14000US36047034700,034700,Crown Heights North,Brooklyn,43849,42457,-1392,-3.17,Roughly unchanged (within +/-$5k),1
14000US36081085700,085700,Flushing,Queens,42841,54914,12073,28.18,"Increase $5k-$19,999",1
14000US36081015100,015100,Astoria,Queens,69083,68932,-151,-0.22,Roughly unchanged (within +/-$5k),1
14000US36061025500,025500,Washington Heights South,Manhattan,66466,78315,11849,17.83,"Increase $5k-$19,999",1
14000US36005034300,034300,North Riverdale-Fieldston-Riverdale,Bronx,78869,76940,-1929,-2.45,Roughly unchanged (within +/-$5k),1
14000US36081042700,042700,Corona,Queens,63781,70921,7140,11.19,"Increase $5k-$19,999",1
14000US36081026000,026000,South Jamaica,Queens,62585,63565,980,1.57,Roughly unchanged (within +/-$5k),1
14000US36081026200,026200,South Jamaica,Queens,72344,83667,11323,15.65,"Increase $5k-$19,999",1
14000US36005021501,021501,University Heights-Morris Heights,Bronx,33750,37171,3421,10.14,Roughly unchanged (within +/-$5k),1
14000US36081018300,018300,Hunters Point-Sunnyside-West Maspeth,Queens,75453,71891,-3562,-4.72,Roughly unchanged (within +/-$5k),1
14000US36081025301,025301,Hunters Point-Sunnyside-West Maspeth,Queens,63864,70664,6800,10.65,"Increase $5k-$19,999",1
14000US36005014400,014400,Schuylerville-Throgs Neck-Edgewater Park,Bronx,22095,30288,8193,37.08,"Increase $5k-$19,999",1
14000US36005026601,026601,Pelham Bay-Country Club-City Island,Bronx,60357,51042,-9315,-15.43,"Decline $5k-$19,999",1
14000US36005026602,026602,Pelham Bay-Country Club-City Island,Bronx,64143,53969,-10174,-15.86,"Decline $5k-$19,999",1
14000US36081010000,010000,South Ozone Park,Queens,109583,114327,4744,4.33,Roughly unchanged (within +/-$5k),1
14000US36047030600,030600,Gravesend,Brooklyn,50833,65985,15152,29.81,"Increase $5k-$19,999",1
14000US36047030300,030300,Ocean Hill,Brooklyn,38571,43275,4704,12.20,Roughly unchanged (within +/-$5k),1
14000US36047079602,079602,Prospect Lefferts Gardens-Wingate,Brooklyn,65714,77370,11656,17.74,"Increase $5k-$19,999",1
14000US36047082000,082000,Prospect Lefferts Gardens-Wingate,Brooklyn,46992,56250,9258,19.70,"Increase $5k-$19,999",1
14000US36047082200,082200,Prospect Lefferts Gardens-Wingate,Brooklyn,51197,85645,34448,67.29,"Increase $20k-$39,999",1
14000US36047078200,078200,East Flatbush-Farragut,Brooklyn,65294,69558,4264,6.53,Roughly unchanged (within +/-$5k),1
14000US36081018101,018101,Hunters Point-Sunnyside-West Maspeth,Queens,63068,78864,15796,25.05,"Increase $5k-$19,999",1
14000US36081018102,018102,Hunters Point-Sunnyside-West Maspeth,Queens,70135,83750,13615,19.41,"Increase $5k-$19,999",1
14000US36081115500,115500,Murray Hill,Queens,51442,109063,57621,112.01,Increase >= $40k,1
14000US36047054600,054600,Midwood,Brooklyn,47344,74651,27307,57.68,"Increase $20k-$39,999",1
14000US36047054800,054800,Madison,Brooklyn,71250,83500,12250,17.19,"Increase $5k-$19,999",1
14000US36047087600,087600,Prospect Lefferts Gardens-Wingate,Brooklyn,43625,48125,4500,10.32,Roughly unchanged (within +/-$5k),1
14000US36047022400,022400,Borough Park,Brooklyn,47995,56105,8110,16.90,"Increase $5k-$19,999",1
14000US36047048800,048800,Kensington-Ocean Parkway,Brooklyn,54067,76110,22043,40.77,"Increase $20k-$39,999",1
14000US36047022600,022600,Borough Park,Brooklyn,46611,86655,40044,85.91,Increase >= $40k,1
14000US36047022800,022800,Borough Park,Brooklyn,35985,55898,19913,55.34,"Increase $5k-$19,999",1
14000US36047049600,049600,Kensington-Ocean Parkway,Brooklyn,77115,66920,-10195,-13.22,"Decline $5k-$19,999",1
14000US36047049800,049800,Kensington-Ocean Parkway,Brooklyn,79583,77692,-1891,-2.38,Roughly unchanged (within +/-$5k),1
14000US36047006400,006400,Bay Ridge,Brooklyn,76694,98846,22152,28.88,"Increase $20k-$39,999",1
14000US36047006200,006200,Bay Ridge,Brooklyn,83387,83500,113,0.14,Roughly unchanged (within +/-$5k),1
14000US36047014800,014800,Dyker Heights,Brooklyn,83068,88787,5719,6.88,"Increase $5k-$19,999",1
14000US36047023400,023400,Borough Park,Brooklyn,32237,37587,5350,16.60,"Increase $5k-$19,999",1
14000US36047011600,011600,Borough Park,Brooklyn,40640,65551,24911,61.30,"Increase $20k-$39,999",1
14000US36047021600,021600,Borough Park,Brooklyn,48716,47950,-766,-1.57,Roughly unchanged (within +/-$5k),1
14000US36047010600,010600,Sunset Park East,Brooklyn,49702,,,,No data,0
14000US36081042400,042400,St. Albans,Queens,90125,95855,5730,6.36,"Increase $5k-$19,999",1
14000US36047051002,051002,Flatbush,Brooklyn,50625,71007,20382,40.26,"Increase $20k-$39,999",1
14000US36047049000,049000,Kensington-Ocean Parkway,Brooklyn,59384,77917,18533,31.21,"Increase $5k-$19,999",1
14000US36047029500,029500,Stuyvesant Heights,Brooklyn,60881,94227,33346,54.77,"Increase $20k-$39,999",1
14000US36047038300,038300,Stuyvesant Heights,Brooklyn,73641,87786,14145,19.21,"Increase $5k-$19,999",1
14000US36047039200,039200,Homecrest,Brooklyn,64500,54483,-10017,-15.53,"Decline $5k-$19,999",1
14000US36081061200,061200,Cambria Heights,Queens,121645,133214,11569,9.51,"Increase $5k-$19,999",1
14000US36081052100,052100,Maspeth,Queens,93500,84009,-9491,-10.15,"Decline $5k-$19,999",1
14000US36081035800,035800,Laurelton,Queens,95000,97128,2128,2.24,Roughly unchanged (within +/-$5k),1
14000US36081064600,064600,Laurelton,Queens,87823,125875,38052,43.33,"Increase $20k-$39,999",1
14000US36047077000,077000,Flatbush,Brooklyn,59231,76921,17690,29.87,"Increase $5k-$19,999",1
14000US36047019900,019900,Clinton Hill,Brooklyn,108333,130688,22355,20.64,"Increase $20k-$39,999",1
14000US36047020100,020100,Clinton Hill,Brooklyn,118285,150978,32693,27.64,"Increase $20k-$39,999",1
14000US36047036100,036100,Ocean Hill,Brooklyn,25694,37035,11341,44.14,"Increase $5k-$19,999",1
14000US36047031100,031100,Crown Heights North,Brooklyn,37014,106845,69831,188.66,Increase >= $40k,1
14000US36047096200,096200,Canarsie,Brooklyn,67024,73750,6726,10.04,"Increase $5k-$19,999",1
14000US36081017800,017800,South Ozone Park,Queens,72708,90096,17388,23.91,"Increase $5k-$19,999",1
14000US36081084000,084000,South Ozone Park,Queens,72418,87614,15196,20.98,"Increase $5k-$19,999",1
14000US36047061003,061003,Brighton Beach,Brooklyn,50887,51054,167,0.33,Roughly unchanged (within +/-$5k),1
14000US36081057700,057700,Glendale,Queens,65607,75750,10143,15.46,"Increase $5k-$19,999",1
14000US36081003000,003000,Woodhaven,Queens,60278,120417,60139,99.77,Increase >= $40k,1
14000US36081023600,023600,Briarwood-Jamaica Hills,Queens,69046,81557,12511,18.12,"Increase $5k-$19,999",1
14000US36081023800,023800,Jamaica,Queens,51823,59938,8115,15.66,"Increase $5k-$19,999",1
14000US36081043200,043200,St. Albans,Queens,77734,92750,15016,19.32,"Increase $5k-$19,999",1
14000US36005035900,035900,East Tremont,Bronx,23750,34472,10722,45.15,"Increase $5k-$19,999",1
14000US36005036100,036100,East Tremont,Bronx,21947,29250,7303,33.28,"Increase $5k-$19,999",1
14000US36081010800,010800,Richmond Hill,Queens,67617,108299,40682,60.17,Increase >= $40k,1
14000US36081027800,027800,Baisley Park,Queens,42857,51992,9135,21.32,"Increase $5k-$19,999",1
14000US36081018200,018200,Baisley Park,Queens,63958,93043,29085,45.48,"Increase $20k-$39,999",1
14000US36081018600,018600,Baisley Park,Queens,65875,94840,28965,43.97,"Increase $20k-$39,999",1
14000US36081052200,052200,St. Albans,Queens,91313,86818,-4495,-4.92,Roughly unchanged (within +/-$5k),1
14000US36081051600,051600,Queens Village,Queens,87773,107500,19727,22.48,"Increase $5k-$19,999",1
14000US36081048400,048400,Hollis,Queens,87014,86726,-288,-0.33,Roughly unchanged (within +/-$5k),1
14000US36005024800,024800,Pelham Parkway,Bronx,69786,61210,-8576,-12.29,"Decline $5k-$19,999",1
14000US36085001100,001100,West New Brighton-New Brighton-St. George,Staten Island,48082,57368,9286,19.31,"Increase $5k-$19,999",1
14000US36081065000,065000,Laurelton,Queens,93409,133482,40073,42.90,Increase >= $40k,1
14000US36005031600,031600,Allerton-Pelham Gardens,Bronx,86048,79263,-6785,-7.89,"Decline $5k-$19,999",1
14000US36005032400,032400,Bronxdale,Bronx,19349,31489,12140,62.74,"Increase $5k-$19,999",1
14000US36005032600,032600,Allerton-Pelham Gardens,Bronx,90656,89323,-1333,-1.47,Roughly unchanged (within +/-$5k),1
14000US36047030200,030200,Bensonhurst East,Brooklyn,65000,76005,11005,16.93,"Increase $5k-$19,999",1
14000US36047018200,018200,Bensonhurst West,Brooklyn,53625,78750,25125,46.85,"Increase $20k-$39,999",1
14000US36047040200,040200,Bensonhurst East,Brooklyn,57404,76250,18846,32.83,"Increase $5k-$19,999",1
14000US36085010500,010500,New Brighton-Silver Lake,Staten Island,69583,96607,27024,38.84,"Increase $20k-$39,999",1
14000US36005040702,040702,Bedford Park-Fordham North,Bronx,37275,33946,-3329,-8.93,Roughly unchanged (within +/-$5k),1
14000US36005031800,031800,Allerton-Pelham Gardens,Bronx,86429,96000,9571,11.07,"Increase $5k-$19,999",1
14000US36005045800,045800,Eastchester-Edenwald-Baychester,Bronx,24341,30453,6112,25.11,"Increase $5k-$19,999",1
14000US36085002900,002900,Stapleton-Rosebank,Staten Island,24779,50189,25410,102.55,"Increase $20k-$39,999",1
14000US36081010100,010100,Steinway,Queens,67273,147308,80035,118.97,Increase >= $40k,1
14000US36081009700,009700,Steinway,Queens,91675,121088,29413,32.08,"Increase $20k-$39,999",1
14000US36085013301,013301,West New Brighton-New Brighton-St. George,Staten Island,9899,33705,23806,240.49,"Increase $20k-$39,999",1
14000US36047116800,116800,East New York,Brooklyn,62375,86563,24188,38.78,"Increase $20k-$39,999",1
14000US36047042500,042500,Bushwick South,Brooklyn,77477,86316,8839,11.41,"Increase $5k-$19,999",1
14000US36047038900,038900,Bushwick South,Brooklyn,74352,98819,24467,32.91,"Increase $20k-$39,999",1
14000US36047072400,072400,Flatlands,Brooklyn,76618,69263,-7355,-9.60,"Decline $5k-$19,999",1
14000US36047112200,112200,East New York (Pennsylvania Ave),Brooklyn,41442,44188,2746,6.63,Roughly unchanged (within +/-$5k),1
14000US36047095600,095600,Canarsie,Brooklyn,67500,85603,18103,26.82,"Increase $5k-$19,999",1
14000US36047098800,098800,Canarsie,Brooklyn,75339,81985,6646,8.82,"Increase $5k-$19,999",1
14000US36047099000,099000,Canarsie,Brooklyn,91964,95326,3362,3.66,Roughly unchanged (within +/-$5k),1
14000US36061022000,022000,Central Harlem South,Manhattan,69926,74151,4225,6.04,Roughly unchanged (within +/-$5k),1
14000US36047101200,101200,Canarsie,Brooklyn,64569,96726,32157,49.80,"Increase $20k-$39,999",1
14000US36047081600,081600,East Flatbush-Farragut,Brooklyn,42938,92784,49846,116.09,Increase >= $40k,1
14000US36061018000,018000,East Harlem North,Manhattan,32194,50560,18366,57.05,"Increase $5k-$19,999",1
14000US36047050900,050900,Williamsburg,Brooklyn,37000,42361,5361,14.49,"Increase $5k-$19,999",1
14000US36047088400,088400,Rugby-Remsen Village,Brooklyn,48664,38594,-10070,-20.69,"Decline $5k-$19,999",1
14000US36047089400,089400,Brownsville,Brooklyn,43795,63125,19330,44.14,"Increase $5k-$19,999",1
14000US36061008900,008900,Hudson Yards-Chelsea-Flatiron-Union Square,Manhattan,106207,102260,-3947,-3.72,Roughly unchanged (within +/-$5k),1
14000US36061009300,009300,Hudson Yards-Chelsea-Flatiron-Union Square,Manhattan,76933,122586,45653,59.34,Increase >= $40k,1
14000US36047037900,037900,Stuyvesant Heights,Brooklyn,46429,67949,21520,46.35,"Increase $20k-$39,999",1
14000US36047035300,035300,Crown Heights North,Brooklyn,47321,,,,No data,0
14000US36047029900,029900,Crown Heights North,Brooklyn,50144,65433,15289,30.49,"Increase $5k-$19,999",1
14000US36047088200,088200,Rugby-Remsen Village,Brooklyn,44623,50754,6131,13.74,"Increase $5k-$19,999",1
14000US36005033600,033600,Bronxdale,Bronx,38387,,,,No data,0
14000US36047101800,101800,Canarsie,Brooklyn,84850,101996,17146,20.21,"Increase $5k-$19,999",1
14000US36081056700,056700,Glendale,Queens,96970,111477,14507,14.96,"Increase $5k-$19,999",1
14000US36047040500,040500,Bushwick South,Brooklyn,63438,69437,5999,9.46,"Increase $5k-$19,999",1
14000US36085027704,027704,Todt Hill-Emerson Hill-Heartland Village-Lighthouse Hill,Staten Island,105341,82315,-23026,-21.86,"Decline $20k-$39,999",1
14000US36085019700,019700,Westerleigh,Staten Island,103000,111250,8250,8.01,"Increase $5k-$19,999",1
14000US36047085800,085800,East Flatbush-Farragut,Brooklyn,61721,83640,21919,35.51,"Increase $20k-$39,999",1
14000US36047085200,085200,park-cemetery-etc-Brooklyn,Brooklyn,,,,,No data,0
14000US36047086000,086000,East Flatbush-Farragut,Brooklyn,63241,77955,14714,23.27,"Increase $5k-$19,999",1
14000US36081062900,062900,Glendale,Queens,80573,101097,20524,25.47,"Increase $20k-$39,999",1
14000US36047040700,040700,park-cemetery-etc-Brooklyn,Brooklyn,,,,,No data,0
14000US36047043700,043700,Bushwick North,Brooklyn,59474,77904,18430,30.99,"Increase $5k-$19,999",1
14000US36081055500,055500,Ridgewood,Queens,64423,86667,22244,34.53,"Increase $20k-$39,999",1
14000US36005013000,013000,Schuylerville-Throgs Neck-Edgewater Park,Bronx,106346,59595,-46751,-43.96,Decline >= $40k,1
14000US36085012100,012100,New Brighton-Silver Lake,Staten Island,108906,202699,93793,86.12,Increase >= $40k,1
14000US36081001200,001200,Woodhaven,Queens,68529,86524,17995,26.26,"Increase $5k-$19,999",1
14000US36047093800,093800,Rugby-Remsen Village,Brooklyn,75357,61827,-13530,-17.95,"Decline $5k-$19,999",1
14000US36061008300,008300,Hudson Yards-Chelsea-Flatiron-Union Square,Manhattan,80221,75000,-5221,-6.51,"Decline $5k-$19,999",1
14000US36081150702,150702,Douglas Manor-Douglaston-Little Neck,Queens,101250,107375,6125,6.05,"Increase $5k-$19,999",1
14000US36005001600,001600,Soundview-Castle Hill-Clason Point-Harding Park,Bronx,34093,52147,18054,52.96,"Increase $5k-$19,999",1
14000US36005004200,004200,Soundview-Castle Hill-Clason Point-Harding Park,Bronx,43293,55404,12111,27.97,"Increase $5k-$19,999",1
14000US36061009400,009400,Midtown-Midtown South,Manhattan,150893,81875,-69018,-45.74,Decline >= $40k,1
14000US36061009600,009600,Midtown-Midtown South,Manhattan,130500,,,,No data,0
14000US36061011201,011201,Midtown-Midtown South,Manhattan,119750,163750,44000,36.74,Increase >= $40k,1
14000US36061011202,011202,Midtown-Midtown South,Manhattan,141563,211563,70000,49.45,Increase >= $40k,1
14000US36061010900,010900,Midtown-Midtown South,Manhattan,167750,163542,-4208,-2.51,Roughly unchanged (within +/-$5k),1
14000US36005006400,006400,West Farms-Bronx River,Bronx,38415,41429,3014,7.85,Roughly unchanged (within +/-$5k),1
14000US36081136700,136700,Oakland Gardens,Queens,89116,82139,-6977,-7.83,"Decline $5k-$19,999",1
14000US36005020900,020900,West Concourse,Bronx,31190,38333,7143,22.90,"Increase $5k-$19,999",1
14000US36005022500,022500,East Concourse-Concourse Village,Bronx,38489,50243,11754,30.54,"Increase $5k-$19,999",1
14000US36005007200,007200,Soundview-Bruckner,Bronx,43197,58244,15047,34.83,"Increase $5k-$19,999",1
14000US36005007600,007600,West Farms-Bronx River,Bronx,46176,53320,7144,15.47,"Increase $5k-$19,999",1
14000US36047055300,055300,North Side-South Side,Brooklyn,120069,144083,24014,20.00,"Increase $20k-$39,999",1
14000US36081056500,056500,Glendale,Queens,71719,129647,57928,80.77,Increase >= $40k,1
14000US36081000800,000800,Woodhaven,Queens,66439,111856,45417,68.36,Increase >= $40k,1
14000US36047051900,051900,North Side-South Side,Brooklyn,143057,221375,78318,54.75,Increase >= $40k,1
14000US36047035000,035000,West Brighton,Brooklyn,42102,56891,14789,35.13,"Increase $5k-$19,999",1
14000US36047036200,036200,Brighton Beach,Brooklyn,42670,52023,9353,21.92,"Increase $5k-$19,999",1
14000US36061018600,018600,Central Harlem South,Manhattan,34600,50862,16262,47.00,"Increase $5k-$19,999",1
14000US36047070000,070000,Georgetown-Marine Park-Bergen Beach-Mill Basin,Brooklyn,92778,95331,2553,2.75,Roughly unchanged (within +/-$5k),1
14000US36061012200,012200,Upper East Side-Carnegie Hill,Manhattan,211705,222909,11204,5.29,"Increase $5k-$19,999",1
14000US36061015002,015002,Upper East Side-Carnegie Hill,Manhattan,214831,243480,28649,13.34,"Increase $20k-$39,999",1
14000US36061016001,016001,Upper East Side-Carnegie Hill,Manhattan,250001,250001,0,0.00,Roughly unchanged (within +/-$5k),1
14000US36061016900,016900,Upper West Side,Manhattan,128250,184268,56018,43.68,Increase >= $40k,1
14000US36061017401,017401,East Harlem South,Manhattan,22217,37975,15758,70.93,"Increase $5k-$19,999",1
14000US36061017200,017200,East Harlem South,Manhattan,33601,34024,423,1.26,Roughly unchanged (within +/-$5k),1
14000US36061016500,016500,Upper West Side,Manhattan,183346,213661,30315,16.53,"Increase $20k-$39,999",1
14000US36047029000,029000,Bensonhurst West,Brooklyn,44318,62731,18413,41.55,"Increase $5k-$19,999",1
14000US36047029600,029600,Bensonhurst West,Brooklyn,56250,66349,10099,17.95,"Increase $5k-$19,999",1
14000US36047012100,012100,Park Slope-Gowanus,Brooklyn,98906,130357,31451,31.80,"Increase $20k-$39,999",1
14000US36047078600,078600,Flatbush,Brooklyn,56781,,,,No data,0
14000US36085027705,027705,Todt Hill-Emerson Hill-Heartland Village-Lighthouse Hill,Staten Island,86397,99803,13406,15.52,"Increase $5k-$19,999",1
14000US36061023100,023100,Hamilton Heights,Manhattan,50149,69949,19800,39.48,"Increase $5k-$19,999",1
14000US36081017900,017900,Hunters Point-Sunnyside-West Maspeth,Queens,48950,,,,No data,0
14000US36047003800,003800,Bay Ridge,Brooklyn,81576,135313,53737,65.87,Increase >= $40k,1
14000US36081066300,066300,Middle Village,Queens,110000,,,,No data,0
14000US36081061800,061800,Laurelton,Queens,81406,112868,31462,38.65,"Increase $20k-$39,999",1
14000US36081063200,063200,Laurelton,Queens,112273,107672,-4601,-4.10,Roughly unchanged (within +/-$5k),1
14000US36005031900,031900,North Riverdale-Fieldston-Riverdale,Bronx,,,,,No data,0
14000US36081155101,155101,Glen Oaks-Floral Park-New Hyde Park,Queens,55313,89931,34618,62.59,"Increase $20k-$39,999",1
14000US36047091800,091800,Brownsville,Brooklyn,19634,45942,26308,133.99,"Increase $20k-$39,999",1
14000US36081075702,075702,Forest Hills,Queens,108990,125316,16326,14.98,"Increase $5k-$19,999",1
14000US36005024501,024501,University Heights-Morris Heights,Bronx,24146,45900,21754,90.09,"Increase $20k-$39,999",1
14000US36047031900,031900,Crown Heights South,Brooklyn,55357,90357,35000,63.23,"Increase $20k-$39,999",1
14000US36047033300,033300,Crown Heights South,Brooklyn,49444,103333,53889,108.99,Increase >= $40k,1
14000US36061013300,013300,Clinton,Manhattan,81239,156829,75590,93.05,Increase >= $40k,1
14000US36061012700,012700,Clinton,Manhattan,91143,120214,29071,31.90,"Increase $20k-$39,999",1
14000US36061010100,010100,Midtown-Midtown South,Manhattan,133409,108304,-25105,-18.82,"Decline $20k-$39,999",1
14000US36061022800,022800,Central Harlem North-Polo Grounds,Manhattan,70650,63413,-7237,-10.24,"Decline $5k-$19,999",1
14000US36061003601,003601,Chinatown,Manhattan,46500,57000,10500,22.58,"Increase $5k-$19,999",1
14000US36061004300,004300,SoHo-TriBeCa-Civic Center-Little Italy,Manhattan,74877,122730,47853,63.91,Increase >= $40k,1
14000US36061016100,016100,Upper West Side,Manhattan,120136,179179,59043,49.15,Increase >= $40k,1
14000US36005030900,030900,North Riverdale-Fieldston-Riverdale,Bronx,107768,117333,9565,8.88,"Increase $5k-$19,999",1
14000US36005013200,013200,Schuylerville-Throgs Neck-Edgewater Park,Bronx,118211,107563,-10648,-9.01,"Decline $5k-$19,999",1
14000US36085018901,018901,Westerleigh,Staten Island,76518,136370,59852,78.22,Increase >= $40k,1
14000US36085025100,025100,Port Richmond,Staten Island,107239,109494,2255,2.10,Roughly unchanged (within +/-$5k),1
14000US36085017300,017300,New Springville-Bloomfield-Travis,Staten Island,36707,55114,18407,50.15,"Increase $5k-$19,999",1
14000US36061015400,015400,Yorkville,Manhattan,100152,,,,No data,0
14000US36081004002,004002,Ozone Park,Queens,64196,49379,-14817,-23.08,"Decline $5k-$19,999",1
14000US36047036001,036001,Brighton Beach,Brooklyn,25265,30877,5612,22.21,"Increase $5k-$19,999",1
14000US36047115800,115800,East New York (Pennsylvania Ave),Brooklyn,35495,80091,44596,125.64,Increase >= $40k,1
14000US36047123700,123700,Bedford,Brooklyn,47798,55861,8063,16.87,"Increase $5k-$19,999",1
14000US36047074200,074200,Flatlands,Brooklyn,62000,80240,18240,29.42,"Increase $5k-$19,999",1
14000US36081152902,152902,Douglas Manor-Douglaston-Little Neck,Queens,75702,129832,54130,71.50,Increase >= $40k,1
14000US36047018501,018501,Fort Greene,Brooklyn,26130,44877,18747,71.75,"Increase $5k-$19,999",1
14000US36061021303,021303,Manhattanville,Manhattan,43983,57119,13136,29.87,"Increase $5k-$19,999",1
14000US36085024401,024401,Charleston-Richmond Valley-Tottenville,Staten Island,76394,176363,99969,130.86,Increase >= $40k,1
14000US36047005000,005000,Bay Ridge,Brooklyn,131042,134013,2971,2.27,Roughly unchanged (within +/-$5k),1
14000US36061006800,006800,Gramercy,Manhattan,128491,128919,428,0.33,Roughly unchanged (within +/-$5k),1
14000US36061017700,017700,Upper West Side,Manhattan,74897,108429,33532,44.77,"Increase $20k-$39,999",1
14000US36061018700,018700,Upper West Side,Manhattan,136146,145459,9313,6.84,"Increase $5k-$19,999",1
14000US36061022200,022200,Central Harlem South,Manhattan,41250,84071,42821,103.81,Increase >= $40k,1
14000US36061003602,003602,East Village,Manhattan,88594,155000,66406,74.96,Increase >= $40k,1
14000US36047005201,005201,Bay Ridge,Brooklyn,,40789,,,No data,0
14000US36047005202,005202,Bay Ridge,Brooklyn,77240,107143,29903,38.71,"Increase $20k-$39,999",1
14000US36081145900,145900,Auburndale,Queens,77868,125962,48094,61.76,Increase >= $40k,1
14000US36061002602,002602,Lower East Side,Manhattan,76028,89970,13942,18.34,"Increase $5k-$19,999",1
14000US36061021800,021800,Central Harlem South,Manhattan,49482,47193,-2289,-4.63,Roughly unchanged (within +/-$5k),1
14000US36005024100,024100,Mount Hope,Bronx,41322,22361,-18961,-45.89,"Decline $5k-$19,999",1
14000US36061005400,005400,Hudson Yards-Chelsea-Flatiron-Union Square,Manhattan,173309,124732,-48577,-28.03,Decline >= $40k,1
14000US36061020701,020701,Morningside Heights,Manhattan,62802,92788,29986,47.75,"Increase $20k-$39,999",1
14000US36061017100,017100,Upper West Side,Manhattan,161979,149587,-12392,-7.65,"Decline $5k-$19,999",1
14000US36005018102,018102,East Concourse-Concourse Village,Bronx,31602,31618,16,0.05,Roughly unchanged (within +/-$5k),1
14000US36061027100,027100,Washington Heights North,Manhattan,72596,71595,-1001,-1.38,Roughly unchanged (within +/-$5k),1
14000US36061029500,029500,Marble Hill-Inwood,Manhattan,73514,87108,13594,18.49,"Increase $5k-$19,999",1
14000US36005002500,002500,Mott Haven-Port Morris,Bronx,23115,35582,12467,53.93,"Increase $5k-$19,999",1
14000US36005003900,003900,Mott Haven-Port Morris,Bronx,25772,25625,-147,-0.57,Roughly unchanged (within +/-$5k),1
14000US36061004000,004000,East Village,Manhattan,87574,,,,No data,0
14000US36005023900,023900,Fordham South,Bronx,27615,37543,9928,35.95,"Increase $5k-$19,999",1
14000US36005002701,002701,Mott Haven-Port Morris,Bronx,18832,20266,1434,7.61,Roughly unchanged (within +/-$5k),1
14000US36005002702,002702,Mott Haven-Port Morris,Bronx,13097,30895,17798,135.89,"Increase $5k-$19,999",1
14000US36061008100,008100,Hudson Yards-Chelsea-Flatiron-Union Square,Manhattan,137070,134538,-2532,-1.85,Roughly unchanged (within +/-$5k),1
14000US36061017500,017500,Upper West Side,Manhattan,165234,154118,-11116,-6.73,"Decline $5k-$19,999",1
14000US36061017300,017300,Upper West Side,Manhattan,135233,162625,27392,20.26,"Increase $20k-$39,999",1
14000US36005041500,041500,Bedford Park-Fordham North,Bronx,43538,50579,7041,16.17,"Increase $5k-$19,999",1
14000US36005023301,023301,Mount Hope,Bronx,30861,37936,7075,22.93,"Increase $5k-$19,999",1
14000US36005017901,017901,East Concourse-Concourse Village,Bronx,39036,47778,8742,22.39,"Increase $5k-$19,999",1
14000US36061019900,019900,Morningside Heights,Manhattan,96282,83929,-12353,-12.83,"Decline $5k-$19,999",1
14000US36081072300,072300,Forest Hills,Queens,118438,181250,62812,53.03,Increase >= $40k,1
14000US36081073700,073700,Forest Hills,Queens,83634,151731,68097,81.42,Increase >= $40k,1
14000US36005022902,022902,Mount Hope,Bronx,34167,47833,13666,40.00,"Increase $5k-$19,999",1
14000US36047061004,061004,Brighton Beach,Brooklyn,34432,40931,6499,18.87,"Increase $5k-$19,999",1
14000US36047061200,061200,Sheepshead Bay-Gerritsen Beach-Manhattan Beach,Brooklyn,92143,141094,48951,53.13,Increase >= $40k,1
14000US36047117800,117800,Cypress Hills-City Line,Brooklyn,45417,59034,13617,29.98,"Increase $5k-$19,999",1
14000US36085004000,004000,Grymes Hill-Clifton-Fox Hills,Staten Island,33984,,,,No data,0
14000US36081065400,065400,Rosedale,Queens,99792,,,,No data,0
14000US36047088800,088800,Rugby-Remsen Village,Brooklyn,60435,55053,-5382,-8.91,"Decline $5k-$19,999",1
14000US36081036600,036600,St. Albans,Queens,68264,75395,7131,10.45,"Increase $5k-$19,999",1
14000US36061008000,008000,Murray Hill-Kips Bay,Manhattan,133960,177105,43145,32.21,Increase >= $40k,1
14000US36081138501,138501,Oakland Gardens,Queens,102926,92132,-10794,-10.49,"Decline $5k-$19,999",1
14000US36047007600,007600,Sunset Park West,Brooklyn,42950,73681,30731,71.55,"Increase $20k-$39,999",1
14000US36047034000,034000,Seagate-Coney Island,Brooklyn,21224,32983,11759,55.40,"Increase $5k-$19,999",1
14000US36047005400,005400,Bay Ridge,Brooklyn,77569,85342,7773,10.02,"Increase $5k-$19,999",1
14000US36081039800,039800,St. Albans,Queens,100063,86948,-13115,-13.11,"Decline $5k-$19,999",1
14000US36081052800,052800,St. Albans,Queens,83250,79542,-3708,-4.45,Roughly unchanged (within +/-$5k),1
14000US36081079000,079000,Baisley Park,Queens,75000,97500,22500,30.00,"Increase $20k-$39,999",1
14000US36081078800,078800,Baisley Park,Queens,93807,105529,11722,12.50,"Increase $5k-$19,999",1
14000US36047002000,002000,Sunset Park West,Brooklyn,45511,81458,35947,78.99,"Increase $20k-$39,999",1
14000US36081137700,137700,Oakland Gardens,Queens,72719,99140,26421,36.33,"Increase $20k-$39,999",1
14000US36047016000,016000,Bay Ridge,Brooklyn,82837,83920,1083,1.31,Roughly unchanged (within +/-$5k),1
14000US36061005800,005800,Hudson Yards-Chelsea-Flatiron-Union Square,Manhattan,207708,206827,-881,-0.42,Roughly unchanged (within +/-$5k),1
14000US36081004300,004300,Queensbridge-Ravenswood-Long Island City,Queens,22939,26814,3875,16.89,Roughly unchanged (within +/-$5k),1
14000US36081008500,008500,Queensbridge-Ravenswood-Long Island City,Queens,48203,82708,34505,71.58,"Increase $20k-$39,999",1
14000US36081077903,077903,Kew Gardens Hills,Queens,80325,96944,16619,20.69,"Increase $5k-$19,999",1
14000US36081053800,053800,Queens Village,Queens,101741,121034,19293,18.96,"Increase $5k-$19,999",1
14000US36081058200,058200,Queens Village,Queens,100505,123583,23078,22.96,"Increase $20k-$39,999",1
14000US36081056600,056600,Queens Village,Queens,77031,71974,-5057,-6.56,"Decline $5k-$19,999",1
14000US36061006700,006700,West Village,Manhattan,107908,131304,23396,21.68,"Increase $20k-$39,999",1
14000US36061007300,007300,West Village,Manhattan,119926,175590,55664,46.42,Increase >= $40k,1
14000US36047036501,036501,Ocean Hill,Brooklyn,46538,67165,20627,44.32,"Increase $20k-$39,999",1
14000US36061003400,003400,East Village,Manhattan,81541,121413,39872,48.90,"Increase $20k-$39,999",1
14000US36061002800,002800,Lower East Side,Manhattan,44199,70691,26492,59.94,"Increase $20k-$39,999",1
14000US36047036400,036400,Brighton Beach,Brooklyn,59712,63480,3768,6.31,Roughly unchanged (within +/-$5k),1
14000US36081071304,071304,Forest Hills,Queens,55363,100238,44875,81.06,Increase >= $40k,1
14000US36005012701,012701,Hunts Point,Bronx,31212,34688,3476,11.14,Roughly unchanged (within +/-$5k),1
14000US36005012102,012102,Hunts Point,Bronx,23244,28200,4956,21.32,Roughly unchanged (within +/-$5k),1
14000US36081064101,064101,Woodhaven,Queens,70769,99393,28624,40.45,"Increase $20k-$39,999",1
14000US36081028700,028700,Jackson Heights,Queens,66016,83108,17092,25.89,"Increase $5k-$19,999",1
14000US36081030903,030903,Jackson Heights,Queens,78590,75728,-2862,-3.64,Roughly unchanged (within +/-$5k),1
14000US36047013200,013200,Dyker Heights,Brooklyn,55865,81429,25564,45.76,"Increase $20k-$39,999",1
14000US36085002002,002002,Grasmere-Arrochar-Ft. Wadsworth,Staten Island,100385,66641,-33744,-33.61,"Decline $20k-$39,999",1
14000US36081065600,065600,Rosedale,Queens,80604,117800,37196,46.15,"Increase $20k-$39,999",1
14000US36081036800,036800,St. Albans,Queens,72000,125882,53882,74.84,Increase >= $40k,1
14000US36081042600,042600,St. Albans,Queens,,,,,No data,0
14000US36081027600,027600,Baisley Park,Queens,57368,111250,53882,93.92,Increase >= $40k,1
14000US36081068200,068200,Laurelton,Queens,89000,89732,732,0.82,Roughly unchanged (within +/-$5k),1
14000US36047016600,016600,Dyker Heights,Brooklyn,113527,114635,1108,0.98,Roughly unchanged (within +/-$5k),1
14000US36081000200,000200,Woodhaven,Queens,70655,84643,13988,19.80,"Increase $5k-$19,999",1
14000US36047118000,118000,park-cemetery-etc-Brooklyn,Brooklyn,,,,,No data,0
14000US36005037400,037400,Williamsbridge-Olinville,Bronx,27695,35785,8090,29.21,"Increase $5k-$19,999",1
14000US36047038100,038100,Crown Heights North,Brooklyn,45667,70867,25200,55.18,"Increase $20k-$39,999",1
14000US36005051600,051600,Pelham Bay-Country Club-City Island,Bronx,96366,,,,No data,0
14000US36081018700,018700,Hunters Point-Sunnyside-West Maspeth,Queens,70326,89479,19153,27.23,"Increase $5k-$19,999",1
14000US36081018900,018900,Hunters Point-Sunnyside-West Maspeth,Queens,72453,93333,20880,28.82,"Increase $20k-$39,999",1
14000US36047119200,119200,East New York,Brooklyn,48000,89286,41286,86.01,Increase >= $40k,1
14000US36047069601,069601,Georgetown-Marine Park-Bergen Beach-Mill Basin,Brooklyn,81106,101760,20654,25.47,"Increase $20k-$39,999",1
14000US36047032600,032600,Seagate-Coney Island,Brooklyn,23470,49911,26441,112.66,"Increase $20k-$39,999",1
14000US36081055700,055700,Ridgewood,Queens,65799,101636,35837,54.46,"Increase $20k-$39,999",1
14000US36081048100,048100,Elmhurst,Queens,45864,73983,28119,61.31,"Increase $20k-$39,999",1
14000US36081079200,079200,Baisley Park,Queens,81438,71510,-9928,-12.19,"Decline $5k-$19,999",1
14000US36081011100,011100,Steinway,Queens,81250,111125,29875,36.77,"Increase $20k-$39,999",1
14000US36081050600,050600,Hollis,Queens,85370,93000,7630,8.94,"Increase $5k-$19,999",1
14000US36047031500,031500,Crown Heights North,Brooklyn,63313,100899,37586,59.37,"Increase $20k-$39,999",1
14000US36047031300,031300,Crown Heights North,Brooklyn,51818,105407,53589,103.42,Increase >= $40k,1
14000US36081080301,080301,Queensboro Hill,Queens,58298,59817,1519,2.61,Roughly unchanged (within +/-$5k),1
14000US36061010000,010000,Turtle Bay-East Midtown,Manhattan,95879,99875,3996,4.17,Roughly unchanged (within +/-$5k),1
14000US36061010800,010800,Turtle Bay-East Midtown,Manhattan,163854,,,,No data,0
14000US36061024301,024301,Washington Heights South,Manhattan,58077,74226,16149,27.81,"Increase $5k-$19,999",1
14000US36005037300,037300,East Tremont,Bronx,28900,50000,21100,73.01,"Increase $20k-$39,999",1
14000US36061021500,021500,Central Harlem North-Polo Grounds,Manhattan,51719,56884,5165,9.99,"Increase $5k-$19,999",1
14000US36061021703,021703,Manhattanville,Manhattan,,,,,No data,0
14000US36047121400,121400,East New York,Brooklyn,18457,38094,19637,106.39,"Increase $5k-$19,999",1
14000US36005021302,021302,Highbridge,Bronx,25512,37049,11537,45.22,"Increase $5k-$19,999",1
14000US36005021900,021900,Highbridge,Bronx,26316,48444,22128,84.09,"Increase $20k-$39,999",1
14000US36047110600,110600,East New York,Brooklyn,19973,26536,6563,32.86,"Increase $5k-$19,999",1
14000US36061018100,018100,Upper West Side,Manhattan,96429,114966,18537,19.22,"Increase $5k-$19,999",1
14000US36005012901,012901,Longwood,Bronx,25633,39409,13776,53.74,"Increase $5k-$19,999",1
14000US36061004800,004800,Gramercy,Manhattan,147500,161973,14473,9.81,"Increase $5k-$19,999",1
14000US36061015700,015700,Lincoln Square,Manhattan,137703,163712,26009,18.89,"Increase $20k-$39,999",1
14000US36005007900,007900,Melrose South-Mott Haven North,Bronx,26307,43081,16774,63.76,"Increase $5k-$19,999",1
14000US36081109700,109700,Bayside-Bayside Hills,Queens,95701,134145,38444,40.17,"Increase $20k-$39,999",1
14000US36081109900,109900,Bayside-Bayside Hills,Queens,67031,96250,29219,43.59,"Increase $20k-$39,999",1
14000US36047036300,036300,Ocean Hill,Brooklyn,34063,58091,24028,70.54,"Increase $20k-$39,999",1
14000US36047090600,090600,Brownsville,Brooklyn,15017,27908,12891,85.84,"Increase $5k-$19,999",1
14000US36081105900,105900,Murray Hill,Queens,88906,109000,20094,22.60,"Increase $20k-$39,999",1
14000US36081115100,115100,Murray Hill,Queens,76167,108542,32375,42.51,"Increase $20k-$39,999",1
14000US36047037500,037500,Stuyvesant Heights,Brooklyn,51495,91985,40490,78.63,Increase >= $40k,1
14000US36047037700,037700,Stuyvesant Heights,Brooklyn,52367,71786,19419,37.08,"Increase $5k-$19,999",1
14000US36047040900,040900,Bushwick North,Brooklyn,52629,78220,25591,48.63,"Increase $20k-$39,999",1
14000US36081055900,055900,Ridgewood,Queens,70000,70481,481,0.69,Roughly unchanged (within +/-$5k),1
14000US36081117100,117100,Murray Hill,Queens,58929,78856,19927,33.82,"Increase $5k-$19,999",1
14000US36081122701,122701,Pomonok-Flushing Heights-Hillcrest,Queens,67811,,,,No data,0
14000US36081080900,080900,Kew Gardens Hills,Queens,70110,55716,-14394,-20.53,"Decline $5k-$19,999",1
14000US36081122702,122702,Pomonok-Flushing Heights-Hillcrest,Queens,25473,26161,688,2.70,Roughly unchanged (within +/-$5k),1
14000US36005015300,015300,Crotona Park East,Bronx,24438,33028,8590,35.15,"Increase $5k-$19,999",1
14000US36081124100,124100,Pomonok-Flushing Heights-Hillcrest,Queens,72446,96560,24114,33.29,"Increase $20k-$39,999",1
14000US36081140901,140901,Bayside-Bayside Hills,Queens,85000,130281,45281,53.27,Increase >= $40k,1
14000US36081140902,140902,Auburndale,Queens,91042,120208,29166,32.04,"Increase $20k-$39,999",1
14000US36081142900,142900,Auburndale,Queens,84750,100864,16114,19.01,"Increase $5k-$19,999",1
14000US36005023600,023600,Van Nest-Morris Park-Westchester Square,Bronx,38021,52368,14347,37.73,"Increase $5k-$19,999",1
14000US36081037600,037600,St. Albans,Queens,81625,112955,31330,38.38,"Increase $20k-$39,999",1
14000US36005025000,025000,Pelham Parkway,Bronx,85868,109896,24028,27.98,"Increase $20k-$39,999",1
14000US36005025200,025200,Van Nest-Morris Park-Westchester Square,Bronx,77500,83688,6188,7.98,"Increase $5k-$19,999",1
14000US36005025100,025100,University Heights-Morris Heights,Bronx,36830,36845,15,0.04,Roughly unchanged (within +/-$5k),1
14000US36005025300,025300,Kingsbridge Heights,Bronx,36481,42976,6495,17.80,"Increase $5k-$19,999",1
14000US36005028500,028500,Spuyten Duyvil-Kingsbridge,Bronx,58467,70659,12192,20.85,"Increase $5k-$19,999",1
14000US36047048200,048200,Flatbush,Brooklyn,47569,58234,10665,22.42,"Increase $5k-$19,999",1
14000US36081143500,143500,Bayside-Bayside Hills,Queens,95472,121875,26403,27.66,"Increase $20k-$39,999",1
14000US36081144700,144700,Bayside-Bayside Hills,Queens,84659,94766,10107,11.94,"Increase $5k-$19,999",1
14000US36047053100,053100,Bedford,Brooklyn,47868,,,,No data,0
14000US36047053300,053300,Williamsburg,Brooklyn,26976,34519,7543,27.96,"Increase $5k-$19,999",1
14000US36081053200,053200,Queens Village,Queens,84946,97419,12473,14.68,"Increase $5k-$19,999",1
14000US36047055600,055600,Homecrest,Brooklyn,55995,69485,13490,24.09,"Increase $5k-$19,999",1
14000US36005037000,037000,Williamsbridge-Olinville,Bronx,58636,108523,49887,85.08,Increase >= $40k,1
14000US36081157903,157903,Glen Oaks-Floral Park-New Hyde Park,Queens,82978,127533,44555,53.69,Increase >= $40k,1
14000US36047064200,064200,Madison,Brooklyn,73583,75735,2152,2.92,Roughly unchanged (within +/-$5k),1
14000US36047064400,064400,Georgetown-Marine Park-Bergen Beach-Mill Basin,Brooklyn,89250,79259,-9991,-11.19,"Decline $5k-$19,999",1
14000US36085001700,001700,Stapleton-Rosebank,Staten Island,42431,64006,21575,50.85,"Increase $20k-$39,999",1
14000US36081059000,059000,Cambria Heights,Queens,75750,93750,18000,23.76,"Increase $5k-$19,999",1
14000US36081033900,033900,Jackson Heights,Queens,48182,69755,21573,44.77,"Increase $20k-$39,999",1
14000US36081055400,055400,Queens Village,Queens,74821,89375,14554,19.45,"Increase $5k-$19,999",1
14000US36081056200,056200,Queens Village,Queens,99231,102125,2894,2.92,Roughly unchanged (within +/-$5k),1
14000US36081020400,020400,Jamaica,Queens,68147,63750,-4397,-6.45,Roughly unchanged (within +/-$5k),1
14000US36081025400,025400,South Jamaica,Queens,37897,,,,No data,0
14000US36081066701,066701,Middle Village,Queens,86563,103594,17031,19.67,"Increase $5k-$19,999",1
14000US36081027000,027000,South Jamaica,Queens,96920,110938,14018,14.46,"Increase $5k-$19,999",1
14000US36081028200,028200,St. Albans,Queens,76434,92368,15934,20.85,"Increase $5k-$19,999",1
14000US36081033401,033401,St. Albans,Queens,81311,63892,-17419,-21.42,"Decline $5k-$19,999",1
14000US36081019000,019000,Baisley Park,Queens,88365,87051,-1314,-1.49,Roughly unchanged (within +/-$5k),1
14000US36081027200,027200,Baisley Park,Queens,63917,97357,33440,52.32,"Increase $20k-$39,999",1
14000US36081018402,018402,Baisley Park,Queens,72137,89766,17629,24.44,"Increase $5k-$19,999",1
14000US36047083000,083000,East Flatbush-Farragut,Brooklyn,52083,83690,31607,60.69,"Increase $20k-$39,999",1
14000US36081041100,041100,Corona,Queens,68629,73899,5270,7.68,"Increase $5k-$19,999",1
14000US36081046100,046100,Elmhurst,Queens,65547,77000,11453,17.47,"Increase $5k-$19,999",1
14000US36047082800,082800,Erasmus,Brooklyn,55850,61313,5463,9.78,"Increase $5k-$19,999",1
14000US36047078800,078800,Flatbush,Brooklyn,46833,,,,No data,0
14000US36047079000,079000,Erasmus,Brooklyn,61201,,,,No data,0
14000US36005044400,044400,Woodlawn-Wakefield,Bronx,77740,89615,11875,15.28,"Increase $5k-$19,999",1
14000US36081016400,016400,South Ozone Park,Queens,79938,80568,630,0.79,Roughly unchanged (within +/-$5k),1
14000US36081026400,026400,South Jamaica,Queens,55590,86411,30821,55.44,"Increase $20k-$39,999",1
14000US36081026600,026600,South Jamaica,Queens,28969,55441,26472,91.38,"Increase $20k-$39,999",1
14000US36047086600,086600,Rugby-Remsen Village,Brooklyn,53032,79508,26476,49.92,"Increase $20k-$39,999",1
14000US36047088000,088000,Prospect Lefferts Gardens-Wingate,Brooklyn,49000,,,,No data,0
14000US36047095800,095800,Canarsie,Brooklyn,61128,66452,5324,8.71,"Increase $5k-$19,999",1
14000US36081050400,050400,Hollis,Queens,77794,131168,53374,68.61,Increase >= $40k,1
14000US36047116600,116600,East New York,Brooklyn,58750,42158,-16592,-28.24,"Decline $5k-$19,999",1
14000US36081023000,023000,Briarwood-Jamaica Hills,Queens,94667,118494,23827,25.17,"Increase $20k-$39,999",1
14000US36081023200,023200,Briarwood-Jamaica Hills,Queens,70268,102386,32118,45.71,"Increase $20k-$39,999",1
14000US36047115000,115000,East New York,Brooklyn,45143,71044,25901,57.38,"Increase $20k-$39,999",1
14000US36047116200,116200,East New York,Brooklyn,41618,72614,30996,74.48,"Increase $20k-$39,999",1
14000US36047004500,004500,Carroll Gardens-Columbia Street-Red Hook,Brooklyn,148064,189833,41769,28.21,Increase >= $40k,1
14000US36047004900,004900,Carroll Gardens-Columbia Street-Red Hook,Brooklyn,134706,166667,31961,23.73,"Increase $20k-$39,999",1
14000US36081118100,118100,Auburndale,Queens,66711,100536,33825,50.70,"Increase $20k-$39,999",1
14000US36081146300,146300,Bayside-Bayside Hills,Queens,71899,87244,15345,21.34,"Increase $5k-$19,999",1
14000US36047008000,008000,Sunset Park West,Brooklyn,64225,71250,7025,10.94,"Increase $5k-$19,999",1
14000US36047008200,008200,Sunset Park West,Brooklyn,41831,53500,11669,27.90,"Increase $5k-$19,999",1
14000US36081071701,071701,Rego Park,Queens,58941,67566,8625,14.63,"Increase $5k-$19,999",1
14000US36081047000,047000,Jamaica,Queens,65000,72955,7955,12.24,"Increase $5k-$19,999",1
14000US36081048000,048000,Jamaica,Queens,71481,86250,14769,20.66,"Increase $5k-$19,999",1
14000US36081005000,005000,Ozone Park,Queens,,,,,No data,0
14000US36047013000,013000,Bay Ridge,Brooklyn,77166,78942,1776,2.30,Roughly unchanged (within +/-$5k),1
14000US36081044302,044302,Corona,Queens,47411,62731,15320,32.31,"Increase $5k-$19,999",1
14000US36081087100,087100,Flushing,Queens,41484,52250,10766,25.95,"Increase $5k-$19,999",1
14000US36081085900,085900,Flushing,Queens,58609,60460,1851,3.16,Roughly unchanged (within +/-$5k),1
14000US36081079702,079702,Flushing,Queens,39553,48147,8594,21.73,"Increase $5k-$19,999",1
14000US36081006501,006501,Astoria,Queens,77372,94628,17256,22.30,"Increase $5k-$19,999",1
14000US36081007100,007100,Old Astoria,Queens,76420,89562,13142,17.20,"Increase $5k-$19,999",1
14000US36081006300,006300,Astoria,Queens,87719,137746,50027,57.03,Increase >= $40k,1
14000US36081007500,007500,Astoria,Queens,75982,79634,3652,4.81,Roughly unchanged (within +/-$5k),1
14000US36081077907,077907,Kew Gardens Hills,Queens,57827,68226,10399,17.98,"Increase $5k-$19,999",1
14000US36081007300,007300,Old Astoria,Queens,81963,101691,19728,24.07,"Increase $5k-$19,999",1
14000US36081007700,007700,Astoria,Queens,92500,139267,46767,50.56,Increase >= $40k,1
14000US36081007900,007900,Old Astoria,Queens,68463,111875,43412,63.41,Increase >= $40k,1
14000US36047015700,015700,Park Slope-Gowanus,Brooklyn,123008,209940,86932,70.67,Increase >= $40k,1
14000US36081009600,009600,South Ozone Park,Queens,91125,124423,33298,36.54,"Increase $20k-$39,999",1
14000US36081086400,086400,South Ozone Park,Queens,75741,128398,52657,69.52,Increase >= $40k,1
14000US36081083700,083700,Queensboro Hill,Queens,53707,70028,16321,30.39,"Increase $5k-$19,999",1
14000US36081121500,121500,Queensboro Hill,Queens,79297,92412,13115,16.54,"Increase $5k-$19,999",1
14000US36081035300,035300,East Elmhurst,Queens,49750,104107,54357,109.26,Increase >= $40k,1
14000US36081036100,036100,East Elmhurst,Queens,47419,92500,45081,95.07,Increase >= $40k,1
14000US36081036300,036300,East Elmhurst,Queens,57802,76613,18811,32.54,"Increase $5k-$19,999",1
14000US36047018000,018000,Bath Beach,Brooklyn,68690,59936,-8754,-12.74,"Decline $5k-$19,999",1
14000US36081011500,011500,Steinway,Queens,81458,113370,31912,39.18,"Increase $20k-$39,999",1
14000US36081028100,028100,Jackson Heights,Queens,60720,86631,25911,42.67,"Increase $20k-$39,999",1
14000US36081033700,033700,Jackson Heights,Queens,73231,107750,34519,47.14,"Increase $20k-$39,999",1
14000US36047018400,018400,Bensonhurst West,Brooklyn,63333,81467,18134,28.63,"Increase $5k-$19,999",1
14000US36047018600,018600,Bensonhurst West,Brooklyn,55000,76667,21667,39.39,"Increase $20k-$39,999",1
14000US36047042100,042100,Bushwick South,Brooklyn,51341,94209,42868,83.50,Increase >= $40k,1
14000US36047043100,043100,Bushwick North,Brooklyn,57111,90745,33634,58.89,"Increase $20k-$39,999",1
14000US36081016100,016100,Astoria,Queens,74453,92042,17589,23.62,"Increase $5k-$19,999",1
14000US36081018501,018501,Hunters Point-Sunnyside-West Maspeth,Queens,58500,88027,29527,50.47,"Increase $20k-$39,999",1
14000US36081018502,018502,Hunters Point-Sunnyside-West Maspeth,Queens,74799,112260,37461,50.08,"Increase $20k-$39,999",1
14000US36047020800,020800,Dyker Heights,Brooklyn,62432,65491,3059,4.90,Roughly unchanged (within +/-$5k),1
14000US36047052600,052600,Flatbush,Brooklyn,68077,91500,23423,34.41,"Increase $20k-$39,999",1
14000US36081026700,026700,Elmhurst,Queens,50613,58274,7661,15.14,"Increase $5k-$19,999",1
14000US36047023000,023000,Borough Park,Brooklyn,43459,32725,-10734,-24.70,"Decline $5k-$19,999",1
14000US36047023200,023200,Borough Park,Brooklyn,38818,63094,24276,62.54,"Increase $20k-$39,999",1
14000US36047026200,026200,Bensonhurst West,Brooklyn,65577,99750,34173,52.11,"Increase $20k-$39,999",1
14000US36047028100,028100,Stuyvesant Heights,Brooklyn,31682,45850,14168,44.72,"Increase $5k-$19,999",1
14000US36047026800,026800,Bensonhurst West,Brooklyn,44517,90442,45925,103.16,Increase >= $40k,1
14000US36047026400,026400,Bensonhurst West,Brooklyn,48942,69808,20866,42.63,"Increase $20k-$39,999",1
14000US36047027400,027400,Bensonhurst West,Brooklyn,70625,49800,-20825,-29.49,"Decline $20k-$39,999",1
14000US36047028700,028700,Stuyvesant Heights,Brooklyn,40969,106462,65493,159.86,Increase >= $40k,1
14000US36061015300,015300,Lincoln Square,Manhattan,156435,,,,No data,0
14000US36061015801,015801,Upper East Side-Carnegie Hill,Manhattan,161259,177750,16491,10.23,"Increase $5k-$19,999",1
14000US36047033100,033100,Crown Heights South,Brooklyn,40216,44347,4131,10.27,Roughly unchanged (within +/-$5k),1
14000US36047035500,035500,Crown Heights South,Brooklyn,51875,75139,23264,44.85,"Increase $20k-$39,999",1
14000US36005020200,020200,Westchester-Unionport,Bronx,39306,53491,14185,36.09,"Increase $5k-$19,999",1
14000US36061015802,015802,East Harlem South,Manhattan,97455,95391,-2064,-2.12,Roughly unchanged (within +/-$5k),1
14000US36005037100,037100,East Tremont,Bronx,22685,39932,17247,76.03,"Increase $5k-$19,999",1
14000US36061004100,004100,SoHo-TriBeCa-Civic Center-Little Italy,Manhattan,85000,101893,16893,19.87,"Increase $5k-$19,999",1
14000US36061019300,019300,Morningside Heights,Manhattan,55476,67090,11614,20.94,"Increase $5k-$19,999",1
14000US36061019702,019702,Central Harlem South,Manhattan,60647,111250,50603,83.44,Increase >= $40k,1
14000US36061006400,006400,Gramercy,Manhattan,111074,130385,19311,17.39,"Increase $5k-$19,999",1
14000US36081118500,118500,East Flushing,Queens,45948,67277,21329,46.42,"Increase $20k-$39,999",1
14000US36081119100,119100,East Flushing,Queens,39605,68355,28750,72.59,"Increase $20k-$39,999",1
14000US36061009500,009500,Midtown-Midtown South,Manhattan,153264,222321,69057,45.06,Increase >= $40k,1
14000US36081119900,119900,East Flushing,Queens,61522,123519,61997,100.77,Increase >= $40k,1
14000US36081120700,120700,East Flushing,Queens,81250,,,,No data,0
14000US36047017200,017200,Bath Beach,Brooklyn,82869,136096,53227,64.23,Increase >= $40k,1
14000US36047048000,048000,Flatbush,Brooklyn,32056,52940,20884,65.15,"Increase $20k-$39,999",1
14000US36061023400,023400,Central Harlem North-Polo Grounds,Manhattan,49012,62346,13334,27.21,"Increase $5k-$19,999",1
14000US36005044200,044200,Woodlawn-Wakefield,Bronx,55000,56434,1434,2.61,Roughly unchanged (within +/-$5k),1
14000US36061012100,012100,Clinton,Manhattan,62209,,,,No data,0
14000US36061013600,013600,Yorkville,Manhattan,108333,,,,No data,0
14000US36081129104,129104,Oakland Gardens,Queens,81875,127303,45428,55.48,Increase >= $40k,1
14000US36081148300,148300,Douglas Manor-Douglaston-Little Neck,Queens,115714,178509,62795,54.27,Increase >= $40k,1
14000US36081100801,100801,Far Rockaway-Bayswater,Queens,92768,136800,44032,47.46,Increase >= $40k,1
14000US36081099704,099704,Ft. Totten-Bay Terrace-Clearview,Queens,75344,87323,11979,15.90,"Increase $5k-$19,999",1
14000US36047028501,028501,Bushwick South,Brooklyn,87778,57969,-29809,-33.96,"Decline $20k-$39,999",1
14000US36085002700,002700,Stapleton-Rosebank,Staten Island,,45848,,,No data,0
14000US36085000600,000600,Stapleton-Rosebank,Staten Island,66563,34492,-32071,-48.18,"Decline $20k-$39,999",1
14000US36047017800,017800,Bath Beach,Brooklyn,70491,91923,21432,30.40,"Increase $20k-$39,999",1
14000US36047027600,027600,Bensonhurst West,Brooklyn,53283,63447,10164,19.08,"Increase $5k-$19,999",1
14000US36081101002,101002,Far Rockaway-Bayswater,Queens,31066,77188,46122,148.46,Increase >= $40k,1
14000US36005002300,002300,Mott Haven-Port Morris,Bronx,18688,16332,-2356,-12.61,Roughly unchanged (within +/-$5k),1
14000US36061007800,007800,Murray Hill-Kips Bay,Manhattan,133778,134092,314,0.23,Roughly unchanged (within +/-$5k),1
14000US36061017800,017800,East Harlem North,Manhattan,50972,56875,5903,11.58,"Increase $5k-$19,999",1
14000US36005028800,028800,Pelham Parkway,Bronx,74459,97969,23510,31.57,"Increase $20k-$39,999",1
14000US36047069800,069800,Georgetown-Marine Park-Bergen Beach-Mill Basin,Brooklyn,104141,128194,24053,23.10,"Increase $20k-$39,999",1
14000US36081109300,109300,Bayside-Bayside Hills,Queens,89241,125536,36295,40.67,"Increase $20k-$39,999",1
14000US36081111300,111300,Bayside-Bayside Hills,Queens,102222,143917,41695,40.79,Increase >= $40k,1
14000US36085009700,009700,West New Brighton-New Brighton-St. George,Staten Island,75648,,,,No data,0
14000US36081155102,155102,Glen Oaks-Floral Park-New Hyde Park,Queens,92739,,,,No data,0
14000US36081157902,157902,Glen Oaks-Floral Park-New Hyde Park,Queens,110000,107153,-2847,-2.59,Roughly unchanged (within +/-$5k),1
14000US36047041402,041402,Homecrest,Brooklyn,52946,39048,-13898,-26.25,"Decline $5k-$19,999",1
14000US36047041800,041800,Homecrest,Brooklyn,45536,46607,1071,2.35,Roughly unchanged (within +/-$5k),1
14000US36047035700,035700,Crown Heights North,Brooklyn,30495,,,,No data,0
14000US36047035900,035900,Crown Heights North,Brooklyn,32326,62774,30448,94.19,"Increase $20k-$39,999",1
14000US36047084600,084600,Rugby-Remsen Village,Brooklyn,54153,78304,24151,44.60,"Increase $20k-$39,999",1
14000US36047093200,093200,East Flatbush-Farragut,Brooklyn,66250,,,,No data,0
14000US36047028200,028200,Bath Beach,Brooklyn,67212,52926,-14286,-21.26,"Decline $5k-$19,999",1
14000US36047017600,017600,Bath Beach,Brooklyn,63981,90833,26852,41.97,"Increase $20k-$39,999",1
14000US36047017400,017400,Bath Beach,Brooklyn,99750,103594,3844,3.85,Roughly unchanged (within +/-$5k),1
14000US36047005601,005601,Bay Ridge,Brooklyn,85923,104598,18675,21.73,"Increase $5k-$19,999",1
14000US36047004400,004400,Bay Ridge,Brooklyn,118594,142143,23549,19.86,"Increase $20k-$39,999",1
14000US36047075600,075600,Midwood,Brooklyn,110250,77273,-32977,-29.91,"Decline $20k-$39,999",1
14000US36005034000,034000,Bronxdale,Bronx,52772,63500,10728,20.33,"Increase $5k-$19,999",1
14000US36005034200,034200,Allerton-Pelham Gardens,Bronx,60893,73298,12405,20.37,"Increase $5k-$19,999",1
14000US36081018000,018000,South Ozone Park,Queens,73500,80147,6647,9.04,"Increase $5k-$19,999",1
14000US36081081800,081800,South Ozone Park,Queens,69262,130457,61195,88.35,Increase >= $40k,1
14000US36047051300,051300,North Side-South Side,Brooklyn,110972,136207,25235,22.74,"Increase $20k-$39,999",1
14000US36047052700,052700,North Side-South Side,Brooklyn,64167,59632,-4535,-7.07,Roughly unchanged (within +/-$5k),1
14000US36005044902,044902,Woodlawn-Wakefield,Bronx,80833,99297,18464,22.84,"Increase $5k-$19,999",1
14000US36061011800,011800,Lenox Hill-Roosevelt Island,Manhattan,141667,139332,-2335,-1.65,Roughly unchanged (within +/-$5k),1
14000US36061012600,012600,Lenox Hill-Roosevelt Island,Manhattan,101494,,,,No data,0
14000US36085008100,008100,West New Brighton-New Brighton-St. George,Staten Island,37287,91274,53987,144.79,Increase >= $40k,1
14000US36085017012,017012,Annadale-Huguenot-Prince's Bay-Eltingville,Staten Island,89273,126250,36977,41.42,"Increase $20k-$39,999",1
14000US36047073200,073200,Flatlands,Brooklyn,70000,85846,15846,22.64,"Increase $5k-$19,999",1
14000US36085007400,007400,Grasmere-Arrochar-Ft. Wadsworth,Staten Island,81033,78701,-2332,-2.88,Roughly unchanged (within +/-$5k),1
14000US36085012806,012806,Oakwood-Oakwood Beach,Staten Island,57212,67857,10645,18.61,"Increase $5k-$19,999",1
14000US36047111600,111600,East New York,Brooklyn,34413,71021,36608,106.38,"Increase $20k-$39,999",1
14000US36047070203,070203,park-cemetery-etc-Brooklyn,Brooklyn,,,,,No data,0
14000US36047121000,121000,East New York,Brooklyn,15833,23136,7303,46.13,"Increase $5k-$19,999",1
14000US36047028600,028600,Bath Beach,Brooklyn,40325,47923,7598,18.84,"Increase $5k-$19,999",1
14000US36061022301,022301,Manhattanville,Manhattan,56393,50668,-5725,-10.15,"Decline $5k-$19,999",1
14000US36047020700,020700,Prospect Heights,Brooklyn,119462,190843,71381,59.75,Increase >= $40k,1
14000US36047089200,089200,Brownsville,Brooklyn,27217,,,,No data,0
14000US36047090000,090000,Brownsville,Brooklyn,23685,20500,-3185,-13.45,Roughly unchanged (within +/-$5k),1
14000US36047014000,014000,Dyker Heights,Brooklyn,69750,61111,-8639,-12.39,"Decline $5k-$19,999",1
14000US36047014200,014200,Bay Ridge,Brooklyn,58558,81250,22692,38.75,"Increase $20k-$39,999",1
14000US36047020600,020600,Dyker Heights,Brooklyn,101449,87446,-14003,-13.80,"Decline $5k-$19,999",1
14000US36081018401,018401,Baisley Park,Queens,66806,57679,-9127,-13.66,"Decline $5k-$19,999",1
14000US36047036002,036002,Brighton Beach,Brooklyn,16073,30176,14103,87.74,"Increase $5k-$19,999",1
14000US36047061002,061002,Brighton Beach,Brooklyn,76378,71944,-4434,-5.81,Roughly unchanged (within +/-$5k),1
14000US36047058800,058800,Homecrest,Brooklyn,68125,96838,28713,42.15,"Increase $20k-$39,999",1
14000US36047058200,058200,Homecrest,Brooklyn,52644,60811,8167,15.51,"Increase $5k-$19,999",1
14000US36047058400,058400,Homecrest,Brooklyn,68487,70870,2383,3.48,Roughly unchanged (within +/-$5k),1
14000US36047040600,040600,Bensonhurst East,Brooklyn,52986,79941,26955,50.87,"Increase $20k-$39,999",1
14000US36047035602,035602,West Brighton,Brooklyn,45163,50456,5293,11.72,"Increase $5k-$19,999",1
14000US36047035601,035601,West Brighton,Brooklyn,32111,28750,-3361,-10.47,Roughly unchanged (within +/-$5k),1
14000US36047035200,035200,Seagate-Coney Island,Brooklyn,14167,13240,-927,-6.54,Roughly unchanged (within +/-$5k),1
14000US36047033600,033600,Seagate-Coney Island,Brooklyn,82850,76719,-6131,-7.40,"Decline $5k-$19,999",1
14000US36085020100,020100,Westerleigh,Staten Island,99141,116591,17450,17.60,"Increase $5k-$19,999",1
14000US36005044901,044901,Woodlawn-Wakefield,Bronx,69200,91419,22219,32.11,"Increase $20k-$39,999",1
14000US36081049301,049301,Maspeth,Queens,66071,86429,20358,30.81,"Increase $20k-$39,999",1
14000US36081049700,049700,Maspeth,Queens,83355,86031,2676,3.21,Roughly unchanged (within +/-$5k),1
14000US36047032300,032300,Crown Heights South,Brooklyn,77645,83815,6170,7.95,"Increase $5k-$19,999",1
14000US36061011203,011203,Turtle Bay-East Midtown,Manhattan,159792,167083,7291,4.56,"Increase $5k-$19,999",1
14000US36061011402,011402,Upper East Side-Carnegie Hill,Manhattan,152171,206818,54647,35.91,Increase >= $40k,1
14000US36005020400,020400,Westchester-Unionport,Bronx,51199,55947,4748,9.27,Roughly unchanged (within +/-$5k),1
14000US36061023502,023502,Central Harlem North-Polo Grounds,Manhattan,39911,44491,4580,11.48,Roughly unchanged (within +/-$5k),1
14000US36061009200,009200,Turtle Bay-East Midtown,Manhattan,138971,166638,27667,19.91,"Increase $20k-$39,999",1
14000US36061022102,022102,Central Harlem North-Polo Grounds,Manhattan,96154,67669,-28485,-29.62,"Decline $20k-$39,999",1
14000US36081056100,056100,park-cemetery-etc-Queens,Queens,,,,,No data,0
14000US36047114202,114202,Cypress Hills-City Line,Brooklyn,67500,57826,-9674,-14.33,"Decline $5k-$19,999",1
14000US36061014801,014801,Upper East Side-Carnegie Hill,Manhattan,162857,202670,39813,24.45,"Increase $20k-$39,999",1
14000US36047006700,006700,Carroll Gardens-Columbia Street-Red Hook,Brooklyn,171477,214931,43454,25.34,Increase >= $40k,1
14000US36061003800,003800,East Village,Manhattan,67036,78220,11184,16.68,"Increase $5k-$19,999",1
14000US36061005502,005502,West Village,Manhattan,126332,179844,53512,42.36,Increase >= $40k,1
14000US36047025500,025500,Bedford,Brooklyn,21865,26906,5041,23.06,"Increase $5k-$19,999",1
14000US36081049900,049900,Elmhurst,Queens,61534,85045,23511,38.21,"Increase $20k-$39,999",1
14000US36047055700,055700,North Side-South Side,Brooklyn,92674,136250,43576,47.02,Increase >= $40k,1
14000US36061014900,014900,Lincoln Square,Manhattan,149212,184896,35684,23.91,"Increase $20k-$39,999",1
14000US36005013300,013300,Morrisania-Melrose,Bronx,23484,28560,5076,21.61,"Increase $5k-$19,999",1
14000US36005013500,013500,Morrisania-Melrose,Bronx,24392,26125,1733,7.10,Roughly unchanged (within +/-$5k),1
14000US36081080302,080302,Queensboro Hill,Queens,66629,82358,15729,23.61,"Increase $5k-$19,999",1
14000US36047010800,010800,Sunset Park East,Brooklyn,45082,,,,No data,0
14000US36047011400,011400,Borough Park,Brooklyn,47306,74063,26757,56.56,"Increase $20k-$39,999",1
14000US36081084900,084900,Flushing,Queens,33088,,,,No data,0
14000US36085024402,024402,Charleston-Richmond Valley-Tottenville,Staten Island,88906,131042,42136,47.39,Increase >= $40k,1
14000US36081092800,092800,Breezy Point-Belle Harbor-Rockaway Park-Broad Channel,Queens,159773,162798,3025,1.89,Roughly unchanged (within +/-$5k),1
14000US36005039000,039000,Williamsbridge-Olinville,Bronx,45738,56563,10825,23.67,"Increase $5k-$19,999",1
14000US36005039200,039200,Williamsbridge-Olinville,Bronx,50723,67917,17194,33.90,"Increase $5k-$19,999",1
14000US36081091602,091602,park-cemetery-etc-Queens,Queens,,,,,No data,0
14000US36081094201,094201,Breezy Point-Belle Harbor-Rockaway Park-Broad Channel,Queens,66435,75966,9531,14.35,"Increase $5k-$19,999",1
14000US36085030301,030301,Mariner's Harbor-Arlington-Port Ivory-Graniteville,Staten Island,85826,118913,33087,38.55,"Increase $20k-$39,999",1
14000US36085030302,030302,Mariner's Harbor-Arlington-Port Ivory-Graniteville,Staten Island,85660,89917,4257,4.97,Roughly unchanged (within +/-$5k),1
14000US36081032800,032800,Laurelton,Queens,99167,94398,-4769,-4.81,Roughly unchanged (within +/-$5k),1
14000US36047008500,008500,Carroll Gardens-Columbia Street-Red Hook,Brooklyn,15283,27854,12571,82.25,"Increase $5k-$19,999",1
14000US36005016000,016000,Schuylerville-Throgs Neck-Edgewater Park,Bronx,79756,90221,10465,13.12,"Increase $5k-$19,999",1
14000US36081025100,025100,Woodside,Queens,64763,90996,26233,40.51,"Increase $20k-$39,999",1
14000US36081025500,025500,Woodside,Queens,78088,92260,14172,18.15,"Increase $5k-$19,999",1
14000US36081016900,016900,Hunters Point-Sunnyside-West Maspeth,Queens,58066,89679,31613,54.44,"Increase $20k-$39,999",1
14000US36005028600,028600,Van Nest-Morris Park-Westchester Square,Bronx,85625,72692,-12933,-15.10,"Decline $5k-$19,999",1
14000US36005014900,014900,Morrisania-Melrose,Bronx,29079,35982,6903,23.74,"Increase $5k-$19,999",1
14000US36005036300,036300,East Tremont,Bronx,22226,27273,5047,22.71,"Increase $5k-$19,999",1
14000US36005036501,036501,East Tremont,Bronx,27304,47739,20435,74.84,"Increase $20k-$39,999",1
14000US36005027700,027700,Van Cortlandt Village,Bronx,29621,48750,19129,64.58,"Increase $5k-$19,999",1
14000US36005027900,027900,Van Cortlandt Village,Bronx,56033,72721,16688,29.78,"Increase $5k-$19,999",1
14000US36047091200,091200,Brownsville,Brooklyn,15256,36899,21643,141.87,"Increase $20k-$39,999",1
14000US36061002201,002201,Lower East Side,Manhattan,30703,39961,9258,30.15,"Increase $5k-$19,999",1
14000US36061016600,016600,East Harlem South,Manhattan,40402,50231,9829,24.33,"Increase $5k-$19,999",1
14000US36061020901,020901,Morningside Heights,Manhattan,30208,25357,-4851,-16.06,Roughly unchanged (within +/-$5k),1
14000US36005008700,008700,Longwood,Bronx,23967,40188,16221,67.68,"Increase $5k-$19,999",1
14000US36061016400,016400,East Harlem South,Manhattan,28726,26544,-2182,-7.60,Roughly unchanged (within +/-$5k),1
14000US36081075701,075701,Forest Hills,Queens,96179,117361,21182,22.02,"Increase $20k-$39,999",1
14000US36081079701,079701,Flushing,Queens,32017,62173,30156,94.19,"Increase $20k-$39,999",1
14000US36081084500,084500,Flushing,Queens,34043,29552,-4491,-13.19,Roughly unchanged (within +/-$5k),1
14000US36081022002,022002,Briarwood-Jamaica Hills,Queens,71643,89600,17957,25.06,"Increase $5k-$19,999",1
14000US36061007700,007700,West Village,Manhattan,139815,230044,90229,64.53,Increase >= $40k,1
14000US36081103900,103900,Whitestone,Queens,77993,76587,-1406,-1.80,Roughly unchanged (within +/-$5k),1
14000US36047076400,076400,Flatbush,Brooklyn,61250,81813,20563,33.57,"Increase $20k-$39,999",1
14000US36005048400,048400,Eastchester-Edenwald-Baychester,Bronx,74958,,,,No data,0
14000US36047072600,072600,Flatlands,Brooklyn,86500,97292,10792,12.48,"Increase $5k-$19,999",1
14000US36047077600,077600,Flatlands,Brooklyn,72568,71983,-585,-0.81,Roughly unchanged (within +/-$5k),1
14000US36047078000,078000,East Flatbush-Farragut,Brooklyn,82273,138611,56338,68.48,Increase >= $40k,1
14000US36047046000,046000,Flatbush,Brooklyn,61023,97188,36165,59.26,"Increase $20k-$39,999",1
14000US36047045600,045600,Midwood,Brooklyn,41806,70329,28523,68.23,"Increase $20k-$39,999",1
14000US36047053000,053000,Midwood,Brooklyn,53802,78621,24819,46.13,"Increase $20k-$39,999",1
14000US36081049500,049500,Maspeth,Queens,75500,92800,17300,22.91,"Increase $5k-$19,999",1
14000US36081049302,049302,Maspeth,Queens,73523,59940,-13583,-18.47,"Decline $5k-$19,999",1
14000US36081051100,051100,Maspeth,Queens,95333,92647,-2686,-2.82,Roughly unchanged (within +/-$5k),1
14000US36047008800,008800,Sunset Park East,Brooklyn,64091,95707,31616,49.33,"Increase $20k-$39,999",1
14000US36047004100,004100,DUMBO-Vinegar Hill-Downtown Brooklyn-Boerum Hill,Brooklyn,166339,229002,62663,37.67,Increase >= $40k,1
14000US36047012700,012700,DUMBO-Vinegar Hill-Downtown Brooklyn-Boerum Hill,Brooklyn,55145,63750,8605,15.60,"Increase $5k-$19,999",1
14000US36047000301,000301,Brooklyn Heights-Cobble Hill,Brooklyn,137157,185128,47971,34.98,Increase >= $40k,1
14000US36005024300,024300,University Heights-Morris Heights,Bronx,25088,30446,5358,21.36,"Increase $5k-$19,999",1
14000US36061019600,019600,East Harlem North,Manhattan,17455,28069,10614,60.81,"Increase $5k-$19,999",1
14000US36081101001,101001,Far Rockaway-Bayswater,Queens,41332,,,,No data,0
14000US36085001800,001800,Grasmere-Arrochar-Ft. Wadsworth,Staten Island,80313,67273,-13040,-16.24,"Decline $5k-$19,999",1
14000US36085000300,000300,West New Brighton-New Brighton-St. George,Staten Island,86477,77981,-8496,-9.82,"Decline $5k-$19,999",1
14000US36085000700,000700,West New Brighton-New Brighton-St. George,Staten Island,37952,52813,14861,39.16,"Increase $5k-$19,999",1
14000US36085012805,012805,Oakwood-Oakwood Beach,Staten Island,80379,134512,54133,67.35,Increase >= $40k,1
14000US36005037504,037504,East Tremont,Bronx,20644,40219,19575,94.82,"Increase $5k-$19,999",1
14000US36005039100,039100,Belmont,Bronx,31985,34663,2678,8.37,Roughly unchanged (within +/-$5k),1
14000US36047073800,073800,Flatlands,Brooklyn,65417,73125,7708,11.78,"Increase $5k-$19,999",1
14000US36047074400,074400,Flatlands,Brooklyn,119375,140391,21016,17.61,"Increase $20k-$39,999",1
14000US36047074600,074600,Flatlands,Brooklyn,85417,113750,28333,33.17,"Increase $20k-$39,999",1
14000US36005042600,042600,Woodlawn-Wakefield,Bronx,85023,99764,14741,17.34,"Increase $5k-$19,999",1
14000US36061001502,001502,Battery Park City-Lower Manhattan,Manhattan,162158,204310,42152,25.99,Increase >= $40k,1
14000US36085017010,017010,Arden Heights,Staten Island,82723,,,,No data,0
14000US36081147100,147100,Bayside-Bayside Hills,Queens,85741,106615,20874,24.35,"Increase $20k-$39,999",1
14000US36081005900,005900,Astoria,Queens,82208,76813,-5395,-6.56,"Decline $5k-$19,999",1
14000US36081006100,006100,Astoria,Queens,77941,106413,28472,36.53,"Increase $20k-$39,999",1
14000US36081058100,058100,Ridgewood,Queens,75665,78950,3285,4.34,Roughly unchanged (within +/-$5k),1
14000US36081058300,058300,Ridgewood,Queens,89028,109327,20299,22.80,"Increase $20k-$39,999",1
14000US36061023501,023501,Hamilton Heights,Manhattan,59405,71893,12488,21.02,"Increase $5k-$19,999",1
14000US36047080600,080600,Prospect Lefferts Gardens-Wingate,Brooklyn,56339,66632,10293,18.27,"Increase $5k-$19,999",1
14000US36047081000,081000,Prospect Lefferts Gardens-Wingate,Brooklyn,57500,88490,30990,53.90,"Increase $20k-$39,999",1
14000US36047085600,085600,East Flatbush-Farragut,Brooklyn,61957,79107,17150,27.68,"Increase $5k-$19,999",1
14000US36081047900,047900,Elmhurst-Maspeth,Queens,58690,87515,28825,49.11,"Increase $20k-$39,999",1
14000US36081062400,062400,park-cemetery-etc-Queens,Queens,,,,,No data,0
14000US36061022302,022302,Manhattanville,Manhattan,23527,50238,26711,113.53,"Increase $20k-$39,999",1
14000US36081133300,133300,Fresh Meadows-Utopia,Queens,97663,138602,40939,41.92,Increase >= $40k,1
14000US36005021200,021200,Parkchester,Bronx,57500,68926,11426,19.87,"Increase $5k-$19,999",1
14000US36081025302,025302,Hunters Point-Sunnyside-West Maspeth,Queens,64743,66393,1650,2.55,Roughly unchanged (within +/-$5k),1
14000US36047003100,003100,Fort Greene,Brooklyn,116250,,,,No data,0
14000US36081065501,065501,Middle Village,Queens,,,,,No data,0
14000US36047012600,012600,Bay Ridge,Brooklyn,53621,81477,27856,51.95,"Increase $20k-$39,999",1
14000US36061014401,014401,Yorkville,Manhattan,124803,202966,78163,62.63,Increase >= $40k,1
14000US36061001600,001600,Chinatown,Manhattan,46729,35875,-10854,-23.23,"Decline $5k-$19,999",1
14000US36081079300,079300,park-cemetery-etc-Queens,Queens,,,,,No data,0
14000US36085018902,018902,New Springville-Bloomfield-Travis,Staten Island,102525,101700,-825,-0.80,Roughly unchanged (within +/-$5k),1
14000US36061001200,001200,Lower East Side,Manhattan,53669,114318,60649,113.01,Increase >= $40k,1
14000US36047008400,008400,Sunset Park West,Brooklyn,53304,116100,62796,117.81,Increase >= $40k,1
14000US36047017500,017500,park-cemetery-etc-Brooklyn,Brooklyn,,,,,No data,0
14000US36005042901,042901,Norwood,Bronx,40024,46779,6755,16.88,"Increase $5k-$19,999",1
14000US36005043100,043100,Norwood,Bronx,35995,,,,No data,0
14000US36047025400,025400,Bensonhurst West,Brooklyn,44886,89021,44135,98.33,Increase >= $40k,1
14000US36081026300,026300,Woodside,Queens,52015,87232,35217,67.71,"Increase $20k-$39,999",1
14000US36081005400,005400,Ozone Park,Queens,77854,78633,779,1.00,Roughly unchanged (within +/-$5k),1
14000US36081008600,008600,Ozone Park,Queens,77545,89667,12122,15.63,"Increase $5k-$19,999",1
14000US36081050700,050700,Middle Village,Queens,57153,84476,27323,47.81,"Increase $20k-$39,999",1
14000US36081066900,066900,Middle Village,Queens,70875,96484,25609,36.13,"Increase $20k-$39,999",1
14000US36081048500,048500,Elmhurst-Maspeth,Queens,65284,77614,12330,18.89,"Increase $5k-$19,999",1
14000US36081012500,012500,Steinway,Queens,83984,93309,9325,11.10,"Increase $5k-$19,999",1
14000US36085020804,020804,Rossville-Woodrow,Staten Island,102857,104049,1192,1.16,Roughly unchanged (within +/-$5k),1
14000US36047052000,052000,Flatbush,Brooklyn,81875,126102,44227,54.02,Increase >= $40k,1
14000US36085031902,031902,Mariner's Harbor-Arlington-Port Ivory-Graniteville,Staten Island,46118,92083,45965,99.67,Increase >= $40k,1
14000US36005029301,029301,Spuyten Duyvil-Kingsbridge,Bronx,103125,145951,42826,41.53,Increase >= $40k,1
14000US36085023100,023100,Mariner's Harbor-Arlington-Port Ivory-Graniteville,Staten Island,82599,86589,3990,4.83,Roughly unchanged (within +/-$5k),1
14000US36085023900,023900,Mariner's Harbor-Arlington-Port Ivory-Graniteville,Staten Island,83883,66833,-17050,-20.33,"Decline $5k-$19,999",1
14000US36081013000,013000,Richmond Hill,Queens,73147,82708,9561,13.07,"Increase $5k-$19,999",1
14000US36047059300,059300,Greenpoint,Brooklyn,81319,110625,29306,36.04,"Increase $20k-$39,999",1
14000US36047050801,050801,Flatbush,Brooklyn,50333,74333,24000,47.68,"Increase $20k-$39,999",1
14000US36085022300,022300,Mariner's Harbor-Arlington-Port Ivory-Graniteville,Staten Island,63750,64964,1214,1.90,Roughly unchanged (within +/-$5k),1
14000US36081073100,073100,Forest Hills,Queens,95536,170913,75377,78.90,Increase >= $40k,1
14000US36081026500,026500,Elmhurst-Maspeth,Queens,54091,,,,No data,0
14000US36047012902,012902,Park Slope-Gowanus,Brooklyn,127159,183510,56351,44.32,Increase >= $40k,1
14000US36005002800,002800,Soundview-Castle Hill-Clason Point-Harding Park,Bronx,51138,58068,6930,13.55,"Increase $5k-$19,999",1
14000US36081066100,066100,Middle Village,Queens,88636,116806,28170,31.78,"Increase $20k-$39,999",1
14000US36081065900,065900,Middle Village,Queens,100039,112917,12878,12.87,"Increase $5k-$19,999",1
14000US36081066501,066501,Middle Village,Queens,102708,100391,-2317,-2.26,Roughly unchanged (within +/-$5k),1
14000US36081102900,102900,Whitestone,Queens,85141,102972,17831,20.94,"Increase $5k-$19,999",1
14000US36081063302,063302,Glendale,Queens,85000,102292,17292,20.34,"Increase $5k-$19,999",1
14000US36081063500,063500,Glendale,Queens,75288,86219,10931,14.52,"Increase $5k-$19,999",1
14000US36081063700,063700,Glendale,Queens,97356,91488,-5868,-6.03,"Decline $5k-$19,999",1
14000US36081077500,077500,Kew Gardens,Queens,86319,84427,-1892,-2.19,Roughly unchanged (within +/-$5k),1
14000US36005039700,039700,Belmont,Bronx,33854,31964,-1890,-5.58,Roughly unchanged (within +/-$5k),1
14000US36005039300,039300,Belmont,Bronx,19808,27776,7968,40.23,"Increase $5k-$19,999",1
14000US36047031400,031400,Gravesend,Brooklyn,80439,,,,No data,0
14000US36081063900,063900,Glendale,Queens,77179,102083,24904,32.27,"Increase $20k-$39,999",1
14000US36047024800,024800,Bensonhurst West,Brooklyn,49940,79340,29400,58.87,"Increase $20k-$39,999",1
14000US36047012000,012000,Sunset Park East,Brooklyn,50833,72987,22154,43.58,"Increase $20k-$39,999",1
14000US36047012200,012200,Sunset Park West,Brooklyn,50384,54071,3687,7.32,Roughly unchanged (within +/-$5k),1
14000US36081046300,046300,Elmhurst,Queens,58621,75539,16918,28.86,"Increase $5k-$19,999",1
14000US36081047100,047100,Elmhurst,Queens,47083,60616,13533,28.74,"Increase $5k-$19,999",1
14000US36047011800,011800,Sunset Park East,Brooklyn,54236,62273,8037,14.82,"Increase $5k-$19,999",1
14000US36047021400,021400,Borough Park,Brooklyn,57875,78214,20339,35.14,"Increase $20k-$39,999",1
14000US36005035000,035000,Allerton-Pelham Gardens,Bronx,74583,72778,-1805,-2.42,Roughly unchanged (within +/-$5k),1
14000US36081024900,024900,Woodside,Queens,56853,76987,20134,35.41,"Increase $20k-$39,999",1
14000US36081026100,026100,Woodside,Queens,54200,79419,25219,46.53,"Increase $20k-$39,999",1
14000US36047016100,016100,Prospect Heights,Brooklyn,150469,172234,21765,14.46,"Increase $20k-$39,999",1
14000US36047016300,016300,Prospect Heights,Brooklyn,101688,196630,94942,93.37,Increase >= $40k,1
14000US36061021000,021000,East Harlem North,Manhattan,32396,43645,11249,34.72,"Increase $5k-$19,999",1
14000US36061021200,021200,Central Harlem North-Polo Grounds,Manhattan,53819,69702,15883,29.51,"Increase $5k-$19,999",1
14000US36061015500,015500,Lincoln Square,Manhattan,129779,,,,No data,0
14000US36081012301,012301,Steinway,Queens,96086,106328,10242,10.66,"Increase $5k-$19,999",1
14000US36081085300,085300,Flushing,Queens,34525,35985,1460,4.23,Roughly unchanged (within +/-$5k),1
14000US36081161700,161700,Bellerose,Queens,117813,119688,1875,1.59,Roughly unchanged (within +/-$5k),1
14000US36081099701,099701,Ft. Totten-Bay Terrace-Clearview,Queens,99342,93368,-5974,-6.01,"Decline $5k-$19,999",1
14000US36081101700,101700,Ft. Totten-Bay Terrace-Clearview,Queens,86493,110572,24079,27.84,"Increase $20k-$39,999",1
14000US36005023702,023702,Bedford Park-Fordham North,Bronx,37734,34922,-2812,-7.45,Roughly unchanged (within +/-$5k),1
14000US36005039901,039901,Bedford Park-Fordham North,Bronx,28049,43503,15454,55.10,"Increase $5k-$19,999",1
14000US36005040100,040100,Bedford Park-Fordham North,Bronx,37012,28649,-8363,-22.60,"Decline $5k-$19,999",1
14000US36047030800,030800,Gravesend,Brooklyn,47461,50865,3404,7.17,Roughly unchanged (within +/-$5k),1
14000US36047038200,038200,Gravesend,Brooklyn,18169,22332,4163,22.91,Roughly unchanged (within +/-$5k),1
14000US36047003000,003000,Bay Ridge,Brooklyn,88750,130473,41723,47.01,Increase >= $40k,1
14000US36081085500,085500,Flushing,Queens,38270,42611,4341,11.34,Roughly unchanged (within +/-$5k),1
14000US36081086300,086300,Murray Hill,Queens,42743,53839,11096,25.96,"Increase $5k-$19,999",1
14000US36081028800,028800,Baisley Park,Queens,71518,,,,No data,0
14000US36081029400,029400,Springfield Gardens North,Queens,78199,102984,24785,31.69,"Increase $20k-$39,999",1
14000US36005014300,014300,East Concourse-Concourse Village,Bronx,17204,12367,-4837,-28.12,Roughly unchanged (within +/-$5k),1
14000US36081004401,004401,Ozone Park,Queens,69583,61920,-7663,-11.01,"Decline $5k-$19,999",1
14000US36081005800,005800,Ozone Park,Queens,90230,91875,1645,1.82,Roughly unchanged (within +/-$5k),1
14000US36061020101,020101,Morningside Heights,Manhattan,138750,152250,13500,9.73,"Increase $5k-$19,999",1
14000US36081116300,116300,Murray Hill,Queens,36261,,,,No data,0
14000US36081116700,116700,Murray Hill,Queens,40714,62857,22143,54.39,"Increase $20k-$39,999",1
14000US36081090700,090700,College Point,Queens,51696,101023,49327,95.42,Increase >= $40k,1
14000US36081091900,091900,College Point,Queens,49650,106612,56962,114.73,Increase >= $40k,1
14000US36047019200,019200,Borough Park,Brooklyn,42828,72303,29475,68.82,"Increase $20k-$39,999",1
14000US36047025000,025000,Bensonhurst West,Brooklyn,53186,51250,-1936,-3.64,Roughly unchanged (within +/-$5k),1
14000US36061018500,018500,Upper West Side,Manhattan,129194,162188,32994,25.54,"Increase $20k-$39,999",1
14000US36081051500,051500,Maspeth,Queens,82487,102833,20346,24.67,"Increase $20k-$39,999",1
14000US36061018900,018900,Upper West Side,Manhattan,36250,44263,8013,22.10,"Increase $5k-$19,999",1
14000US36047059100,059100,Greenpoint,Brooklyn,108447,133795,25348,23.37,"Increase $20k-$39,999",1
14000US36047048400,048400,Kensington-Ocean Parkway,Brooklyn,50833,96964,46131,90.75,Increase >= $40k,1
14000US36047048600,048600,Kensington-Ocean Parkway,Brooklyn,50250,65714,15464,30.77,"Increase $5k-$19,999",1
14000US36047075000,075000,Midwood,Brooklyn,77433,103125,25692,33.18,"Increase $20k-$39,999",1
14000US36047075400,075400,Midwood,Brooklyn,115139,115851,712,0.62,Roughly unchanged (within +/-$5k),1
14000US36061013700,013700,Midtown-Midtown South,Manhattan,180172,167929,-12243,-6.80,"Decline $5k-$19,999",1
14000US36061013900,013900,Clinton,Manhattan,101941,108071,6130,6.01,"Increase $5k-$19,999",1
14000US36061014500,014500,Lincoln Square,Manhattan,182083,186389,4306,2.36,Roughly unchanged (within +/-$5k),1
14000US36081010600,010600,South Ozone Park,Queens,66094,121250,55156,83.45,Increase >= $40k,1
14000US36081016600,016600,South Ozone Park,Queens,68229,78108,9879,14.48,"Increase $5k-$19,999",1
14000US36047050804,050804,Flatbush,Brooklyn,60563,110317,49754,82.15,Increase >= $40k,1
14000US36005003300,003300,Mott Haven-Port Morris,Bronx,22127,31289,9162,41.41,"Increase $5k-$19,999",1
14000US36081056000,056000,Queens Village,Queens,70313,139615,69302,98.56,Increase >= $40k,1
14000US36061022700,022700,Hamilton Heights,Manhattan,56818,63574,6756,11.89,"Increase $5k-$19,999",1
14000US36061025900,025900,Central Harlem North-Polo Grounds,Manhattan,63807,79429,15622,24.48,"Increase $5k-$19,999",1
14000US36061006000,006000,Stuyvesant Town-Cooper Village,Manhattan,169778,202600,32822,19.33,"Increase $20k-$39,999",1
14000US36047030400,030400,Bensonhurst East,Brooklyn,41017,68581,27564,67.20,"Increase $20k-$39,999",1
14000US36085013400,013400,New Dorp-Midland Beach,Staten Island,85399,93145,7746,9.07,"Increase $5k-$19,999",1
14000US36047094401,094401,Flatlands,Brooklyn,82986,82500,-486,-0.59,Roughly unchanged (within +/-$5k),1
14000US36047094600,094600,Rugby-Remsen Village,Brooklyn,66750,93667,26917,40.33,"Increase $20k-$39,999",1
14000US36081015500,015500,Astoria,Queens,95208,94375,-833,-0.87,Roughly unchanged (within +/-$5k),1
14000US36081015900,015900,Astoria,Queens,63818,71615,7797,12.22,"Increase $5k-$19,999",1
14000US36081107201,107201,Breezy Point-Belle Harbor-Rockaway Park-Broad Channel,Queens,86055,111354,25299,29.40,"Increase $20k-$39,999",1
14000US36081107202,107202,park-cemetery-etc-Queens,Queens,,,,,No data,0
14000US36047034800,034800,Seagate-Coney Island,Brooklyn,54405,53710,-695,-1.28,Roughly unchanged (within +/-$5k),1
14000US36085012200,012200,New Dorp-Midland Beach,Staten Island,81613,127824,46211,56.62,Increase >= $40k,1
14000US36085011401,011401,Old Town-Dongan Hills-South Beach,Staten Island,44357,50878,6521,14.70,"Increase $5k-$19,999",1
14000US36061014601,014601,Yorkville,Manhattan,139952,139000,-952,-0.68,Roughly unchanged (within +/-$5k),1
14000US36061014602,014602,Yorkville,Manhattan,108623,132457,23834,21.94,"Increase $20k-$39,999",1
14000US36061014802,014802,Upper East Side-Carnegie Hill,Manhattan,137679,179304,41625,30.23,Increase >= $40k,1
14000US36061026100,026100,Washington Heights South,Manhattan,46853,40352,-6501,-13.88,"Decline $5k-$19,999",1
14000US36061025300,025300,Washington Heights South,Manhattan,55786,72763,16977,30.43,"Increase $5k-$19,999",1
14000US36061026300,026300,Washington Heights South,Manhattan,42045,67024,24979,59.41,"Increase $20k-$39,999",1
14000US36061019000,019000,Central Harlem South,Manhattan,58333,121438,63105,108.18,Increase >= $40k,1
14000US36061000700,000700,Battery Park City-Lower Manhattan,Manhattan,184609,190388,5779,3.13,"Increase $5k-$19,999",1
14000US36061000900,000900,Battery Park City-Lower Manhattan,Manhattan,206750,250001,43251,20.92,Increase >= $40k,1
14000US36061003001,003001,Chinatown,Manhattan,70057,88889,18832,26.88,"Increase $5k-$19,999",1
14000US36061005900,005900,West Village,Manhattan,127917,181375,53458,41.79,Increase >= $40k,1
14000US36061012800,012800,Upper East Side-Carnegie Hill,Manhattan,174167,220256,46089,26.46,Increase >= $40k,1
14000US36061004900,004900,SoHo-TriBeCa-Civic Center-Little Italy,Manhattan,96287,146967,50680,52.63,Increase >= $40k,1
14000US36061013200,013200,Lenox Hill-Roosevelt Island,Manhattan,108275,,,,No data,0
14000US36061013400,013400,Lenox Hill-Roosevelt Island,Manhattan,107295,122163,14868,13.86,"Increase $5k-$19,999",1
14000US36061013800,013800,Yorkville,Manhattan,137196,141343,4147,3.02,Roughly unchanged (within +/-$5k),1
14000US36061014000,014000,Upper East Side-Carnegie Hill,Manhattan,137109,220066,82957,60.50,Increase >= $40k,1
14000US36061014402,014402,Yorkville,Manhattan,131884,163086,31202,23.66,"Increase $20k-$39,999",1
14000US36061014200,014200,Upper East Side-Carnegie Hill,Manhattan,191417,250001,58584,30.61,Increase >= $40k,1
14000US36061002202,002202,Lower East Side,Manhattan,92917,151711,58794,63.28,Increase >= $40k,1
14000US36061003002,003002,East Village,Manhattan,63750,74691,10941,17.16,"Increase $5k-$19,999",1
14000US36061018200,018200,East Harlem North,Manhattan,28235,38942,10707,37.92,"Increase $5k-$19,999",1
14000US36061018800,018800,East Harlem North,Manhattan,41160,27237,-13923,-33.83,"Decline $5k-$19,999",1
14000US36061017900,017900,Upper West Side,Manhattan,95921,168859,72938,76.04,Increase >= $40k,1
14000US36061018300,018300,Upper West Side,Manhattan,117679,149367,31688,26.93,"Increase $20k-$39,999",1
14000US36047019700,019700,Clinton Hill,Brooklyn,118958,121235,2277,1.91,Roughly unchanged (within +/-$5k),1
14000US36047023100,023100,Clinton Hill,Brooklyn,91047,160199,69152,75.95,Increase >= $40k,1
14000US36085027301,027301,New Springville-Bloomfield-Travis,Staten Island,68542,116181,47639,69.50,Increase >= $40k,1
14000US36085027302,027302,New Springville-Bloomfield-Travis,Staten Island,85050,106979,21929,25.78,"Increase $20k-$39,999",1
14000US36085011201,011201,Old Town-Dongan Hills-South Beach,Staten Island,79557,92387,12830,16.13,"Increase $5k-$19,999",1
14000US36047034300,034300,Crown Heights North,Brooklyn,33385,28750,-4635,-13.88,Roughly unchanged (within +/-$5k),1
14000US36047034500,034500,Crown Heights North,Brooklyn,44483,81850,37367,84.00,"Increase $20k-$39,999",1
14000US36047022700,022700,Clinton Hill,Brooklyn,95882,119148,23266,24.27,"Increase $20k-$39,999",1
14000US36047082400,082400,Erasmus,Brooklyn,59470,57204,-2266,-3.81,Roughly unchanged (within +/-$5k),1
14000US36047082600,082600,Erasmus,Brooklyn,55000,72543,17543,31.90,"Increase $5k-$19,999",1
14000US36081045500,045500,Corona,Queens,48889,80100,31211,63.84,"Increase $20k-$39,999",1
14000US36081071702,071702,Rego Park,Queens,59667,87958,28291,47.41,"Increase $20k-$39,999",1
14000US36005036502,036502,East Tremont,Bronx,31588,27110,-4478,-14.18,Roughly unchanged (within +/-$5k),1
14000US36005036700,036700,East Tremont,Bronx,34500,27465,-7035,-20.39,"Decline $5k-$19,999",1
14000US36005007700,007700,Melrose South-Mott Haven North,Bronx,38417,50733,12316,32.06,"Increase $5k-$19,999",1
14000US36061023200,023200,Central Harlem North-Polo Grounds,Manhattan,36804,27967,-8837,-24.01,"Decline $5k-$19,999",1
14000US36047047400,047400,Borough Park,Brooklyn,38813,99769,60956,157.05,Increase >= $40k,1
14000US36005022401,022401,Pelham Parkway,Bronx,55909,53398,-2511,-4.49,Roughly unchanged (within +/-$5k),1
14000US36047045800,045800,Midwood,Brooklyn,86250,58958,-27292,-31.64,"Decline $20k-$39,999",1
14000US36047040300,040300,Bushwick South,Brooklyn,60855,103792,42937,70.56,Increase >= $40k,1
14000US36047041100,041100,Bushwick South,Brooklyn,38214,63125,24911,65.19,"Increase $20k-$39,999",1
14000US36061025700,025700,Central Harlem South,Manhattan,79722,104033,24311,30.49,"Increase $20k-$39,999",1
14000US36061019701,019701,Morningside Heights,Manhattan,52656,57292,4636,8.80,Roughly unchanged (within +/-$5k),1
14000US36061020102,020102,Central Harlem South,Manhattan,77750,83375,5625,7.23,"Increase $5k-$19,999",1
14000US36085020801,020801,Rossville-Woodrow,Staten Island,100543,,,,No data,0
14000US36085017007,017007,Arden Heights,Staten Island,79934,107003,27069,33.86,"Increase $20k-$39,999",1
14000US36005015500,015500,Crotona Park East,Bronx,22067,43913,21846,99.00,"Increase $20k-$39,999",1
14000US36047006500,006500,Carroll Gardens-Columbia Street-Red Hook,Brooklyn,165859,202355,36496,22.00,"Increase $20k-$39,999",1
14000US36005038500,038500,Claremont-Bathgate,Bronx,26509,13554,-12955,-48.87,"Decline $5k-$19,999",1
14000US36061006600,006600,Murray Hill-Kips Bay,Manhattan,80797,101990,21193,26.23,"Increase $20k-$39,999",1
14000US36061005600,005600,Hudson Yards-Chelsea-Flatiron-Union Square,Manhattan,145000,183068,38068,26.25,"Increase $20k-$39,999",1
14000US36061007400,007400,Midtown-Midtown South,Manhattan,156964,215511,58547,37.30,Increase >= $40k,1
14000US36047119000,119000,Cypress Hills-City Line,Brooklyn,44821,39733,-5088,-11.35,"Decline $5k-$19,999",1
14000US36047119600,119600,East New York,Brooklyn,39838,56513,16675,41.86,"Increase $5k-$19,999",1
14000US36047021800,021800,Borough Park,Brooklyn,31047,69291,38244,123.18,"Increase $20k-$39,999",1
14000US36047022000,022000,Borough Park,Brooklyn,32088,59395,27307,85.10,"Increase $20k-$39,999",1
14000US36047009400,009400,Sunset Park East,Brooklyn,51042,,,,No data,0
14000US36047009600,009600,Sunset Park East,Brooklyn,44671,83664,38993,87.29,"Increase $20k-$39,999",1
14000US36047061600,061600,Sheepshead Bay-Gerritsen Beach-Manhattan Beach,Brooklyn,110170,183095,72925,66.19,Increase >= $40k,1
14000US36047062000,062000,Sheepshead Bay-Gerritsen Beach-Manhattan Beach,Brooklyn,123500,111932,-11568,-9.37,"Decline $5k-$19,999",1
14000US36081009100,009100,Old Astoria,Queens,71767,99070,27303,38.04,"Increase $20k-$39,999",1
14000US36047007100,007100,DUMBO-Vinegar Hill-Downtown Brooklyn-Boerum Hill,Brooklyn,40938,53786,12848,31.38,"Increase $5k-$19,999",1
14000US36047037000,037000,Brighton Beach,Brooklyn,57888,69493,11605,20.05,"Increase $5k-$19,999",1
14000US36047039000,039000,Homecrest,Brooklyn,70114,72143,2029,2.89,Roughly unchanged (within +/-$5k),1
14000US36081076902,076902,Forest Hills,Queens,65000,134545,69545,106.99,Increase >= $40k,1
14000US36081029900,029900,park-cemetery-etc-Queens,Queens,,,,,No data,0
14000US36005027401,027401,Pelham Bay-Country Club-City Island,Bronx,87500,105346,17846,20.40,"Increase $5k-$19,999",1
14000US36081071306,071306,Forest Hills,Queens,82205,88329,6124,7.45,"Increase $5k-$19,999",1
14000US36047025600,025600,Bensonhurst West,Brooklyn,51625,71250,19625,38.01,"Increase $5k-$19,999",1
14000US36047043200,043200,Bensonhurst East,Brooklyn,63063,79667,16604,26.33,"Increase $5k-$19,999",1
14000US36081157102,157102,Bellerose,Queens,97500,118250,20750,21.28,"Increase $20k-$39,999",1
14000US36081129103,129103,Oakland Gardens,Queens,61434,79367,17933,29.19,"Increase $5k-$19,999",1
14000US36061023300,023300,Hamilton Heights,Manhattan,57389,84927,27538,47.98,"Increase $20k-$39,999",1
14000US36081052500,052500,Maspeth,Queens,73333,77037,3704,5.05,Roughly unchanged (within +/-$5k),1
14000US36005016500,016500,Claremont-Bathgate,Bronx,26739,52446,25707,96.14,"Increase $20k-$39,999",1
14000US36005041100,041100,Bedford Park-Fordham North,Bronx,41587,54219,12632,30.37,"Increase $5k-$19,999",1
14000US36005041300,041300,Bedford Park-Fordham North,Bronx,53032,60254,7222,13.62,"Increase $5k-$19,999",1
14000US36081157101,157101,Bellerose,Queens,97629,90575,-7054,-7.23,"Decline $5k-$19,999",1
14000US36005045101,045101,Woodlawn-Wakefield,Bronx,81094,77246,-3848,-4.75,Roughly unchanged (within +/-$5k),1
14000US36047057900,057900,Greenpoint,Brooklyn,93750,,,,No data,0
14000US36047058900,058900,Greenpoint,Brooklyn,85500,,,,No data,0
14000US36061013500,013500,Clinton,Manhattan,76489,,,,No data,0
14000US36005014500,014500,Claremont-Bathgate,Bronx,30676,28104,-2572,-8.38,Roughly unchanged (within +/-$5k),1
14000US36005014701,014701,Claremont-Bathgate,Bronx,17013,35277,18264,107.35,"Increase $5k-$19,999",1
14000US36047077200,077200,Flatbush,Brooklyn,64205,80855,16650,25.93,"Increase $5k-$19,999",1
14000US36047077400,077400,Flatbush,Brooklyn,71929,72488,559,0.78,Roughly unchanged (within +/-$5k),1
14000US36047009000,009000,Sunset Park East,Brooklyn,47197,,,,No data,0
14000US36047011000,011000,Sunset Park East,Brooklyn,61042,86932,25890,42.41,"Increase $20k-$39,999",1
14000US36061011500,011500,Clinton,Manhattan,110845,138750,27905,25.17,"Increase $20k-$39,999",1
14000US36081008800,008800,Ozone Park,Queens,76875,127313,50438,65.61,Increase >= $40k,1
14000US36081006202,006202,Lindenwood-Howard Beach,Queens,53676,91902,38226,71.22,"Increase $20k-$39,999",1
14000US36061015900,015900,Lincoln Square,Manhattan,127969,156830,28861,22.55,"Increase $20k-$39,999",1
14000US36047079400,079400,Erasmus,Brooklyn,43250,128295,85045,196.64,Increase >= $40k,1
14000US36081032000,032000,Springfield Gardens South-Brookville,Queens,78355,100417,22062,28.16,"Increase $20k-$39,999",1
14000US36081068000,068000,Springfield Gardens South-Brookville,Queens,101458,133510,32052,31.59,"Increase $20k-$39,999",1
14000US36081048300,048300,Elmhurst-Maspeth,Queens,63811,,,,No data,0
14000US36005014100,014100,Morrisania-Melrose,Bronx,31205,38816,7611,24.39,"Increase $5k-$19,999",1
14000US36005018500,018500,Morrisania-Melrose,Bronx,25808,,,,No data,0
14000US36081024500,024500,Woodside,Queens,57817,62647,4830,8.35,Roughly unchanged (within +/-$5k),1
14000US36081024700,024700,Woodside,Queens,71591,57143,-14448,-20.18,"Decline $5k-$19,999",1
14000US36047007500,007500,Carroll Gardens-Columbia Street-Red Hook,Brooklyn,138188,169375,31187,22.57,"Increase $20k-$39,999",1
14000US36081056800,056800,Queens Village,Queens,83295,101321,18026,21.64,"Increase $5k-$19,999",1
14000US36081058000,058000,Queens Village,Queens,87986,139342,51356,58.37,Increase >= $40k,1
14000US36081013700,013700,Steinway,Queens,97100,108056,10956,11.28,"Increase $5k-$19,999",1
14000US36081014100,014100,Astoria,Queens,66923,100568,33645,50.27,"Increase $20k-$39,999",1
14000US36047105804,105804,Starrett City,Brooklyn,32292,38380,6088,18.85,"Increase $5k-$19,999",1
14000US36005037600,037600,Williamsbridge-Olinville,Bronx,49237,60288,11051,22.44,"Increase $5k-$19,999",1
14000US36005017300,017300,East Concourse-Concourse Village,Bronx,20662,33269,12607,61.02,"Increase $5k-$19,999",1
14000US36005034500,034500,North Riverdale-Fieldston-Riverdale,Bronx,74013,100539,26526,35.84,"Increase $20k-$39,999",1
14000US36005003700,003700,Mott Haven-Port Morris,Bronx,,53029,,,No data,0
14000US36061014700,014700,Lincoln Square,Manhattan,207857,202250,-5607,-2.70,"Decline $5k-$19,999",1
14000US36061015100,015100,Lincoln Square,Manhattan,77547,,,,No data,0
14000US36061008601,008601,Turtle Bay-East Midtown,Manhattan,158125,145054,-13071,-8.27,"Decline $5k-$19,999",1
14000US36061008800,008800,Turtle Bay-East Midtown,Manhattan,126788,112782,-14006,-11.05,"Decline $5k-$19,999",1
14000US36061008602,008602,Turtle Bay-East Midtown,Manhattan,,,,,No data,0
14000US36047050803,050803,Flatbush,Brooklyn,55395,68496,13101,23.65,"Increase $5k-$19,999",1
14000US36047079802,079802,Prospect Lefferts Gardens-Wingate,Brooklyn,70769,100438,29669,41.92,"Increase $20k-$39,999",1
14000US36005005300,005300,University Heights-Morris Heights,Bronx,16583,20608,4025,24.27,Roughly unchanged (within +/-$5k),1
14000US36081089200,089200,Lindenwood-Howard Beach,Queens,113269,,,,No data,0
14000US36081006201,006201,Lindenwood-Howard Beach,Queens,61514,61954,440,0.72,Roughly unchanged (within +/-$5k),1
14000US36081088400,088400,Lindenwood-Howard Beach,Queens,90977,96806,5829,6.41,"Increase $5k-$19,999",1
14000US36005005902,005902,East Concourse-Concourse Village,Bronx,30844,51364,20520,66.53,"Increase $20k-$39,999",1
14000US36047051200,051200,Flatbush,Brooklyn,61292,96719,35427,57.80,"Increase $20k-$39,999",1
14000US36005016600,016600,Schuylerville-Throgs Neck-Edgewater Park,Bronx,78333,109519,31186,39.81,"Increase $20k-$39,999",1
14000US36047006300,006300,Carroll Gardens-Columbia Street-Red Hook,Brooklyn,124853,188519,63666,50.99,Increase >= $40k,1
14000US36047005100,005100,Carroll Gardens-Columbia Street-Red Hook,Brooklyn,147188,178913,31725,21.55,"Increase $20k-$39,999",1
14000US36047005900,005900,Carroll Gardens-Columbia Street-Red Hook,Brooklyn,71042,110288,39246,55.24,"Increase $20k-$39,999",1
14000US36085024700,024700,Port Richmond,Staten Island,64297,79833,15536,24.16,"Increase $5k-$19,999",1
14000US36047035400,035400,West Brighton,Brooklyn,50599,63382,12783,25.26,"Increase $5k-$19,999",1
14000US36047036600,036600,Brighton Beach,Brooklyn,48050,52385,4335,9.02,Roughly unchanged (within +/-$5k),1
14000US36081003900,003900,Queensbridge-Ravenswood-Long Island City,Queens,48269,59988,11719,24.28,"Increase $5k-$19,999",1
14000US36085013203,013203,Great Kills,Staten Island,87014,102750,15736,18.08,"Increase $5k-$19,999",1
14000US36061012900,012900,Clinton,Manhattan,99798,,,,No data,0
14000US36047050000,050000,Windsor Terrace,Brooklyn,98421,,,,No data,0
14000US36081056400,056400,Queens Village,Queens,57132,95000,37868,66.28,"Increase $20k-$39,999",1
14000US36061023900,023900,Washington Heights South,Manhattan,39095,48816,9721,24.87,"Increase $5k-$19,999",1
14000US36047054500,054500,Williamsburg,Brooklyn,23555,42071,18516,78.61,"Increase $5k-$19,999",1
14000US36047069602,069602,Georgetown-Marine Park-Bergen Beach-Mill Basin,Brooklyn,77682,119451,41769,53.77,Increase >= $40k,1
14000US36085017008,017008,Arden Heights,Staten Island,109412,,,,No data,0
14000US36005006200,006200,West Farms-Bronx River,Bronx,25206,27453,2247,8.91,Roughly unchanged (within +/-$5k),1
14000US36081127700,127700,Jamaica Estates-Holliswood,Queens,143281,119591,-23690,-16.53,"Decline $20k-$39,999",1
14000US36081138502,138502,park-cemetery-etc-Queens,Queens,,,,,No data,0
14000US36081152901,152901,Douglas Manor-Douglaston-Little Neck,Queens,93819,100909,7090,7.56,"Increase $5k-$19,999",1
14000US36047014100,014100,Park Slope-Gowanus,Brooklyn,101250,,,,No data,0
14000US36047010100,010100,Sunset Park West,Brooklyn,75707,136705,60998,80.57,Increase >= $40k,1
14000US36081048900,048900,Elmhurst-Maspeth,Queens,64708,61552,-3156,-4.88,Roughly unchanged (within +/-$5k),1
14000US36047014500,014500,Sunset Park West,Brooklyn,87543,117800,30257,34.56,"Increase $20k-$39,999",1
14000US36047011700,011700,Park Slope-Gowanus,Brooklyn,101628,153348,51720,50.89,Increase >= $40k,1
14000US36005021001,021001,Parkchester,Bronx,54076,52629,-1447,-2.68,Roughly unchanged (within +/-$5k),1
14000US36047038700,038700,Stuyvesant Heights,Brooklyn,64917,93221,28304,43.60,"Increase $20k-$39,999",1
14000US36047039500,039500,Bushwick South,Brooklyn,56598,84219,27621,48.80,"Increase $20k-$39,999",1
14000US36047028900,028900,Stuyvesant Heights,Brooklyn,44313,50152,5839,13.18,"Increase $5k-$19,999",1
14000US36081003600,003600,Woodhaven,Queens,80868,64459,-16409,-20.29,"Decline $5k-$19,999",1
14000US36005003500,003500,Mott Haven-Port Morris,Bronx,31310,36569,5259,16.80,"Increase $5k-$19,999",1
14000US36005007300,007300,Melrose South-Mott Haven North,Bronx,22344,29978,7634,34.17,"Increase $5k-$19,999",1
14000US36081001900,001900,Hunters Point-Sunnyside-West Maspeth,Queens,141914,,,,No data,0
14000US36081017100,017100,Hunters Point-Sunnyside-West Maspeth,Queens,,,,,No data,0
14000US36085012500,012500,West New Brighton-New Brighton-St. George,Staten Island,81250,138000,56750,69.85,Increase >= $40k,1
14000US36085014700,014700,Westerleigh,Staten Island,99856,123015,23159,23.19,"Increase $20k-$39,999",1
14000US36061000800,000800,Chinatown,Manhattan,33487,31262,-2225,-6.64,Roughly unchanged (within +/-$5k),1
14000US36047056300,056300,Greenpoint,Brooklyn,90948,,,,No data,0
14000US36005004100,004100,Mott Haven-Port Morris,Bronx,19643,14592,-5051,-25.71,"Decline $5k-$19,999",1
14000US36005004300,004300,Mott Haven-Port Morris,Bronx,21689,23393,1704,7.86,Roughly unchanged (within +/-$5k),1
14000US36047095400,095400,Canarsie,Brooklyn,78386,108309,29923,38.17,"Increase $20k-$39,999",1
14000US36047096000,096000,Canarsie,Brooklyn,,,,,No data,0
14000US36047099600,099600,Canarsie,Brooklyn,70093,86426,16333,23.30,"Increase $5k-$19,999",1
14000US36047099800,099800,Canarsie,Brooklyn,77066,98153,21087,27.36,"Increase $20k-$39,999",1
14000US36061011401,011401,Upper East Side-Carnegie Hill,Manhattan,250001,155809,-94192,-37.68,Decline >= $40k,1
14000US36005023800,023800,Van Nest-Morris Park-Westchester Square,Bronx,52599,64408,11809,22.45,"Increase $5k-$19,999",1
14000US36061029100,029100,Marble Hill-Inwood,Manhattan,47054,62348,15294,32.50,"Increase $5k-$19,999",1
14000US36081099100,099100,Whitestone,Queens,100965,110250,9285,9.20,"Increase $5k-$19,999",1
14000US36005035100,035100,North Riverdale-Fieldston-Riverdale,Bronx,93750,94948,1198,1.28,Roughly unchanged (within +/-$5k),1
14000US36005030200,030200,Co-op City,Bronx,54087,,,,No data,0
14000US36047062600,062600,Sheepshead Bay-Gerritsen Beach-Manhattan Beach,Brooklyn,58102,67218,9116,15.69,"Increase $5k-$19,999",1
14000US36047062800,062800,Sheepshead Bay-Gerritsen Beach-Manhattan Beach,Brooklyn,84091,110377,26286,31.26,"Increase $20k-$39,999",1
14000US36085011202,011202,New Dorp-Midland Beach,Staten Island,81016,,,,No data,0
14000US36085012804,012804,New Dorp-Midland Beach,Staten Island,81107,97624,16517,20.36,"Increase $5k-$19,999",1
14000US36047066200,066200,Georgetown-Marine Park-Bergen Beach-Mill Basin,Brooklyn,88490,61083,-27407,-30.97,"Decline $20k-$39,999",1
14000US36005032300,032300,North Riverdale-Fieldston-Riverdale,Bronx,85448,95556,10108,11.83,"Increase $5k-$19,999",1
14000US36005033700,033700,North Riverdale-Fieldston-Riverdale,Bronx,97847,125273,27426,28.03,"Increase $20k-$39,999",1
14000US36081002200,002200,Woodhaven,Queens,77813,71667,-6146,-7.90,"Decline $5k-$19,999",1
14000US36081001800,001800,Woodhaven,Queens,69479,118694,49215,70.83,Increase >= $40k,1
14000US36081002000,002000,Woodhaven,Queens,86938,138750,51812,59.60,Increase >= $40k,1
14000US36061021900,021900,Manhattanville,Manhattan,19907,21938,2031,10.20,Roughly unchanged (within +/-$5k),1
14000US36081066400,066400,Rosedale,Queens,92912,,,,No data,0
14000US36047005300,005300,Carroll Gardens-Columbia Street-Red Hook,Brooklyn,104583,,,,No data,0
14000US36085003600,003600,Stapleton-Rosebank,Staten Island,88097,88929,832,0.94,Roughly unchanged (within +/-$5k),1
14000US36085005000,005000,Grasmere-Arrochar-Ft. Wadsworth,Staten Island,81875,74890,-6985,-8.53,"Decline $5k-$19,999",1
14000US36081021600,021600,Kew Gardens,Queens,77579,,,,No data,0
14000US36061011100,011100,Hudson Yards-Chelsea-Flatiron-Union Square,Manhattan,112917,104451,-8466,-7.50,"Decline $5k-$19,999",1
14000US36061024500,024500,Washington Heights South,Manhattan,49118,51403,2285,4.65,Roughly unchanged (within +/-$5k),1
14000US36061025100,025100,Washington Heights South,Manhattan,42157,37839,-4318,-10.24,Roughly unchanged (within +/-$5k),1
14000US36047049900,049900,Greenpoint,Brooklyn,76612,146106,69494,90.71,Increase >= $40k,1
14000US36047050100,050100,East Williamsburg,Brooklyn,112679,126696,14017,12.44,"Increase $5k-$19,999",1
14000US36047051500,051500,North Side-South Side,Brooklyn,158452,246707,88255,55.70,Increase >= $40k,1
14000US36005040900,040900,Van Cortlandt Village,Bronx,52956,67793,14837,28.02,"Increase $5k-$19,999",1
14000US36005042100,042100,Norwood,Bronx,38083,52824,14741,38.71,"Increase $5k-$19,999",1
14000US36085015603,015603,Great Kills,Staten Island,90106,102792,12686,14.08,"Increase $5k-$19,999",1
14000US36081047200,047200,Jamaica Estates-Holliswood,Queens,70462,128274,57812,82.05,Increase >= $40k,1
14000US36081047600,047600,Jamaica Estates-Holliswood,Queens,126053,115335,-10718,-8.50,"Decline $5k-$19,999",1
14000US36081118900,118900,East Flushing,Queens,61630,56446,-5184,-8.41,"Decline $5k-$19,999",1
14000US36047093400,093400,Rugby-Remsen Village,Brooklyn,72727,73321,594,0.82,Roughly unchanged (within +/-$5k),1
14000US36047093600,093600,Rugby-Remsen Village,Brooklyn,63929,79773,15844,24.78,"Increase $5k-$19,999",1
14000US36047092800,092800,Rugby-Remsen Village,Brooklyn,58171,82250,24079,41.39,"Increase $20k-$39,999",1
14000US36047036502,036502,Ocean Hill,Brooklyn,38750,67038,28288,73.00,"Increase $20k-$39,999",1
14000US36047036700,036700,Ocean Hill,Brooklyn,54432,70426,15994,29.38,"Increase $5k-$19,999",1
14000US36081121100,121100,park-cemetery-etc-Queens,Queens,,,,,No data,0
14000US36081141700,141700,Auburndale,Queens,73182,76275,3093,4.23,Roughly unchanged (within +/-$5k),1
14000US36005023100,023100,Mount Hope,Bronx,29263,,,,No data,0
14000US36005038100,038100,Mount Hope,Bronx,38905,42015,3110,7.99,Roughly unchanged (within +/-$5k),1
14000US36081050500,050500,Middle Village,Queens,72000,113438,41438,57.55,Increase >= $40k,1
14000US36061016002,016002,East Harlem South,Manhattan,123370,121216,-2154,-1.75,Roughly unchanged (within +/-$5k),1
14000US36061016800,016800,East Harlem South,Manhattan,22475,38833,16358,72.78,"Increase $5k-$19,999",1
14000US36061007900,007900,West Village,Manhattan,92788,200079,107291,115.63,Increase >= $40k,1
14000US36061006900,006900,West Village,Manhattan,250001,238563,-11438,-4.58,"Decline $5k-$19,999",1
14000US36061007500,007500,West Village,Manhattan,137449,187647,50198,36.52,Increase >= $40k,1
14000US36081077300,077300,Kew Gardens,Queens,73500,106964,33464,45.53,"Increase $20k-$39,999",1
14000US36085031901,031901,Mariner's Harbor-Arlington-Port Ivory-Graniteville,Staten Island,21250,51743,30493,143.50,"Increase $20k-$39,999",1
14000US36081086100,086100,East Flushing,Queens,48990,42026,-6964,-14.22,"Decline $5k-$19,999",1
14000US36081120100,120100,East Flushing,Queens,61806,86125,24319,39.35,"Increase $20k-$39,999",1
14000US36081081400,081400,South Ozone Park,Queens,91189,105179,13990,15.34,"Increase $5k-$19,999",1
14000US36005023703,023703,Fordham South,Bronx,30109,32892,2783,9.24,Roughly unchanged (within +/-$5k),1
14000US36081130100,130100,Bellerose,Queens,87404,94854,7450,8.52,"Increase $5k-$19,999",1
14000US36047111800,111800,East New York,Brooklyn,39390,66838,27448,69.68,"Increase $20k-$39,999",1
14000US36047112000,112000,East New York,Brooklyn,36447,72167,35720,98.01,"Increase $20k-$39,999",1
14000US36081059600,059600,Cambria Heights,Queens,72578,92162,19584,26.98,"Increase $5k-$19,999",1
14000US36081070900,070900,Forest Hills,Queens,97026,117375,20349,20.97,"Increase $20k-$39,999",1
14000US36081060000,060000,Cambria Heights,Queens,96875,129519,32644,33.70,"Increase $20k-$39,999",1
14000US36081062200,062200,Cambria Heights,Queens,103977,122938,18961,18.24,"Increase $5k-$19,999",1
14000US36081016300,016300,Astoria,Queens,22317,35237,12920,57.89,"Increase $5k-$19,999",1
14000US36081029500,029500,Woodside,Queens,69534,81051,11517,16.56,"Increase $5k-$19,999",1
14000US36081059200,059200,Cambria Heights,Queens,115625,77857,-37768,-32.66,"Decline $20k-$39,999",1
14000US36081059400,059400,Cambria Heights,Queens,130500,134297,3797,2.91,Roughly unchanged (within +/-$5k),1
14000US36081070300,070300,Rego Park,Queens,68846,106250,37404,54.33,"Increase $20k-$39,999",1
14000US36081013600,013600,Kew Gardens,Queens,76538,86601,10063,13.15,"Increase $5k-$19,999",1
14000US36081013800,013800,Kew Gardens,Queens,68125,76938,8813,12.94,"Increase $5k-$19,999",1
14000US36081069702,069702,Rego Park,Queens,87168,92489,5321,6.10,"Increase $5k-$19,999",1
14000US36081053401,053401,Cambria Heights,Queens,92961,103594,10633,11.44,"Increase $5k-$19,999",1
14000US36081059800,059800,Cambria Heights,Queens,88438,96250,7812,8.83,"Increase $5k-$19,999",1
14000US36005046000,046000,Eastchester-Edenwald-Baychester,Bronx,31932,44355,12423,38.90,"Increase $5k-$19,999",1
14000US36081156700,156700,Bellerose,Queens,57750,59722,1972,3.41,Roughly unchanged (within +/-$5k),1
14000US36081162100,162100,Bellerose,Queens,76655,121101,44446,57.98,Increase >= $40k,1
14000US36005031000,031000,Allerton-Pelham Gardens,Bronx,87336,148168,60832,69.65,Increase >= $40k,1
14000US36005026400,026400,Schuylerville-Throgs Neck-Edgewater Park,Bronx,48832,65337,16505,33.80,"Increase $5k-$19,999",1
14000US36005045102,045102,Woodlawn-Wakefield,Bronx,75089,99395,24306,32.37,"Increase $20k-$39,999",1
14000US36081063800,063800,Rosedale,Queens,101957,164604,62647,61.44,Increase >= $40k,1
14000US36061019400,019400,East Harlem North,Manhattan,20373,45750,25377,124.56,"Increase $20k-$39,999",1
14000US36005005200,005200,Soundview-Bruckner,Bronx,21140,39743,18603,88.00,"Increase $5k-$19,999",1
14000US36005022701,022701,Mount Hope,Bronx,34159,37828,3669,10.74,Roughly unchanged (within +/-$5k),1
14000US36005003100,003100,Mott Haven-Port Morris,Bronx,43255,59297,16042,37.09,"Increase $5k-$19,999",1
14000US36005023000,023000,Van Nest-Morris Park-Westchester Square,Bronx,38958,53826,14868,38.16,"Increase $5k-$19,999",1
14000US36081003400,003400,Woodhaven,Queens,76923,74922,-2001,-2.60,Roughly unchanged (within +/-$5k),1
14000US36047118600,118600,Cypress Hills-City Line,Brooklyn,64132,78971,14839,23.14,"Increase $5k-$19,999",1
14000US36005009800,009800,Westchester-Unionport,Bronx,68487,97896,29409,42.94,"Increase $20k-$39,999",1
14000US36005007800,007800,Westchester-Unionport,Bronx,52360,47216,-5144,-9.82,"Decline $5k-$19,999",1
14000US36081008100,008100,Old Astoria,Queens,84375,122798,38423,45.54,"Increase $20k-$39,999",1
14000US36081008700,008700,Old Astoria,Queens,26750,,,,No data,0
14000US36005022901,022901,Mount Hope,Bronx,35461,52222,16761,47.27,"Increase $5k-$19,999",1
14000US36005023302,023302,Mount Hope,Bronx,42500,69030,26530,62.42,"Increase $20k-$39,999",1
14000US36061002100,002100,SoHo-TriBeCa-Civic Center-Little Italy,Manhattan,250001,250001,0,0.00,Roughly unchanged (within +/-$5k),1
14000US36005025500,025500,Kingsbridge Heights,Bronx,35466,49159,13693,38.61,"Increase $5k-$19,999",1
14000US36005026100,026100,Kingsbridge Heights,Bronx,76272,59242,-17030,-22.33,"Decline $5k-$19,999",1
14000US36005026300,026300,Kingsbridge Heights,Bronx,19629,42100,22471,114.48,"Increase $20k-$39,999",1
14000US36085005900,005900,New Brighton-Silver Lake,Staten Island,81583,,,,No data,0
14000US36081019900,019900,Hunters Point-Sunnyside-West Maspeth,Queens,41250,,,,No data,0
14000US36081020500,020500,Hunters Point-Sunnyside-West Maspeth,Queens,56389,76786,20397,36.17,"Increase $20k-$39,999",1
14000US36005038000,038000,Williamsbridge-Olinville,Bronx,37544,48073,10529,28.04,"Increase $5k-$19,999",1
14000US36005026900,026900,Kingsbridge Heights,Bronx,39167,27569,-11598,-29.61,"Decline $5k-$19,999",1
14000US36081128300,128300,park-cemetery-etc-Queens,Queens,,,,,No data,0
14000US36005011700,011700,Hunts Point,Bronx,21595,,,,No data,0
14000US36085007000,007000,Old Town-Dongan Hills-South Beach,Staten Island,76149,,,,No data,0
14000US36081069000,069000,Springfield Gardens South-Brookville,Queens,96875,111464,14589,15.06,"Increase $5k-$19,999",1
14000US36081069400,069400,Springfield Gardens South-Brookville,Queens,82332,117692,35360,42.95,"Increase $20k-$39,999",1
14000US36047114201,114201,Cypress Hills-City Line,Brooklyn,,39531,,,No data,0
14000US36047114600,114600,Cypress Hills-City Line,Brooklyn,35109,82228,47119,134.21,Increase >= $40k,1
14000US36047086400,086400,Rugby-Remsen Village,Brooklyn,49265,71016,21751,44.15,"Increase $20k-$39,999",1
14000US36047088600,088600,Rugby-Remsen Village,Brooklyn,35196,57674,22478,63.87,"Increase $20k-$39,999",1
14000US36047090800,090800,Brownsville,Brooklyn,9740,44875,35135,360.73,"Increase $20k-$39,999",1
14000US36005018900,018900,Highbridge,Bronx,27339,54056,26717,97.72,"Increase $20k-$39,999",1
14000US36005017701,017701,East Concourse-Concourse Village,Bronx,28750,62126,33376,116.09,"Increase $20k-$39,999",1
14000US36061027300,027300,Washington Heights North,Manhattan,89882,122654,32772,36.46,"Increase $20k-$39,999",1
14000US36061028100,028100,Washington Heights North,Manhattan,98125,143194,45069,45.93,Increase >= $40k,1
14000US36005029500,029500,Spuyten Duyvil-Kingsbridge,Bronx,95833,98125,2292,2.39,Roughly unchanged (within +/-$5k),1
14000US36081030600,030600,Springfield Gardens South-Brookville,Queens,76755,111458,34703,45.21,"Increase $20k-$39,999",1
14000US36081084602,084602,South Ozone Park,Queens,65893,91953,26060,39.55,"Increase $20k-$39,999",1
14000US36081061900,061900,Middle Village,Queens,91750,62083,-29667,-32.33,"Decline $20k-$39,999",1
14000US36081062100,062100,Middle Village,Queens,68558,77011,8453,12.33,"Increase $5k-$19,999",1
14000US36081040100,040100,North Corona,Queens,59214,,,,No data,0
14000US36061019100,019100,Upper West Side,Manhattan,113125,142500,29375,25.97,"Increase $20k-$39,999",1
14000US36061019500,019500,Morningside Heights,Manhattan,88785,122103,33318,37.53,"Increase $20k-$39,999",1
14000US36005028100,028100,Van Cortlandt Village,Bronx,67933,65982,-1951,-2.87,Roughly unchanged (within +/-$5k),1
14000US36005035800,035800,Eastchester-Edenwald-Baychester,Bronx,69766,87553,17787,25.50,"Increase $5k-$19,999",1
14000US36005046202,046202,Co-op City,Bronx,62532,,,,No data,0
14000US36061027900,027900,Washington Heights North,Manhattan,48245,68596,20351,42.18,"Increase $20k-$39,999",1
14000US36061028300,028300,Washington Heights North,Manhattan,56855,64803,7948,13.98,"Increase $5k-$19,999",1
14000US36061030300,030300,Marble Hill-Inwood,Manhattan,70223,94208,23985,34.16,"Increase $20k-$39,999",1
14000US36061030700,030700,Marble Hill-Inwood,Manhattan,90714,108073,17359,19.14,"Increase $5k-$19,999",1
14000US36061024302,024302,Central Harlem North-Polo Grounds,Manhattan,24286,23574,-712,-2.93,Roughly unchanged (within +/-$5k),1
14000US36085027702,027702,Todt Hill-Emerson Hill-Heartland Village-Lighthouse Hill,Staten Island,75022,88295,13273,17.69,"Increase $5k-$19,999",1
14000US36085027706,027706,Todt Hill-Emerson Hill-Heartland Village-Lighthouse Hill,Staten Island,103897,60781,-43116,-41.50,Decline >= $40k,1
14000US36081091800,091800,park-cemetery-etc-Queens,Queens,,,,,No data,0
14000US36081092200,092200,Breezy Point-Belle Harbor-Rockaway Park-Broad Channel,Queens,131146,175682,44536,33.96,Increase >= $40k,1
14000US36047055400,055400,Homecrest,Brooklyn,45257,64894,19637,43.39,"Increase $5k-$19,999",1
14000US36061028500,028500,Washington Heights North,Manhattan,48504,51026,2522,5.20,Roughly unchanged (within +/-$5k),1
14000US36061028700,028700,Washington Heights North,Manhattan,60128,89476,29348,48.81,"Increase $20k-$39,999",1
14000US36005038302,038302,Fordham South,Bronx,20519,,,,No data,0
14000US36005039902,039902,Bedford Park-Fordham North,Bronx,36683,43491,6808,18.56,"Increase $5k-$19,999",1
14000US36061023600,023600,Central Harlem North-Polo Grounds,Manhattan,46761,43679,-3082,-6.59,Roughly unchanged (within +/-$5k),1
14000US36085002100,002100,Stapleton-Rosebank,Staten Island,50489,46667,-3822,-7.57,Roughly unchanged (within +/-$5k),1
14000US36047004600,004600,Bay Ridge,Brooklyn,131806,134773,2967,2.25,Roughly unchanged (within +/-$5k),1
14000US36085990100,990100,park-cemetery-etc-Queens,Staten Island,,,,,No data,0
14000US36005000100,000100,Rikers Island,Bronx,,,,,No data,0
14000US36081092900,092900,College Point,Queens,60973,112324,51351,84.22,Increase >= $40k,1
14000US36081009900,009900,park-cemetery-etc-Queens,Queens,,,,,No data,0
14000US36061024000,024000,park-cemetery-etc-Manhattan,Manhattan,,,,,No data,0
14000US36005021502,021502,University Heights-Morris Heights,Bronx,25238,20415,-4823,-19.11,Roughly unchanged (within +/-$5k),1
14000US36005021700,021700,University Heights-Morris Heights,Bronx,36420,36195,-225,-0.62,Roughly unchanged (within +/-$5k),1
14000US36081014202,014202,Richmond Hill,Queens,67614,88750,21136,31.26,"Increase $20k-$39,999",1
14000US36081014400,014400,Richmond Hill,Queens,56875,80101,23226,40.84,"Increase $20k-$39,999",1
14000US36081095400,095400,Hammels-Arverne-Edgemere,Queens,57984,82053,24069,41.51,"Increase $20k-$39,999",1
14000US36081096400,096400,Hammels-Arverne-Edgemere,Queens,77292,89432,12140,15.71,"Increase $5k-$19,999",1
14000US36061005700,005700,West Village,Manhattan,183810,201116,17306,9.42,"Increase $5k-$19,999",1
14000US36081024300,024300,Elmhurst-Maspeth,Queens,69583,60880,-8703,-12.51,"Decline $5k-$19,999",1
14000US36081051300,051300,Maspeth,Queens,91218,83618,-7600,-8.33,"Decline $5k-$19,999",1
14000US36081051700,051700,Maspeth,Queens,86513,113125,26612,30.76,"Increase $20k-$39,999",1
14000US36081053100,053100,Maspeth,Queens,63447,73938,10491,16.54,"Increase $5k-$19,999",1
14000US36081094202,094202,Hammels-Arverne-Edgemere,Queens,44013,56800,12787,29.05,"Increase $5k-$19,999",1
14000US36081094203,094203,Hammels-Arverne-Edgemere,Queens,57411,48482,-8929,-15.55,"Decline $5k-$19,999",1
14000US36047044900,044900,East Williamsburg,Brooklyn,22102,,,,No data,0
14000US36047070202,070202,park-cemetery-etc-Brooklyn,Brooklyn,,,,,No data,0
14000US36047001500,001500,DUMBO-Vinegar Hill-Downtown Brooklyn-Boerum Hill,Brooklyn,87237,,,,No data,0
14000US36061022500,022500,Hamilton Heights,Manhattan,60585,53424,-7161,-11.82,"Decline $5k-$19,999",1
14000US36061022900,022900,Hamilton Heights,Manhattan,52907,60346,7439,14.06,"Increase $5k-$19,999",1
14000US36081099802,099802,Far Rockaway-Bayswater,Queens,43961,41654,-2307,-5.25,Roughly unchanged (within +/-$5k),1
14000US36081099200,099200,Hammels-Arverne-Edgemere,Queens,38301,36736,-1565,-4.09,Roughly unchanged (within +/-$5k),1
14000US36081050000,050000,Hollis,Queens,56150,68850,12700,22.62,"Increase $5k-$19,999",1
14000US36081050201,050201,Hollis,Queens,71250,90972,19722,27.68,"Increase $5k-$19,999",1
14000US36005016100,016100,Crotona Park East,Bronx,17960,23210,5250,29.23,"Increase $5k-$19,999",1
14000US36005016300,016300,park-cemetery-etc-Bronx,Bronx,,,,,No data,0
14000US36081064500,064500,Forest Hills,Queens,77364,81250,3886,5.02,Roughly unchanged (within +/-$5k),1
14000US36047002300,002300,DUMBO-Vinegar Hill-Downtown Brooklyn-Boerum Hill,Brooklyn,18387,34977,16590,90.23,"Increase $5k-$19,999",1
14000US36047020300,020300,Prospect Heights,Brooklyn,123229,160795,37566,30.48,"Increase $20k-$39,999",1
14000US36081039900,039900,Corona,Queens,70282,,,,No data,0
14000US36005008500,008500,Longwood,Bronx,31370,41535,10165,32.40,"Increase $5k-$19,999",1
14000US36005008300,008300,Longwood,Bronx,32167,48634,16467,51.19,"Increase $5k-$19,999",1
14000US36005009300,009300,Hunts Point,Bronx,32852,,,,No data,0
14000US36047049100,049100,East Williamsburg,Brooklyn,48566,46137,-2429,-5.00,Roughly unchanged (within +/-$5k),1
14000US36047050700,050700,Bedford,Brooklyn,35469,59158,23689,66.79,"Increase $20k-$39,999",1
14000US36005006000,006000,Crotona Park East,Bronx,34898,78269,43371,124.28,Increase >= $40k,1
14000US36005015700,015700,Crotona Park East,Bronx,33468,46504,13036,38.95,"Increase $5k-$19,999",1
14000US36047016400,016400,Bay Ridge,Brooklyn,106570,106875,305,0.29,Roughly unchanged (within +/-$5k),1
14000US36047016800,016800,Bath Beach,Brooklyn,88750,118341,29591,33.34,"Increase $20k-$39,999",1
14000US36005021301,021301,University Heights-Morris Heights,Bronx,25509,37171,11662,45.72,"Increase $5k-$19,999",1
14000US36005000400,000400,Soundview-Castle Hill-Clason Point-Harding Park,Bronx,78409,105924,27515,35.09,"Increase $20k-$39,999",1
14000US36005008400,008400,Soundview-Castle Hill-Clason Point-Harding Park,Bronx,85750,63631,-22119,-25.79,"Decline $20k-$39,999",1
14000US36081044000,044000,South Jamaica,Queens,68633,67463,-1170,-1.70,Roughly unchanged (within +/-$5k),1
14000US36005020501,020501,University Heights-Morris Heights,Bronx,17601,27349,9748,55.38,"Increase $5k-$19,999",1
14000US36005020502,020502,University Heights-Morris Heights,Bronx,18919,39688,20769,109.78,"Increase $20k-$39,999",1
14000US36061000600,000600,Lower East Side,Manhattan,16600,36893,20293,122.25,"Increase $20k-$39,999",1
14000US36047053700,053700,Williamsburg,Brooklyn,40644,44085,3441,8.47,Roughly unchanged (within +/-$5k),1
14000US36047053900,053900,Williamsburg,Brooklyn,20902,46914,26012,124.45,"Increase $20k-$39,999",1
14000US36047032800,032800,Seagate-Coney Island,Brooklyn,41353,53526,12173,29.44,"Increase $5k-$19,999",1
14000US36047033000,033000,Seagate-Coney Island,Brooklyn,22933,23583,650,2.83,Roughly unchanged (within +/-$5k),1
14000US36047062200,062200,Sheepshead Bay-Gerritsen Beach-Manhattan Beach,Brooklyn,74290,68821,-5469,-7.36,"Decline $5k-$19,999",1
14000US36047002901,002901,Fort Greene,Brooklyn,29651,22855,-6796,-22.92,"Decline $5k-$19,999",1
14000US36047021100,021100,Fort Greene,Brooklyn,49679,85225,35546,71.55,"Increase $20k-$39,999",1
14000US36081077902,077902,Kew Gardens Hills,Queens,84375,102363,17988,21.32,"Increase $5k-$19,999",1
14000US36081077906,077906,Kew Gardens Hills,Queens,64614,86324,21710,33.60,"Increase $20k-$39,999",1
14000US36047013800,013800,Bay Ridge,Brooklyn,60950,112703,51753,84.91,Increase >= $40k,1
14000US36047013400,013400,Bay Ridge,Brooklyn,81774,99886,18112,22.15,"Increase $5k-$19,999",1
14000US36047013600,013600,Bay Ridge,Brooklyn,86165,88182,2017,2.34,Roughly unchanged (within +/-$5k),1
14000US36081147900,147900,Douglas Manor-Douglaston-Little Neck,Queens,89286,92045,2759,3.09,Roughly unchanged (within +/-$5k),1
14000US36081150701,150701,Douglas Manor-Douglaston-Little Neck,Queens,146071,158875,12804,8.77,"Increase $5k-$19,999",1
14000US36047056100,056100,Greenpoint,Brooklyn,108750,151875,43125,39.66,Increase >= $40k,1
14000US36047056900,056900,Greenpoint,Brooklyn,128036,159286,31250,24.41,"Increase $20k-$39,999",1
14000US36005034800,034800,Allerton-Pelham Gardens,Bronx,42813,55700,12887,30.10,"Increase $5k-$19,999",1
14000US36005046201,046201,Co-op City,Bronx,52601,,,,No data,0
14000US36081060701,060701,Middle Village,Queens,,,,,No data,0
14000US36047042700,042700,Bushwick North,Brooklyn,59965,92250,32285,53.84,"Increase $20k-$39,999",1
14000US36047045300,045300,Bushwick North,Brooklyn,51953,70598,18645,35.89,"Increase $5k-$19,999",1
14000US36047070201,070201,Georgetown-Marine Park-Bergen Beach-Mill Basin,Brooklyn,108669,130174,21505,19.79,"Increase $20k-$39,999",1
14000US36047070600,070600,Georgetown-Marine Park-Bergen Beach-Mill Basin,Brooklyn,112557,,,,No data,0
14000US36085020700,020700,Port Richmond,Staten Island,33670,,,,No data,0
14000US36085021300,021300,Port Richmond,Staten Island,69640,103992,34352,49.33,"Increase $20k-$39,999",1
14000US36047021900,021900,Crown Heights North,Brooklyn,72440,122589,50149,69.23,Increase >= $40k,1
14000US36047031702,031702,Crown Heights North,Brooklyn,78355,115512,37157,47.42,"Increase $20k-$39,999",1
14000US36081061601,061601,Laurelton,Queens,85987,107838,21851,25.41,"Increase $20k-$39,999",1
14000US36081061602,061602,Rosedale,Queens,108676,127857,19181,17.65,"Increase $5k-$19,999",1
14000US36047000700,000700,Brooklyn Heights-Cobble Hill,Brooklyn,160272,201827,41555,25.93,Increase >= $40k,1
14000US36047098200,098200,Canarsie,Brooklyn,20751,25125,4374,21.08,Roughly unchanged (within +/-$5k),1
14000US36047110400,110400,East New York,Brooklyn,36630,72229,35599,97.19,"Increase $20k-$39,999",1
14000US36081071100,071100,Forest Hills,Queens,95368,100149,4781,5.01,Roughly unchanged (within +/-$5k),1
14000US36081037500,037500,North Corona,Queens,56875,,,,No data,0
14000US36081027300,027300,Jackson Heights,Queens,47943,,,,No data,0
14000US36081046500,046500,Elmhurst,Queens,59318,94125,34807,58.68,"Increase $20k-$39,999",1
14000US36061011600,011600,Lenox Hill-Roosevelt Island,Manhattan,92426,90212,-2214,-2.40,Roughly unchanged (within +/-$5k),1
14000US36061012400,012400,Lenox Hill-Roosevelt Island,Manhattan,128415,120709,-7706,-6.00,"Decline $5k-$19,999",1
14000US36061016300,016300,Upper West Side,Manhattan,125388,137829,12441,9.92,"Increase $5k-$19,999",1
14000US36061016700,016700,Upper West Side,Manhattan,201250,250001,48751,24.22,Increase >= $40k,1
14000US36047117602,117602,Cypress Hills-City Line,Brooklyn,45457,86848,41391,91.06,Increase >= $40k,1
14000US36005038700,038700,Belmont,Bronx,35970,44982,9012,25.05,"Increase $5k-$19,999",1
14000US36005038900,038900,Belmont,Bronx,37028,46471,9443,25.50,"Increase $5k-$19,999",1
14000US36061008700,008700,Hudson Yards-Chelsea-Flatiron-Union Square,Manhattan,177188,150384,-26804,-15.13,"Decline $20k-$39,999",1
14000US36061009100,009100,Hudson Yards-Chelsea-Flatiron-Union Square,Manhattan,150349,160866,10517,7.00,"Increase $5k-$19,999",1
14000US36061019800,019800,East Harlem North,Manhattan,76912,108250,31338,40.75,"Increase $20k-$39,999",1
14000US36061020000,020000,Central Harlem South,Manhattan,72833,57034,-15799,-21.69,"Decline $5k-$19,999",1
14000US36005000200,000200,Soundview-Castle Hill-Clason Point-Harding Park,Bronx,51100,123729,72629,142.13,Increase >= $40k,1
14000US36005002000,002000,Soundview-Castle Hill-Clason Point-Harding Park,Bronx,20592,,,,No data,0
14000US36005002400,002400,park-cemetery-etc-Bronx,Bronx,,,,,No data,0
14000US36005006900,006900,Melrose South-Mott Haven North,Bronx,37590,26608,-10982,-29.22,"Decline $5k-$19,999",1
14000US36047032500,032500,Crown Heights South,Brooklyn,51721,94328,42607,82.38,Increase >= $40k,1
14000US36081033000,033000,Springfield Gardens North,Queens,80833,105013,24180,29.91,"Increase $20k-$39,999",1
14000US36081033402,033402,Springfield Gardens North,Queens,55594,,,,No data,0
14000US36081062000,062000,Laurelton,Queens,113125,129457,16332,14.44,"Increase $5k-$19,999",1
14000US36081063000,063000,Laurelton,Queens,112438,120821,8383,7.46,"Increase $5k-$19,999",1
14000US36081011000,011000,Richmond Hill,Queens,81667,77031,-4636,-5.68,Roughly unchanged (within +/-$5k),1
14000US36081011600,011600,Richmond Hill,Queens,80313,71576,-8737,-10.88,"Decline $5k-$19,999",1
14000US36081011800,011800,Richmond Hill,Queens,70333,86754,16421,23.35,"Increase $5k-$19,999",1
14000US36047000100,000100,Brooklyn Heights-Cobble Hill,Brooklyn,96250,178162,81912,85.10,Increase >= $40k,1
14000US36047000502,000502,Brooklyn Heights-Cobble Hill,Brooklyn,146574,168013,21439,14.63,"Increase $20k-$39,999",1
14000US36081103201,103201,Far Rockaway-Bayswater,Queens,40595,50123,9528,23.47,"Increase $5k-$19,999",1
14000US36081103202,103202,Far Rockaway-Bayswater,Queens,58750,77069,18319,31.18,"Increase $5k-$19,999",1
14000US36047057100,057100,Greenpoint,Brooklyn,85510,125272,39762,46.50,"Increase $20k-$39,999",1
14000US36047057300,057300,Greenpoint,Brooklyn,102656,150885,48229,46.98,Increase >= $40k,1
14000US36047057500,057500,Greenpoint,Brooklyn,87561,128804,41243,47.10,Increase >= $40k,1
14000US36061004400,004400,Stuyvesant Town-Cooper Village,Manhattan,104520,153280,48760,46.65,Increase >= $40k,1
14000US36061002400,002400,Lower East Side,Manhattan,14144,21092,6948,49.12,"Increase $5k-$19,999",1
14000US36085000800,000800,Stapleton-Rosebank,Staten Island,78986,91438,12452,15.76,"Increase $5k-$19,999",1
14000US36085002001,002001,Stapleton-Rosebank,Staten Island,80833,69620,-11213,-13.87,"Decline $5k-$19,999",1
14000US36081108500,108500,Bayside-Bayside Hills,Queens,77500,71111,-6389,-8.24,"Decline $5k-$19,999",1
14000US36081113900,113900,Auburndale,Queens,65698,85485,19787,30.12,"Increase $5k-$19,999",1
14000US36081010300,010300,Steinway,Queens,72941,84821,11880,16.29,"Increase $5k-$19,999",1
14000US36081010500,010500,Steinway,Queens,65551,65233,-318,-0.49,Roughly unchanged (within +/-$5k),1
14000US36061021100,021100,Morningside Heights,Manhattan,52716,65753,13037,24.73,"Increase $5k-$19,999",1
14000US36005007100,007100,Melrose South-Mott Haven North,Bronx,42292,23148,-19144,-45.27,"Decline $5k-$19,999",1
14000US36005007500,007500,Melrose South-Mott Haven North,Bronx,30706,34259,3553,11.57,Roughly unchanged (within +/-$5k),1
14000US36081030904,030904,Jackson Heights,Queens,70481,58726,-11755,-16.68,"Decline $5k-$19,999",1
14000US36005041400,041400,Woodlawn-Wakefield,Bronx,49545,125302,75757,152.91,Increase >= $40k,1
14000US36005041800,041800,Woodlawn-Wakefield,Bronx,39712,62567,22855,57.55,"Increase $20k-$39,999",1
14000US36005029700,029700,Spuyten Duyvil-Kingsbridge,Bronx,91210,100548,9338,10.24,"Increase $5k-$19,999",1
14000US36005019300,019300,Highbridge,Bronx,23927,46794,22867,95.57,"Increase $20k-$39,999",1
14000US36047014300,014300,Park Slope-Gowanus,Brooklyn,110329,119594,9265,8.40,"Increase $5k-$19,999",1
14000US36081059500,059500,Ridgewood,Queens,72292,,,,No data,0
14000US36081060100,060100,Maspeth,Queens,69052,75811,6759,9.79,"Increase $5k-$19,999",1
14000US36081059300,059300,Ridgewood,Queens,70962,90975,20013,28.20,"Increase $20k-$39,999",1
14000US36005036400,036400,Eastchester-Edenwald-Baychester,Bronx,69750,64850,-4900,-7.03,Roughly unchanged (within +/-$5k),1
14000US36005036800,036800,Williamsbridge-Olinville,Bronx,50919,65781,14862,29.19,"Increase $5k-$19,999",1
14000US36081044400,044400,Jamaica,Queens,50320,46434,-3886,-7.72,Roughly unchanged (within +/-$5k),1
14000US36081046800,046800,Jamaica,Queens,73512,83388,9876,13.43,"Increase $5k-$19,999",1
14000US36061006200,006200,Murray Hill-Kips Bay,Manhattan,87500,104255,16755,19.15,"Increase $5k-$19,999",1
14000US36047056500,056500,Greenpoint,Brooklyn,106157,115329,9172,8.64,"Increase $5k-$19,999",1
14000US36061014300,014300,park-cemetery-etc-Manhattan,Manhattan,,,,,No data,0
14000US36061021600,021600,Central Harlem South,Manhattan,70399,73831,3432,4.88,Roughly unchanged (within +/-$5k),1
14000US36005035600,035600,Eastchester-Edenwald-Baychester,Bronx,73194,85962,12768,17.44,"Increase $5k-$19,999",1
14000US36005036000,036000,Allerton-Pelham Gardens,Bronx,83043,85708,2665,3.21,Roughly unchanged (within +/-$5k),1
14000US36005022403,022403,Pelham Parkway,Bronx,51767,72143,20376,39.36,"Increase $20k-$39,999",1
14000US36061015200,015200,Yorkville,Manhattan,89868,114940,25072,27.90,"Increase $20k-$39,999",1
14000US36047022900,022900,Clinton Hill,Brooklyn,83043,139609,56566,68.12,Increase >= $40k,1
14000US36047010000,010000,Sunset Park East,Brooklyn,56512,57881,1369,2.42,Roughly unchanged (within +/-$5k),1
14000US36047010200,010200,Sunset Park East,Brooklyn,56082,65668,9586,17.09,"Increase $5k-$19,999",1
14000US36005016900,016900,Claremont-Bathgate,Bronx,30221,42168,11947,39.53,"Increase $5k-$19,999",1
14000US36005016700,016700,Claremont-Bathgate,Bronx,31600,45363,13763,43.55,"Increase $5k-$19,999",1
14000US36005017100,017100,park-cemetery-etc-Bronx,Bronx,,,,,No data,0
14000US36047013500,013500,Park Slope-Gowanus,Brooklyn,156027,221920,65893,42.23,Increase >= $40k,1
14000US36047015500,015500,Park Slope-Gowanus,Brooklyn,163967,206176,42209,25.74,Increase >= $40k,1
14000US36085016901,016901,Westerleigh,Staten Island,98750,129583,30833,31.22,"Increase $20k-$39,999",1
14000US36047092200,092200,Brownsville,Brooklyn,42949,50994,8045,18.73,"Increase $5k-$19,999",1
14000US36081099703,099703,Ft. Totten-Bay Terrace-Clearview,Queens,83669,122188,38519,46.04,"Increase $20k-$39,999",1
14000US36005033201,033201,Bronxdale,Bronx,47529,35360,-12169,-25.60,"Decline $5k-$19,999",1
14000US36005033202,033202,Bronxdale,Bronx,41969,50245,8276,19.72,"Increase $5k-$19,999",1
14000US36005033000,033000,Bronxdale,Bronx,39836,40133,297,0.75,Roughly unchanged (within +/-$5k),1
14000US36047007000,007000,Bay Ridge,Brooklyn,78906,87198,8292,10.51,"Increase $5k-$19,999",1
14000US36047015900,015900,Park Slope-Gowanus,Brooklyn,149900,201858,51958,34.66,Increase >= $40k,1
14000US36047002200,002200,Sunset Park West,Brooklyn,41811,41852,41,0.10,Roughly unchanged (within +/-$5k),1
14000US36047007200,007200,Sunset Park West,Brooklyn,40574,64000,23426,57.74,"Increase $20k-$39,999",1
14000US36005033800,033800,Bronxdale,Bronx,51204,,,,No data,0
14000US36005037200,037200,Williamsbridge-Olinville,Bronx,41346,75224,33878,81.94,"Increase $20k-$39,999",1
14000US36005021800,021800,West Farms-Bronx River,Bronx,47581,60108,12527,26.33,"Increase $5k-$19,999",1
14000US36085029102,029102,New Springville-Bloomfield-Travis,Staten Island,83750,123393,39643,47.33,"Increase $20k-$39,999",1
14000US36085032300,032300,Mariner's Harbor-Arlington-Port Ivory-Graniteville,Staten Island,65089,79688,14599,22.43,"Increase $5k-$19,999",1
14000US36047032700,032700,Prospect Lefferts Gardens-Wingate,Brooklyn,55795,82554,26759,47.96,"Increase $20k-$39,999",1
14000US36061000500,000500,park-cemetery-etc-Manhattan,Manhattan,,,,,No data,0
14000US36047004700,004700,Carroll Gardens-Columbia Street-Red Hook,Brooklyn,119500,145341,25841,21.62,"Increase $20k-$39,999",1
14000US36047008600,008600,Sunset Park East,Brooklyn,,,,,No data,0
14000US36047009200,009200,Sunset Park East,Brooklyn,46622,,,,No data,0
14000US36047042300,042300,Bushwick South,Brooklyn,67056,123750,56694,84.55,Increase >= $40k,1
14000US36047039300,039300,Bushwick South,Brooklyn,75256,112566,37310,49.58,"Increase $20k-$39,999",1
14000US36005023501,023501,Mount Hope,Bronx,34591,19940,-14651,-42.35,"Decline $5k-$19,999",1
14000US36005023502,023502,Mount Hope,Bronx,29342,41780,12438,42.39,"Increase $5k-$19,999",1
14000US36005019700,019700,West Concourse,Bronx,35100,25439,-9661,-27.52,"Decline $5k-$19,999",1
14000US36005019900,019900,Highbridge,Bronx,42569,34311,-8258,-19.40,"Decline $5k-$19,999",1
14000US36061023700,023700,Hamilton Heights,Manhattan,45167,60404,15237,33.73,"Increase $5k-$19,999",1
14000US36047019500,019500,Clinton Hill,Brooklyn,99853,139329,39476,39.53,"Increase $20k-$39,999",1
14000US36047019100,019100,Clinton Hill,Brooklyn,89176,148929,59753,67.01,Increase >= $40k,1
14000US36047019300,019300,Clinton Hill,Brooklyn,55389,79505,24116,43.54,"Increase $20k-$39,999",1
14000US36081099705,099705,Ft. Totten-Bay Terrace-Clearview,Queens,109219,117283,8064,7.38,"Increase $5k-$19,999",1
14000US36081099900,099900,Ft. Totten-Bay Terrace-Clearview,Queens,,,,,No data,0
14000US36085013800,013800,Oakwood-Oakwood Beach,Staten Island,87418,146975,59557,68.13,Increase >= $40k,1
14000US36085009602,009602,Old Town-Dongan Hills-South Beach,Staten Island,85750,89392,3642,4.25,Roughly unchanged (within +/-$5k),1
14000US36085017700,017700,Todt Hill-Emerson Hill-Heartland Village-Lighthouse Hill,Staten Island,115603,,,,No data,0
14000US36047042400,042400,Bensonhurst East,Brooklyn,61005,70060,9055,14.84,"Increase $5k-$19,999",1
14000US36047042600,042600,Bensonhurst East,Brooklyn,49954,71840,21886,43.81,"Increase $20k-$39,999",1
14000US36047042000,042000,Homecrest,Brooklyn,58571,88700,30129,51.44,"Increase $20k-$39,999",1
14000US36047054200,054200,Midwood,Brooklyn,50694,56481,5787,11.42,"Increase $5k-$19,999",1
14000US36085003300,003300,Grymes Hill-Clifton-Fox Hills,Staten Island,82483,95317,12834,15.56,"Increase $5k-$19,999",1
14000US36047073000,073000,Flatlands,Brooklyn,91477,132227,40750,44.55,Increase >= $40k,1
14000US36047073600,073600,Flatlands,Brooklyn,75153,82358,7205,9.59,"Increase $5k-$19,999",1
14000US36085013302,013302,West New Brighton-New Brighton-St. George,Staten Island,47905,92070,44165,92.19,Increase >= $40k,1
14000US36085014100,014100,West New Brighton-New Brighton-St. George,Staten Island,74773,92500,17727,23.71,"Increase $5k-$19,999",1
14000US36047114400,114400,East New York (Pennsylvania Ave),Brooklyn,53646,82422,28776,53.64,"Increase $20k-$39,999",1
14000US36047022100,022100,Crown Heights North,Brooklyn,54898,87021,32123,58.51,"Increase $20k-$39,999",1
14000US36047030500,030500,Crown Heights North,Brooklyn,85985,122353,36368,42.30,"Increase $20k-$39,999",1
14000US36081124700,124700,Pomonok-Flushing Heights-Hillcrest,Queens,97500,118813,21313,21.86,"Increase $20k-$39,999",1
14000US36081126700,126700,Pomonok-Flushing Heights-Hillcrest,Queens,76250,98000,21750,28.52,"Increase $20k-$39,999",1
14000US36081112300,112300,Bayside-Bayside Hills,Queens,95250,93194,-2056,-2.16,Roughly unchanged (within +/-$5k),1
14000US36081112900,112900,Bayside-Bayside Hills,Queens,82173,104688,22515,27.40,"Increase $20k-$39,999",1
14000US36047012801,012801,Dyker Heights,Brooklyn,38580,74306,35726,92.60,"Increase $20k-$39,999",1
14000US36047021000,021000,Dyker Heights,Brooklyn,56875,69970,13095,23.02,"Increase $5k-$19,999",1
14000US36047003400,003400,Bay Ridge,Brooklyn,78833,113143,34310,43.52,"Increase $20k-$39,999",1
14000US36047002100,002100,DUMBO-Vinegar Hill-Downtown Brooklyn-Boerum Hill,Brooklyn,228276,250001,21725,9.52,"Increase $20k-$39,999",1
14000US36047054700,054700,North Side-South Side,Brooklyn,50272,87047,36775,73.15,"Increase $20k-$39,999",1
14000US36047054900,054900,North Side-South Side,Brooklyn,111071,183091,72020,64.84,Increase >= $40k,1
14000US36047055100,055100,North Side-South Side,Brooklyn,89073,171952,82879,93.05,Increase >= $40k,1
14000US36061002000,002000,Lower East Side,Manhattan,16653,30792,14139,84.90,"Increase $5k-$19,999",1
14000US36047055500,055500,North Side-South Side,Brooklyn,143833,205860,62027,43.12,Increase >= $40k,1
14000US36005022000,022000,East Tremont,Bronx,35781,23910,-11871,-33.18,"Decline $5k-$19,999",1
14000US36005024000,024000,Van Nest-Morris Park-Westchester Square,Bronx,39688,68832,29144,73.43,"Increase $20k-$39,999",1
14000US36047039700,039700,Bushwick South,Brooklyn,45685,74291,28606,62.62,"Increase $20k-$39,999",1
14000US36081047800,047800,Jamaica Estates-Holliswood,Queens,69965,,,,No data,0
14000US36081048200,048200,Hollis,Queens,70978,110729,39751,56.00,"Increase $20k-$39,999",1
14000US36005006100,006100,East Concourse-Concourse Village,Bronx,45361,72123,26762,59.00,"Increase $20k-$39,999",1
14000US36047066600,066600,park-cemetery-etc-Brooklyn,Brooklyn,,,,,No data,0
14000US36081091601,091601,Breezy Point-Belle Harbor-Rockaway Park-Broad Channel,Queens,105750,,,,No data,0
14000US36061003100,003100,SoHo-TriBeCa-Civic Center-Little Italy,Manhattan,166786,189250,22464,13.47,"Increase $20k-$39,999",1
14000US36061004500,004500,SoHo-TriBeCa-Civic Center-Little Italy,Manhattan,107708,170714,63006,58.50,Increase >= $40k,1
14000US36061003300,003300,SoHo-TriBeCa-Civic Center-Little Italy,Manhattan,223438,250001,26563,11.89,"Increase $20k-$39,999",1
14000US36061004700,004700,SoHo-TriBeCa-Civic Center-Little Italy,Manhattan,123707,148750,25043,20.24,"Increase $20k-$39,999",1
14000US36061003700,003700,SoHo-TriBeCa-Civic Center-Little Italy,Manhattan,159514,250001,90487,56.73,Increase >= $40k,1
14000US36061003900,003900,SoHo-TriBeCa-Civic Center-Little Italy,Manhattan,207064,202542,-4522,-2.18,Roughly unchanged (within +/-$5k),1
14000US36081003300,003300,Queensbridge-Ravenswood-Long Island City,Queens,89669,,,,No data,0
14000US36061015601,015601,Yorkville,Manhattan,98766,127741,28975,29.34,"Increase $20k-$39,999",1
14000US36061015602,015602,East Harlem South,Manhattan,72643,75147,2504,3.45,Roughly unchanged (within +/-$5k),1
14000US36005019400,019400,Schuylerville-Throgs Neck-Edgewater Park,Bronx,54167,100950,46783,86.37,Increase >= $40k,1
14000US36005027402,027402,Pelham Bay-Country Club-City Island,Bronx,88654,108235,19581,22.09,"Increase $5k-$19,999",1
14000US36047039800,039800,Gravesend,Brooklyn,71679,89750,18071,25.21,"Increase $5k-$19,999",1
14000US36047040000,040000,Bensonhurst East,Brooklyn,52125,58941,6816,13.08,"Increase $5k-$19,999",1
14000US36081013200,013200,Richmond Hill,Queens,68359,84452,16093,23.54,"Increase $5k-$19,999",1
14000US36081013400,013400,Kew Gardens,Queens,57891,77073,19182,33.13,"Increase $5k-$19,999",1
14000US36081060300,060300,Middle Village,Queens,89375,95909,6534,7.31,"Increase $5k-$19,999",1
14000US36005009200,009200,Westchester-Unionport,Bronx,50176,58717,8541,17.02,"Increase $5k-$19,999",1
14000US36085029103,029103,New Springville-Bloomfield-Travis,Staten Island,104146,,,,No data,0
14000US36085029104,029104,New Springville-Bloomfield-Travis,Staten Island,94292,97412,3120,3.31,Roughly unchanged (within +/-$5k),1
14000US36085007700,007700,West New Brighton-New Brighton-St. George,Staten Island,57000,89961,32961,57.83,"Increase $20k-$39,999",1
14000US36047023300,023300,Bedford,Brooklyn,57721,78177,20456,35.44,"Increase $20k-$39,999",1
14000US36047023500,023500,Clinton Hill,Brooklyn,61607,111917,50310,81.66,Increase >= $40k,1
14000US36047029200,029200,Bath Beach,Brooklyn,49145,55653,6508,13.24,"Increase $5k-$19,999",1
14000US36047029400,029400,Bensonhurst West,Brooklyn,57895,91544,33649,58.12,"Increase $20k-$39,999",1
14000US36081077904,077904,Kew Gardens Hills,Queens,78348,107279,28931,36.93,"Increase $20k-$39,999",1
14000US36081077905,077905,Kew Gardens Hills,Queens,82355,94000,11645,14.14,"Increase $5k-$19,999",1
14000US36081125700,125700,Kew Gardens Hills,Queens,61513,107125,45612,74.15,Increase >= $40k,1
14000US36081126500,126500,Pomonok-Flushing Heights-Hillcrest,Queens,71250,146250,75000,105.26,Increase >= $40k,1
14000US36047050600,050600,Flatbush,Brooklyn,59882,69276,9394,15.69,"Increase $5k-$19,999",1
14000US36047115200,115200,East New York,Brooklyn,40884,58542,17658,43.19,"Increase $5k-$19,999",1
14000US36047119800,119800,East New York,Brooklyn,37025,60289,23264,62.83,"Increase $20k-$39,999",1
14000US36061009000,009000,Turtle Bay-East Midtown,Manhattan,135734,156381,20647,15.21,"Increase $20k-$39,999",1
14000US36061009800,009800,Turtle Bay-East Midtown,Manhattan,129167,171745,42578,32.96,Increase >= $40k,1
14000US36005039400,039400,Williamsbridge-Olinville,Bronx,48023,60373,12350,25.72,"Increase $5k-$19,999",1
14000US36005039600,039600,Williamsbridge-Olinville,Bronx,44458,48798,4340,9.76,Roughly unchanged (within +/-$5k),1
14000US36005029302,029302,Spuyten Duyvil-Kingsbridge,Bronx,95239,133102,37863,39.76,"Increase $20k-$39,999",1
14000US36061029700,029700,park-cemetery-etc-Manhattan,Manhattan,,,,,No data,0
14000US36047044700,044700,Bushwick North,Brooklyn,46738,89511,42773,91.52,Increase >= $40k,1
14000US36081053900,053900,Ridgewood,Queens,83566,,,,No data,0
14000US36047037402,037402,Gravesend,Brooklyn,31832,57118,25286,79.44,"Increase $20k-$39,999",1
14000US36047038600,038600,Gravesend,Brooklyn,83594,91857,8263,9.88,"Increase $5k-$19,999",1
14000US36047016500,016500,Park Slope-Gowanus,Brooklyn,173939,250001,76062,43.73,Increase >= $40k,1
14000US36047150200,150200,Windsor Terrace,Brooklyn,117639,132727,15088,12.83,"Increase $5k-$19,999",1
14000US36047041200,041200,Bensonhurst East,Brooklyn,63641,95152,31511,49.51,"Increase $20k-$39,999",1
14000US36047042200,042200,Homecrest,Brooklyn,59904,73033,13129,21.92,"Increase $5k-$19,999",1
14000US36047045000,045000,Ocean Parkway South,Brooklyn,,90893,,,No data,0
14000US36047021500,021500,Prospect Heights,Brooklyn,86534,151154,64620,74.68,Increase >= $40k,1
14000US36047033500,033500,Crown Heights South,Brooklyn,68036,102188,34152,50.20,"Increase $20k-$39,999",1
14000US36047033700,033700,Crown Heights North,Brooklyn,54006,,,,No data,0
14000US36005045600,045600,Eastchester-Edenwald-Baychester,Bronx,93472,79386,-14086,-15.07,"Decline $5k-$19,999",1
14000US36005050400,050400,park-cemetery-etc-Bronx,Bronx,,,,,No data,0
14000US36005018101,018101,East Concourse-Concourse Village,Bronx,,55664,,,No data,0
14000US36005018302,018302,East Concourse-Concourse Village,Bronx,41894,68627,26733,63.81,"Increase $20k-$39,999",1
14000US36047021300,021300,Crown Heights South,Brooklyn,52885,82426,29541,55.86,"Increase $20k-$39,999",1
14000US36047021700,021700,Crown Heights North,Brooklyn,61466,112957,51491,83.77,Increase >= $40k,1
14000US36047037300,037300,Ocean Hill,Brooklyn,45179,71786,26607,58.89,"Increase $20k-$39,999",1
14000US36047040100,040100,Bushwick South,Brooklyn,55625,69616,13991,25.15,"Increase $5k-$19,999",1
14000US36005023704,023704,Fordham South,Bronx,20679,32228,11549,55.85,"Increase $5k-$19,999",1
14000US36005038301,038301,Fordham South,Bronx,43155,44040,885,2.05,Roughly unchanged (within +/-$5k),1
14000US36005009600,009600,Westchester-Unionport,Bronx,50809,47212,-3597,-7.08,Roughly unchanged (within +/-$5k),1
14000US36081038301,038301,park-cemetery-etc-Queens,Queens,,,,,No data,0
14000US36085011402,011402,New Dorp-Midland Beach,Staten Island,83750,111058,27308,32.61,"Increase $20k-$39,999",1
14000US36081093401,093401,Breezy Point-Belle Harbor-Rockaway Park-Broad Channel,Queens,86942,131471,44529,51.22,Increase >= $40k,1
14000US36081093402,093402,Breezy Point-Belle Harbor-Rockaway Park-Broad Channel,Queens,87463,107371,19908,22.76,"Increase $5k-$19,999",1
14000US36081093800,093800,Breezy Point-Belle Harbor-Rockaway Park-Broad Channel,Queens,52196,81573,29377,56.28,"Increase $20k-$39,999",1
14000US36047000200,000200,Sunset Park West,Brooklyn,56080,79375,23295,41.54,"Increase $20k-$39,999",1
14000US36047001800,001800,Sunset Park West,Brooklyn,,,,,No data,0
14000US36047005602,005602,Bay Ridge,Brooklyn,74167,96397,22230,29.97,"Increase $20k-$39,999",1
14000US36047016200,016200,Bay Ridge,Brooklyn,80590,100278,19688,24.43,"Increase $5k-$19,999",1
14000US36047007700,007700,Carroll Gardens-Columbia Street-Red Hook,Brooklyn,151307,212827,61520,40.66,Increase >= $40k,1
14000US36047040800,040800,Bensonhurst East,Brooklyn,80169,78750,-1419,-1.77,Roughly unchanged (within +/-$5k),1
14000US36047041000,041000,Bensonhurst East,Brooklyn,48400,60694,12294,25.40,"Increase $5k-$19,999",1
14000US36085015100,015100,Westerleigh,Staten Island,98438,115769,17331,17.61,"Increase $5k-$19,999",1
14000US36085018701,018701,Westerleigh,Staten Island,104118,100903,-3215,-3.09,Roughly unchanged (within +/-$5k),1
14000US36081013500,013500,Steinway,Queens,78681,103250,24569,31.23,"Increase $20k-$39,999",1
14000US36061016200,016200,East Harlem South,Manhattan,32530,21942,-10588,-32.55,"Decline $5k-$19,999",1
14000US36061017000,017000,East Harlem South,Manhattan,36032,40027,3995,11.09,Roughly unchanged (within +/-$5k),1
14000US36081001400,001400,Woodhaven,Queens,71620,80456,8836,12.34,"Increase $5k-$19,999",1
14000US36081064102,064102,park-cemetery-etc-Queens,Queens,,,,,No data,0
14000US36005037800,037800,Williamsbridge-Olinville,Bronx,41333,65964,24631,59.59,"Increase $20k-$39,999",1
14000US36005043500,043500,park-cemetery-etc-Bronx,Bronx,27813,,,,No data,0
14000US36005025600,025600,Van Nest-Morris Park-Westchester Square,Bronx,52700,60815,8115,15.40,"Increase $5k-$19,999",1
14000US36005020000,020000,Van Nest-Morris Park-Westchester Square,Bronx,40184,46622,6438,16.02,"Increase $5k-$19,999",1
14000US36047026100,026100,Bedford,Brooklyn,51885,103274,51389,99.04,Increase >= $40k,1
14000US36047026300,026300,Bedford,Brooklyn,41875,85546,43671,104.29,Increase >= $40k,1
14000US36047039100,039100,Bushwick South,Brooklyn,70945,103796,32851,46.30,"Increase $20k-$39,999",1
14000US36081045800,045800,Jamaica Estates-Holliswood,Queens,72772,79236,6464,8.88,"Increase $5k-$19,999",1
14000US36081046200,046200,Jamaica,Queens,50670,60647,9977,19.69,"Increase $5k-$19,999",1
14000US36081046600,046600,Jamaica Estates-Holliswood,Queens,63284,76885,13601,21.49,"Increase $5k-$19,999",1
14000US36047016900,016900,Windsor Terrace,Brooklyn,117256,140727,23471,20.02,"Increase $20k-$39,999",1
14000US36047017100,017100,Windsor Terrace,Brooklyn,134821,174646,39825,29.54,"Increase $20k-$39,999",1
14000US36047004300,004300,DUMBO-Vinegar Hill-Downtown Brooklyn-Boerum Hill,Brooklyn,137095,161875,24780,18.08,"Increase $20k-$39,999",1
14000US36047006900,006900,DUMBO-Vinegar Hill-Downtown Brooklyn-Boerum Hill,Brooklyn,154625,,,,No data,0
14000US36047013100,013100,Park Slope-Gowanus,Brooklyn,147969,107083,-40886,-27.63,Decline >= $40k,1
14000US36047011900,011900,Park Slope-Gowanus,Brooklyn,93854,,,,No data,0
14000US36047013300,013300,Park Slope-Gowanus,Brooklyn,192813,201298,8485,4.40,"Increase $5k-$19,999",1
14000US36047016700,016700,Park Slope-Gowanus,Brooklyn,173113,190125,17012,9.83,"Increase $5k-$19,999",1
14000US36047015100,015100,Park Slope-Gowanus,Brooklyn,146458,188866,42408,28.96,Increase >= $40k,1
14000US36047015300,015300,Park Slope-Gowanus,Brooklyn,138594,154286,15692,11.32,"Increase $5k-$19,999",1
14000US36061006500,006500,West Village,Manhattan,106944,133781,26837,25.09,"Increase $20k-$39,999",1
14000US36061006300,006300,West Village,Manhattan,156975,173995,17020,10.84,"Increase $5k-$19,999",1
14000US36061007100,007100,West Village,Manhattan,160614,150449,-10165,-6.33,"Decline $5k-$19,999",1
14000US36047049700,049700,East Williamsburg,Brooklyn,91557,144872,53315,58.23,Increase >= $40k,1
14000US36047047700,047700,East Williamsburg,Brooklyn,142250,179175,36925,25.96,"Increase $20k-$39,999",1
14000US36047048100,048100,East Williamsburg,Brooklyn,91528,94896,3368,3.68,Roughly unchanged (within +/-$5k),1
14000US36081020800,020800,Jamaica,Queens,84653,60486,-24167,-28.55,"Decline $20k-$39,999",1
14000US36081021200,021200,Jamaica,Queens,43889,70776,26887,61.26,"Increase $20k-$39,999",1
14000US36081068300,068300,Elmhurst,Queens,51491,85771,34280,66.57,"Increase $20k-$39,999",1
14000US36081047300,047300,Elmhurst,Queens,56605,72441,15836,27.98,"Increase $5k-$19,999",1
14000US36081045400,045400,Briarwood-Jamaica Hills,Queens,49968,84100,34132,68.31,"Increase $20k-$39,999",1
14000US36081046000,046000,Jamaica,Queens,50346,57184,6838,13.58,"Increase $5k-$19,999",1
14000US36081024000,024000,Jamaica,Queens,45400,59421,14021,30.88,"Increase $5k-$19,999",1
14000US36081024600,024600,Jamaica,Queens,,,,,No data,0
14000US36081044601,044601,Jamaica,Queens,38229,57614,19385,50.71,"Increase $5k-$19,999",1
14000US36047003700,003700,DUMBO-Vinegar Hill-Downtown Brooklyn-Boerum Hill,Brooklyn,155682,181404,25722,16.52,"Increase $20k-$39,999",1
14000US36061005000,005000,Gramercy,Manhattan,130938,205250,74312,56.75,Increase >= $40k,1
14000US36061005200,005200,Hudson Yards-Chelsea-Flatiron-Union Square,Manhattan,166094,238750,72656,43.74,Increase >= $40k,1
14000US36081071303,071303,Forest Hills,Queens,95045,97563,2518,2.65,Roughly unchanged (within +/-$5k),1
14000US36081071305,071305,Forest Hills,Queens,81746,118409,36663,44.85,"Increase $20k-$39,999",1
14000US36047030100,030100,Ocean Hill,Brooklyn,49196,98438,49242,100.09,Increase >= $40k,1
14000US36047037100,037100,Ocean Hill,Brooklyn,64848,87679,22831,35.21,"Increase $20k-$39,999",1
14000US36005018301,018301,East Concourse-Concourse Village,Bronx,37105,46389,9284,25.02,"Increase $5k-$19,999",1
14000US36005019500,019500,West Concourse,Bronx,27227,45661,18434,67.70,"Increase $5k-$19,999",1
14000US36047000900,000900,Brooklyn Heights-Cobble Hill,Brooklyn,169255,205500,36245,21.41,"Increase $20k-$39,999",1
14000US36047048500,048500,Bushwick South,Brooklyn,103173,130278,27105,26.27,"Increase $20k-$39,999",1
14000US36047049300,049300,Bushwick South,Brooklyn,28287,,,,No data,0
14000US36047027100,027100,Crown Heights North,Brooklyn,56136,84412,28276,50.37,"Increase $20k-$39,999",1
14000US36047029700,029700,Crown Heights North,Brooklyn,70556,70536,-20,-0.03,Roughly unchanged (within +/-$5k),1
14000US36047003900,003900,DUMBO-Vinegar Hill-Downtown Brooklyn-Boerum Hill,Brooklyn,105000,187273,82273,78.36,Increase >= $40k,1
14000US36047012901,012901,Park Slope-Gowanus,Brooklyn,119875,250001,130126,108.55,Increase >= $40k,1
14000US36047024500,024500,Bedford,Brooklyn,85169,103194,18025,21.16,"Increase $5k-$19,999",1
14000US36047024700,024700,Crown Heights North,Brooklyn,46518,57106,10588,22.76,"Increase $5k-$19,999",1
14000US36047018100,018100,Fort Greene,Brooklyn,96452,175294,78842,81.74,Increase >= $40k,1
14000US36047024100,024100,Bedford,Brooklyn,61192,141717,80525,131.59,Increase >= $40k,1
14000US36047024300,024300,Bedford,Brooklyn,59779,122203,62424,104.42,Increase >= $40k,1
14000US36047025100,025100,Bedford,Brooklyn,39474,58856,19382,49.10,"Increase $5k-$19,999",1
14000US36047025300,025300,Bedford,Brooklyn,55417,115700,60283,108.78,Increase >= $40k,1
14000US36061021400,021400,Central Harlem North-Polo Grounds,Manhattan,60863,51068,-9795,-16.09,"Decline $5k-$19,999",1
14000US36061023000,023000,Central Harlem North-Polo Grounds,Manhattan,36124,27860,-8264,-22.88,"Decline $5k-$19,999",1
14000US36047003300,003300,Fort Greene,Brooklyn,136250,136217,-33,-0.02,Roughly unchanged (within +/-$5k),1
14000US36047003500,003500,Fort Greene,Brooklyn,112917,123417,10500,9.30,"Increase $5k-$19,999",1
14000US36081003800,003800,Woodhaven,Queens,71111,86146,15035,21.14,"Increase $5k-$19,999",1
14000US36081004001,004001,Woodhaven,Queens,80192,92500,12308,15.35,"Increase $5k-$19,999",1
14000US36081054700,054700,Ridgewood,Queens,76493,119732,43239,56.53,Increase >= $40k,1
14000US36047052500,052500,North Side-South Side,Brooklyn,35867,70625,34758,96.91,"Increase $20k-$39,999",1
14000US36047053500,053500,Williamsburg,Brooklyn,30699,49244,18545,60.41,"Increase $5k-$19,999",1
14000US36081004200,004200,Woodhaven,Queens,57554,67270,9716,16.88,"Increase $5k-$19,999",1
14000US36081005200,005200,Woodhaven,Queens,62250,76300,14050,22.57,"Increase $5k-$19,999",1
14000US36047043900,043900,Bushwick North,Brooklyn,42148,114318,72170,171.23,Increase >= $40k,1
14000US36081054900,054900,Ridgewood,Queens,75500,104821,29321,38.84,"Increase $20k-$39,999",1
14000US36081055300,055300,Ridgewood,Queens,59907,90114,30207,50.42,"Increase $20k-$39,999",1
14000US36085018702,018702,New Springville-Bloomfield-Travis,Staten Island,112742,,,,No data,0
14000US36061002500,002500,Chinatown,Manhattan,20868,20597,-271,-1.30,Roughly unchanged (within +/-$5k),1
14000US36061009900,009900,Hudson Yards-Chelsea-Flatiron-Union Square,Manhattan,141672,,,,No data,0
14000US36061011700,011700,Hudson Yards-Chelsea-Flatiron-Union Square,Manhattan,159671,116048,-43623,-27.32,Decline >= $40k,1
14000US36061002601,002601,Lower East Side,Manhattan,45410,30350,-15060,-33.16,"Decline $5k-$19,999",1
14000US36061003200,003200,East Village,Manhattan,66648,101294,34646,51.98,"Increase $20k-$39,999",1
14000US36081097203,097203,Hammels-Arverne-Edgemere,Queens,30536,,,,No data,0
14000US36061031703,031703,Battery Park City-Lower Manhattan,Manhattan,250001,250001,0,0.00,Roughly unchanged (within +/-$5k),1
14000US36061031704,031704,Battery Park City-Lower Manhattan,Manhattan,194153,218917,24764,12.75,"Increase $20k-$39,999",1
14000US36061001501,001501,Battery Park City-Lower Manhattan,Manhattan,101037,125712,24675,24.42,"Increase $20k-$39,999",1
14000US36085003900,003900,Grymes Hill-Clifton-Fox Hills,Staten Island,70586,103702,33116,46.92,"Increase $20k-$39,999",1
14000US36085004700,004700,Grymes Hill-Clifton-Fox Hills,Staten Island,88571,108750,20179,22.78,"Increase $20k-$39,999",1
14000US36061020300,020300,Morningside Heights,Manhattan,52813,67528,14715,27.86,"Increase $5k-$19,999",1
14000US36061020500,020500,Morningside Heights,Manhattan,121250,196576,75326,62.12,Increase >= $40k,1
14000US36061020800,020800,Central Harlem North-Polo Grounds,Manhattan,88091,73197,-14894,-16.91,"Decline $5k-$19,999",1
14000US36061022400,022400,Central Harlem North-Polo Grounds,Manhattan,34263,19326,-14937,-43.60,"Decline $5k-$19,999",1
14000US36061026900,026900,Washington Heights North,Manhattan,42917,52389,9472,22.07,"Increase $5k-$19,999",1
14000US36081035700,035700,East Elmhurst,Queens,64167,93153,28986,45.17,"Increase $20k-$39,999",1
14000US36081037100,037100,East Elmhurst,Queens,67419,81607,14188,21.04,"Increase $5k-$19,999",1
14000US36047105801,105801,Starrett City,Brooklyn,26112,20988,-5124,-19.62,"Decline $5k-$19,999",1
14000US36081010701,010701,Steinway,Queens,,,,,No data,0
14000US36081031700,031700,Steinway,Queens,62021,75591,13570,21.88,"Increase $5k-$19,999",1
14000US36081029700,029700,Woodside,Queens,64135,101538,37403,58.32,"Increase $20k-$39,999",1
14000US36081030902,030902,Jackson Heights,Queens,49451,,,,No data,0
14000US36081029100,029100,Jackson Heights,Queens,57989,53384,-4605,-7.94,Roughly unchanged (within +/-$5k),1
14000US36081029300,029300,Woodside,Queens,65982,70556,4574,6.93,Roughly unchanged (within +/-$5k),1
14000US36085018100,018100,Todt Hill-Emerson Hill-Heartland Village-Lighthouse Hill,Staten Island,127074,98807,-28267,-22.24,"Decline $20k-$39,999",1
14000US36005037900,037900,Mount Hope,Bronx,24183,50250,26067,107.79,"Increase $20k-$39,999",1
14000US36005039500,039500,Claremont-Bathgate,Bronx,29000,21674,-7326,-25.26,"Decline $5k-$19,999",1
14000US36005027600,027600,park-cemetery-etc-Bronx,Bronx,,,,,No data,0
14000US36005030000,030000,Pelham Bay-Country Club-City Island,Bronx,59899,78155,18256,30.48,"Increase $5k-$19,999",1
14000US36085014604,014604,Great Kills,Staten Island,103964,126950,22986,22.11,"Increase $20k-$39,999",1
14000US36005028300,028300,Spuyten Duyvil-Kingsbridge,Bronx,26887,13796,-13091,-48.69,"Decline $5k-$19,999",1
14000US36047060600,060600,Sheepshead Bay-Gerritsen Beach-Manhattan Beach,Brooklyn,62000,76080,14080,22.71,"Increase $5k-$19,999",1
14000US36047060800,060800,Sheepshead Bay-Gerritsen Beach-Manhattan Beach,Brooklyn,54360,73546,19186,35.29,"Increase $5k-$19,999",1
14000US36047091000,091000,Brownsville,Brooklyn,11585,22321,10736,92.67,"Increase $5k-$19,999",1
14000US36047051602,051602,Flatbush,Brooklyn,54879,77801,22922,41.77,"Increase $20k-$39,999",1
14000US36047079200,079200,Erasmus,Brooklyn,62011,,,,No data,0
14000US36047109800,109800,East New York,Brooklyn,49440,71635,22195,44.89,"Increase $20k-$39,999",1
14000US36047092000,092000,Brownsville,Brooklyn,28424,44978,16554,58.24,"Increase $5k-$19,999",1
14000US36047113200,113200,East New York (Pennsylvania Ave),Brooklyn,59000,46812,-12188,-20.66,"Decline $5k-$19,999",1
14000US36047015200,015200,Dyker Heights,Brooklyn,92650,92454,-196,-0.21,Roughly unchanged (within +/-$5k),1
14000US36047015400,015400,park-cemetery-etc-Brooklyn,Brooklyn,,,,,No data,0
14000US36081074900,074900,Forest Hills,Queens,163750,224313,60563,36.99,Increase >= $40k,1
14000US36081076901,076901,Forest Hills,Queens,88971,111389,22418,25.20,"Increase $20k-$39,999",1
14000US36081000100,000100,Hunters Point-Sunnyside-West Maspeth,Queens,150421,,,,No data,0
14000US36081000700,000700,Hunters Point-Sunnyside-West Maspeth,Queens,134519,,,,No data,0
14000US36081086900,086900,Flushing,Queens,30000,95469,65469,218.23,Increase >= $40k,1
14000US36081088901,088901,Flushing,Queens,48526,,,,No data,0
14000US36081047500,047500,Elmhurst,Queens,59076,86271,27195,46.03,"Increase $20k-$39,999",1
14000US36081055200,055200,Queens Village,Queens,63261,71213,7952,12.57,"Increase $5k-$19,999",1
14000US36081129102,129102,Oakland Gardens,Queens,118824,150263,31439,26.46,"Increase $20k-$39,999",1
14000US36081022001,022001,Briarwood-Jamaica Hills,Queens,76330,86915,10585,13.87,"Increase $5k-$19,999",1
14000US36085006400,006400,Grasmere-Arrochar-Ft. Wadsworth,Staten Island,49449,67946,18497,37.41,"Increase $5k-$19,999",1
14000US36085009601,009601,Old Town-Dongan Hills-South Beach,Staten Island,91563,105670,14107,15.41,"Increase $5k-$19,999",1
14000US36085006700,006700,New Brighton-Silver Lake,Staten Island,121176,97432,-23744,-19.59,"Decline $20k-$39,999",1
14000US36085007500,007500,New Brighton-Silver Lake,Staten Island,65833,81200,15367,23.34,"Increase $5k-$19,999",1
14000US36085017005,017005,Annadale-Huguenot-Prince's Bay-Eltingville,Staten Island,100673,100965,292,0.29,Roughly unchanged (within +/-$5k),1
14000US36085017600,017600,Annadale-Huguenot-Prince's Bay-Eltingville,Staten Island,125139,111786,-13353,-10.67,"Decline $5k-$19,999",1
14000US36085019800,019800,Annadale-Huguenot-Prince's Bay-Eltingville,Staten Island,124130,131496,7366,5.93,"Increase $5k-$19,999",1
14000US36085020803,020803,Rossville-Woodrow,Staten Island,119750,108076,-11674,-9.75,"Decline $5k-$19,999",1
14000US36047050202,050202,Windsor Terrace,Brooklyn,102656,132670,30014,29.24,"Increase $20k-$39,999",1
14000US36085022600,022600,Charleston-Richmond Valley-Tottenville,Staten Island,122917,,,,No data,0
14000US36085024800,024800,Charleston-Richmond Valley-Tottenville,Staten Island,92237,131745,39508,42.83,"Increase $20k-$39,999",1
14000US36061001300,001300,Battery Park City-Lower Manhattan,Manhattan,171173,171923,750,0.44,Roughly unchanged (within +/-$5k),1
14000US36061031900,031900,park-cemetery-etc-Manhattan,Manhattan,,,,,No data,0
14000US36061023802,023802,Lenox Hill-Roosevelt Island,Manhattan,108889,100870,-8019,-7.36,"Decline $5k-$19,999",1
14000US36061009700,009700,Hudson Yards-Chelsea-Flatiron-Union Square,Manhattan,61534,71537,10003,16.26,"Increase $5k-$19,999",1
14000US36061010300,010300,Hudson Yards-Chelsea-Flatiron-Union Square,Manhattan,96071,180200,84129,87.57,Increase >= $40k,1
14000US36005014702,014702,Claremont-Bathgate,Bronx,22237,23825,1588,7.14,Roughly unchanged (within +/-$5k),1
14000US36005017702,017702,East Concourse-Concourse Village,Bronx,34567,40125,5558,16.08,"Increase $5k-$19,999",1
14000US36047087401,087401,Prospect Lefferts Gardens-Wingate,Brooklyn,44250,37207,-7043,-15.92,"Decline $5k-$19,999",1
14000US36047080800,080800,Prospect Lefferts Gardens-Wingate,Brooklyn,11167,13337,2170,19.43,Roughly unchanged (within +/-$5k),1
14000US36047087200,087200,East Flatbush-Farragut,Brooklyn,55902,67650,11748,21.02,"Increase $5k-$19,999",1
14000US36085015601,015601,Great Kills,Staten Island,105344,112076,6732,6.39,"Increase $5k-$19,999",1
14000US36085015602,015602,Annadale-Huguenot-Prince's Bay-Eltingville,Staten Island,112283,145682,33399,29.75,"Increase $20k-$39,999",1
14000US36085017011,017011,Annadale-Huguenot-Prince's Bay-Eltingville,Staten Island,100662,128933,28271,28.09,"Increase $20k-$39,999",1
14000US36005028400,028400,Van Nest-Morris Park-Westchester Square,Bronx,,,,,No data,0
14000US36005029600,029600,Pelham Parkway,Bronx,54250,57474,3224,5.94,Roughly unchanged (within +/-$5k),1
14000US36081002500,002500,Queensbridge-Ravenswood-Long Island City,Queens,19178,26044,6866,35.80,"Increase $5k-$19,999",1
14000US36081003700,003700,Queensbridge-Ravenswood-Long Island City,Queens,,,,,No data,0
14000US36081099801,099801,Far Rockaway-Bayswater,Queens,75921,70278,-5643,-7.43,"Decline $5k-$19,999",1
14000US36081100802,100802,Far Rockaway-Bayswater,Queens,64267,,,,No data,0
14000US36061002700,002700,Chinatown,Manhattan,62083,124063,61980,99.83,Increase >= $40k,1
14000US36061002900,002900,Chinatown,Manhattan,27908,,,,No data,0
14000US36061007600,007600,Midtown-Midtown South,Manhattan,100809,193644,92835,92.09,Increase >= $40k,1
14000US36061008400,008400,Midtown-Midtown South,Manhattan,158750,231546,72796,45.86,Increase >= $40k,1
14000US36081097202,097202,Hammels-Arverne-Edgemere,Queens,31509,22500,-9009,-28.59,"Decline $5k-$19,999",1
14000US36081097204,097204,Hammels-Arverne-Edgemere,Queens,46051,73180,27129,58.91,"Increase $20k-$39,999",1
14000US36005030701,030701,North Riverdale-Fieldston-Riverdale,Bronx,121389,109890,-11499,-9.47,"Decline $5k-$19,999",1
14000US36005033500,033500,North Riverdale-Fieldston-Riverdale,Bronx,96250,109867,13617,14.15,"Increase $5k-$19,999",1
14000US36005041900,041900,Norwood,Bronx,35837,57079,21242,59.27,"Increase $20k-$39,999",1
14000US36005033400,033400,park-cemetery-etc-Bronx,Bronx,,,,,No data,0
14000US36005042500,042500,Norwood,Bronx,31723,48280,16557,52.19,"Increase $5k-$19,999",1
14000US36005008900,008900,Hunts Point,Bronx,28642,35914,7272,25.39,"Increase $5k-$19,999",1
14000US36005015900,015900,Hunts Point,Bronx,16400,25686,9286,56.62,"Increase $5k-$19,999",1
14000US36005011900,011900,Hunts Point,Bronx,28988,44122,15134,52.21,"Increase $5k-$19,999",1
14000US36081020200,020200,South Jamaica,Queens,81667,,,,No data,0
14000US36081020600,020600,Jamaica,Queens,67298,56667,-10631,-15.80,"Decline $5k-$19,999",1
14000US36047001100,001100,DUMBO-Vinegar Hill-Downtown Brooklyn-Boerum Hill,Brooklyn,142813,203958,61145,42.81,Increase >= $40k,1
14000US36047001300,001300,DUMBO-Vinegar Hill-Downtown Brooklyn-Boerum Hill,Brooklyn,109208,139866,30658,28.07,"Increase $20k-$39,999",1
14000US36005012101,012101,Morrisania-Melrose,Bronx,39514,34464,-5050,-12.78,"Decline $5k-$19,999",1
14000US36005001900,001900,Mott Haven-Port Morris,Bronx,45156,,,,No data,0
14000US36047107000,107000,East New York,Brooklyn,51549,,,,No data,0
14000US36005005600,005600,West Farms-Bronx River,Bronx,27153,41684,14531,53.52,"Increase $5k-$19,999",1
14000US36005005400,005400,West Farms-Bronx River,Bronx,35189,54884,19695,55.97,"Increase $5k-$19,999",1
14000US36061019200,019200,East Harlem North,Manhattan,20117,19525,-592,-2.94,Roughly unchanged (within +/-$5k),1
14000US36061024200,024200,East Harlem North,Manhattan,25773,42617,16844,65.36,"Increase $5k-$19,999",1
14000US36047059600,059600,Sheepshead Bay-Gerritsen Beach-Manhattan Beach,Brooklyn,47273,56757,9484,20.06,"Increase $5k-$19,999",1
14000US36047060000,060000,Sheepshead Bay-Gerritsen Beach-Manhattan Beach,Brooklyn,72342,75671,3329,4.60,Roughly unchanged (within +/-$5k),1
14000US36047067800,067800,Flatlands,Brooklyn,96275,84612,-11663,-12.11,"Decline $5k-$19,999",1
14000US36047069200,069200,Flatlands,Brooklyn,118065,104712,-13353,-11.31,"Decline $5k-$19,999",1
14000US36081098700,098700,Whitestone,Queens,88077,105313,17236,19.57,"Increase $5k-$19,999",1
14000US36081097300,097300,Whitestone,Queens,100750,86008,-14742,-14.63,"Decline $5k-$19,999",1
14000US36081098100,098100,Whitestone,Queens,89286,129250,39964,44.76,"Increase $20k-$39,999",1
14000US36005013100,013100,Longwood,Bronx,26750,19760,-6990,-26.13,"Decline $5k-$19,999",1
14000US36005015100,015100,Morrisania-Melrose,Bronx,29276,31298,2022,6.91,Roughly unchanged (within +/-$5k),1
14000US36061011000,011000,Lenox Hill-Roosevelt Island,Manhattan,149583,150164,581,0.39,Roughly unchanged (within +/-$5k),1
14000US36085014605,014605,Great Kills,Staten Island,112143,148065,35922,32.03,"Increase $20k-$39,999",1
14000US36085014606,014606,Great Kills,Staten Island,103825,97247,-6578,-6.34,"Decline $5k-$19,999",1
14000US36005020601,020601,Westchester-Unionport,Bronx,48367,86701,38334,79.26,"Increase $20k-$39,999",1
14000US36005022200,022200,Parkchester,Bronx,51064,48110,-2954,-5.78,Roughly unchanged (within +/-$5k),1
14000US36047107800,107800,East New York,Brooklyn,63411,85947,22536,35.54,"Increase $20k-$39,999",1
14000US36047122000,122000,East New York,Brooklyn,39674,83594,43920,110.70,Increase >= $40k,1
14000US36081021900,021900,Hunters Point-Sunnyside-West Maspeth,Queens,,,,,No data,0
14000US36081053500,053500,Maspeth,Queens,65208,,,,No data,0
14000US36047120000,120000,East New York,Brooklyn,47566,47031,-535,-1.12,Roughly unchanged (within +/-$5k),1
14000US36047120800,120800,East New York,Brooklyn,39002,,,,No data,0
14000US36061023801,023801,Lenox Hill-Roosevelt Island,Manhattan,98636,,,,No data,0
14000US36005011800,011800,Schuylerville-Throgs Neck-Edgewater Park,Bronx,86250,93319,7069,8.20,"Increase $5k-$19,999",1
14000US36005013800,013800,Schuylerville-Throgs Neck-Edgewater Park,Bronx,67705,92567,24862,36.72,"Increase $20k-$39,999",1
14000US36047054300,054300,park-cemetery-etc-Brooklyn,Brooklyn,116875,,,,No data,0
14000US36005005001,005001,Soundview-Bruckner,Bronx,27009,33632,6623,24.52,"Increase $5k-$19,999",1
14000US36005005002,005002,Soundview-Bruckner,Bronx,31795,34688,2893,9.10,Roughly unchanged (within +/-$5k),1
14000US36061027700,027700,Washington Heights North,Manhattan,28864,58086,29222,101.24,"Increase $20k-$39,999",1
14000US36061029900,029900,Marble Hill-Inwood,Manhattan,19189,34731,15542,80.99,"Increase $5k-$19,999",1
14000US36081093900,093900,College Point,Queens,81677,79471,-2206,-2.70,Roughly unchanged (within +/-$5k),1
14000US36081094500,094500,Whitestone,Queens,75048,79406,4358,5.81,Roughly unchanged (within +/-$5k),1
14000US36085013201,013201,Oakwood-Oakwood Beach,Staten Island,102500,117083,14583,14.23,"Increase $5k-$19,999",1
14000US36085013204,013204,Oakwood-Oakwood Beach,Staten Island,87561,108447,20886,23.85,"Increase $20k-$39,999",1
14000US36081067900,067900,Middle Village,Queens,48640,78538,29898,61.47,"Increase $20k-$39,999",1
14000US36081068700,068700,Rego Park,Queens,60855,86193,25338,41.64,"Increase $20k-$39,999",1
14000US36005028900,028900,Spuyten Duyvil-Kingsbridge,Bronx,52754,61797,9043,17.14,"Increase $5k-$19,999",1
14000US36061030900,030900,Marble Hill-Inwood,Manhattan,32295,40438,8143,25.21,"Increase $5k-$19,999",1
14000US36005024700,024700,University Heights-Morris Heights,Bronx,49107,48906,-201,-0.41,Roughly unchanged (within +/-$5k),1
14000US36081036500,036500,East Elmhurst,Queens,51250,72031,20781,40.55,"Increase $20k-$39,999",1
14000US36081036700,036700,East Elmhurst,Queens,52955,78200,25245,47.67,"Increase $20k-$39,999",1
14000US36061001002,001002,Lower East Side,Manhattan,23230,23796,566,2.44,Roughly unchanged (within +/-$5k),1
14000US36005024502,024502,University Heights-Morris Heights,Bronx,29835,60221,30386,101.85,"Increase $20k-$39,999",1
14000US36005024900,024900,University Heights-Morris Heights,Bronx,,,,,No data,0
14000US36061024100,024100,Washington Heights South,Manhattan,55734,59500,3766,6.76,Roughly unchanged (within +/-$5k),1
14000US36061024700,024700,Washington Heights South,Manhattan,62031,83605,21574,34.78,"Increase $20k-$39,999",1
14000US36005011502,011502,Hunts Point,Bronx,17656,30922,13266,75.14,"Increase $5k-$19,999",1
14000US36005012300,012300,Crotona Park East,Bronx,31519,36435,4916,15.60,Roughly unchanged (within +/-$5k),1
14000US36005009000,009000,Soundview-Castle Hill-Clason Point-Harding Park,Bronx,24487,36806,12319,50.31,"Increase $5k-$19,999",1
14000US36005011000,011000,Schuylerville-Throgs Neck-Edgewater Park,Bronx,,,,,No data,0
14000US36061010602,010602,Lenox Hill-Roosevelt Island,Manhattan,166513,207717,41204,24.75,Increase >= $40k,1
14000US36061008603,008603,Turtle Bay-East Midtown,Manhattan,170781,200735,29954,17.54,"Increase $20k-$39,999",1
14000US36061010601,010601,Turtle Bay-East Midtown,Manhattan,173898,249091,75193,43.24,Increase >= $40k,1
14000US36081022900,022900,park-cemetery-etc-Queens,Queens,,,,,No data,0
14000US36081023500,023500,Hunters Point-Sunnyside-West Maspeth,Queens,49544,,,,No data,0
14000US36061004200,004200,East Village,Manhattan,148839,131083,-17756,-11.93,"Decline $5k-$19,999",1
14000US36061006100,006100,West Village,Manhattan,210726,179167,-31559,-14.98,"Decline $20k-$39,999",1
14000US36061026700,026700,Washington Heights North,Manhattan,43542,51250,7708,17.70,"Increase $5k-$19,999",1
14000US36061031100,031100,park-cemetery-etc-Manhattan,Manhattan,,,,,No data,0
14000US36061001001,001001,Lower East Side,Manhattan,81250,140000,58750,72.31,Increase >= $40k,1
14000US36061026500,026500,Washington Heights South,Manhattan,91004,92434,1430,1.57,Roughly unchanged (within +/-$5k),1
14000US36061027500,027500,Washington Heights North,Manhattan,106908,170000,63092,59.02,Increase >= $40k,1
14000US36005020100,020100,Highbridge,Bronx,34038,32692,-1346,-3.95,Roughly unchanged (within +/-$5k),1
14000US36005021100,021100,Highbridge,Bronx,30092,52128,22036,73.23,"Increase $20k-$39,999",1
14000US36047102800,102800,Canarsie,Brooklyn,95486,,,,No data,0
14000US36047103400,103400,Canarsie,Brooklyn,25691,,,,No data,0
14000US36061001401,001401,Lower East Side,Manhattan,103750,103750,0,0.00,Roughly unchanged (within +/-$5k),1
14000US36061000201,000201,Lower East Side,Manhattan,29500,37353,7853,26.62,"Increase $5k-$19,999",1
14000US36061000202,000202,Lower East Side,Manhattan,35466,36688,1222,3.45,Roughly unchanged (within +/-$5k),1
14000US36081000400,000400,Woodhaven,Queens,63462,74107,10645,16.77,"Increase $5k-$19,999",1
14000US36047118202,118202,Cypress Hills-City Line,Brooklyn,57500,91802,34302,59.66,"Increase $20k-$39,999",1
14000US36085022800,022800,New Springville-Bloomfield-Travis,Staten Island,,,,,No data,0
14000US36085014608,014608,Great Kills,Staten Island,110469,105625,-4844,-4.38,Roughly unchanged (within +/-$5k),1
14000US36085014607,014607,Great Kills,Staten Island,95114,130294,35180,36.99,"Increase $20k-$39,999",1
14000US36085027900,027900,Todt Hill-Emerson Hill-Heartland Village-Lighthouse Hill,Staten Island,115682,167934,52252,45.17,Increase >= $40k,1
14000US36081000600,000600,Woodhaven,Queens,83150,101042,17892,21.52,"Increase $5k-$19,999",1
14000US36047118400,118400,Cypress Hills-City Line,Brooklyn,58703,68093,9390,16.00,"Increase $5k-$19,999",1
14000US36081061000,061000,Cambria Heights,Queens,103333,97788,-5545,-5.37,"Decline $5k-$19,999",1
14000US36081038400,038400,St. Albans,Queens,75114,100337,25223,33.58,"Increase $20k-$39,999",1
14000US36081060800,060800,Cambria Heights,Queens,98750,115000,16250,16.46,"Increase $5k-$19,999",1
14000US36081051000,051000,Hollis,Queens,90104,85179,-4925,-5.47,Roughly unchanged (within +/-$5k),1
14000US36081051200,051200,Queens Village,Queens,85000,122778,37778,44.44,"Increase $20k-$39,999",1
14000US36047046202,046202,Ocean Parkway South,Brooklyn,61250,85536,24286,39.65,"Increase $20k-$39,999",1
14000US36047047600,047600,Borough Park,Brooklyn,35474,61250,25776,72.66,"Increase $20k-$39,999",1
14000US36047047800,047800,Borough Park,Brooklyn,48040,60590,12550,26.12,"Increase $5k-$19,999",1
14000US36081057900,057900,Glendale,Queens,59306,76023,16717,28.19,"Increase $5k-$19,999",1
14000US36081061301,061301,Ridgewood,Queens,73860,93669,19809,26.82,"Increase $5k-$19,999",1
14000US36005006500,006500,Melrose South-Mott Haven North,Bronx,25467,22740,-2727,-10.71,Roughly unchanged (within +/-$5k),1
14000US36005006700,006700,Melrose South-Mott Haven North,Bronx,19813,30191,10378,52.38,"Increase $5k-$19,999",1
14000US36005021601,021601,West Farms-Bronx River,Bronx,34510,33990,-520,-1.51,Roughly unchanged (within +/-$5k),1
14000US36005021602,021602,Parkchester,Bronx,55354,58569,3215,5.81,Roughly unchanged (within +/-$5k),1
14000US36061001402,001402,Lower East Side,Manhattan,27355,90469,63114,230.72,Increase >= $40k,1
14000US36061001800,001800,Chinatown,Manhattan,50568,76726,26158,51.73,"Increase $20k-$39,999",1
14000US36081032900,032900,Jackson Heights,Queens,55395,66573,11178,20.18,"Increase $5k-$19,999",1
14000US36081034700,034700,Jackson Heights,Queens,55492,77025,21533,38.80,"Increase $20k-$39,999",1
14000US36081037300,037300,East Elmhurst,Queens,48913,59821,10908,22.30,"Increase $5k-$19,999",1
14000US36081038100,038100,North Corona,Queens,61635,83654,22019,35.72,"Increase $20k-$39,999",1
14000US36047094402,094402,Flatlands,Brooklyn,23920,24676,756,3.16,Roughly unchanged (within +/-$5k),1
14000US36047095000,095000,Canarsie,Brooklyn,79345,90083,10738,13.53,"Increase $5k-$19,999",1
14000US36005025700,025700,University Heights-Morris Heights,Bronx,52926,38667,-14259,-26.94,"Decline $5k-$19,999",1
14000US36005005100,005100,Mott Haven-Port Morris,Bronx,19115,25851,6736,35.24,"Increase $5k-$19,999",1
14000US36005006300,006300,West Concourse,Bronx,37306,,,,No data,0
14000US36047046201,046201,Flatbush,Brooklyn,29830,63375,33545,112.45,"Increase $20k-$39,999",1
14000US36047046400,046400,Borough Park,Brooklyn,57283,72422,15139,26.43,"Increase $5k-$19,999",1
14000US36081038302,038302,park-cemetery-etc-Queens,Queens,,,,,No data,0
14000US36081074700,074700,Forest Hills,Queens,86034,99769,13735,15.96,"Increase $5k-$19,999",1
14000US36047118800,118800,Cypress Hills-City Line,Brooklyn,51190,75394,24204,47.28,"Increase $20k-$39,999",1
14000US36047120200,120200,Cypress Hills-City Line,Brooklyn,32321,100559,68238,211.13,Increase >= $40k,1
14000US36047049200,049200,Kensington-Ocean Parkway,Brooklyn,62604,103269,40665,64.96,Increase >= $40k,1
14000US36047152200,152200,Flatbush,Brooklyn,135982,215602,79620,58.55,Increase >= $40k,1
14000US36047017700,017700,park-cemetery-etc-Brooklyn,Brooklyn,,,,,No data,0
14000US36047050400,050400,Windsor Terrace,Brooklyn,98525,,,,No data,0
14000US36047028300,028300,Stuyvesant Heights,Brooklyn,29306,53040,23734,80.99,"Increase $20k-$39,999",1
14000US36047028502,028502,Stuyvesant Heights,Brooklyn,23899,14944,-8955,-37.47,"Decline $5k-$19,999",1