store_id,store,zip,price_date,source_name,source_url,price_type,eggs,milk,bread,chicken_lb,avocados_lb,bananas_lb,tomatoes_lb,strawberries_lb,collard_greens_bunch,notes,zip_target_search_url
717948,H MART,10001,2026-05-23,H Mart Weekly Sales,https://www.hmart.com/weekly-sales-and-events,advertised,,,,,,,,,,Matched to chain circular/weekly-ad source.,https://duckduckgo.com/?q=%22H%20MART%22%20%2210001%22%20%28%22weekly%20ad%22%20OR%20circular%20OR%20flyer%20OR%20specials%29
744918,KIKKA @WHOLE FOODS MANHATTAN WEST,10001,2026-05-23,Whole Foods Weekly Sales,https://www.wholefoodsmarket.com/sales-flyer,advertised,,,,,,,,,,Matched to chain circular/weekly-ad source.,https://duckduckgo.com/?q=%22KIKKA%20%40WHOLE%20FOODS%20MANHATTAN%20WEST%22%20%2210001%22%20%28%22weekly%20ad%22%20OR%20circular%20OR%20flyer%20OR%20specials%29
715877,KIKKA AT WHOLE FOODS CHELSEA,10001,2026-05-23,Whole Foods Weekly Sales,https://www.wholefoodsmarket.com/sales-flyer,advertised,,,,,,,,,,Matched to chain circular/weekly-ad source.,https://duckduckgo.com/?q=%22KIKKA%20AT%20WHOLE%20FOODS%20CHELSEA%22%20%2210001%22%20%28%22weekly%20ad%22%20OR%20circular%20OR%20flyer%20OR%20specials%29
629357,LONDON GROCERY,10001,,ZIP-targeted web search (manual verify),https://duckduckgo.com/?q=%22LONDON%20GROCERY%22%20%2210001%22%20%28%22weekly%20ad%22%20OR%20circular%20OR%20flyer%20OR%20specials%29,advertised,,,,,,,,,,"Second-pass ZIP-targeted search URL. Open link, verify official store ad/circular, then replace with confirmed source URL.",https://duckduckgo.com/?q=%22LONDON%20GROCERY%22%20%2210001%22%20%28%22weekly%20ad%22%20OR%20circular%20OR%20flyer%20OR%20specials%29
743302,SUSHILUX@FAIRWAY MKT,10001,2026-05-23,Fairway Weekly Circular,https://www.fairwaymarket.com/circulars,advertised,,,,,,,,,,Matched to chain circular/weekly-ad source.,https://duckduckgo.com/?q=%22SUSHILUX%40FAIRWAY%20MKT%22%20%2210001%22%20%28%22weekly%20ad%22%20OR%20circular%20OR%20flyer%20OR%20specials%29
623606,WHOLE FOODS MARKET,10001,2026-05-23,Whole Foods Weekly Sales,https://www.wholefoodsmarket.com/sales-flyer,advertised,,,,,,,,,,Matched to chain circular/weekly-ad source.,https://duckduckgo.com/?q=%22WHOLE%20FOODS%20MARKET%22%20%2210001%22%20%28%22weekly%20ad%22%20OR%20circular%20OR%20flyer%20OR%20specials%29
627543,47 PITT GROCERY,10002,,ZIP-targeted web search (manual verify),https://duckduckgo.com/?q=%2247%20PITT%20GROCERY%22%20%2210002%22%20%28%22weekly%20ad%22%20OR%20circular%20OR%20flyer%20OR%20specials%29,advertised,,,,,,,,,,"Second-pass ZIP-targeted search URL. Open link, verify official store ad/circular, then replace with confirmed source URL.",https://duckduckgo.com/?q=%2247%20PITT%20GROCERY%22%20%2210002%22%20%28%22weekly%20ad%22%20OR%20circular%20OR%20flyer%20OR%20specials%29
706102,CHINATOWN SUPERMARKET OF MANHATTAN,10002,,ZIP-targeted web search (manual verify),https://duckduckgo.com/?q=%22CHINATOWN%20SUPERMARKET%20OF%20MANHATTAN%22%20%2210002%22%20%28%22weekly%20ad%22%20OR%20circular%20OR%20flyer%20OR%20specials%29,advertised,,,,,,,,,,"Second-pass ZIP-targeted search URL. Open link, verify official store ad/circular, then replace with confirmed source URL.",https://duckduckgo.com/?q=%22CHINATOWN%20SUPERMARKET%20OF%20MANHATTAN%22%20%2210002%22%20%28%22weekly%20ad%22%20OR%20circular%20OR%20flyer%20OR%20specials%29
620134,FINE FARE SUPERMARKET,10002,2026-05-23,Fine Fare Store Site,https://www.finefaresupermarkets.com/,advertised,,,,,,,,,,Matched to chain circular/weekly-ad source.,https://duckduckgo.com/?q=%22FINE%20FARE%20SUPERMARKET%22%20%2210002%22%20%28%22weekly%20ad%22%20OR%20circular%20OR%20flyer%20OR%20specials%29
765187,FU YUN GROCERY,10002,,ZIP-targeted web search (manual verify),https://duckduckgo.com/?q=%22FU%20YUN%20GROCERY%22%20%2210002%22%20%28%22weekly%20ad%22%20OR%20circular%20OR%20flyer%20OR%20specials%29,advertised,,,,,,,,,,"Second-pass ZIP-targeted search URL. Open link, verify official store ad/circular, then replace with confirmed source URL.",https://duckduckgo.com/?q=%22FU%20YUN%20GROCERY%22%20%2210002%22%20%28%22weekly%20ad%22%20OR%20circular%20OR%20flyer%20OR%20specials%29
736151,HENG YUN GROCERY,10002,,ZIP-targeted web search (manual verify),https://duckduckgo.com/?q=%22HENG%20YUN%20GROCERY%22%20%2210002%22%20%28%22weekly%20ad%22%20OR%20circular%20OR%20flyer%20OR%20specials%29,advertised,,,,,,,,,,"Second-pass ZIP-targeted search URL. Open link, verify official store ad/circular, then replace with confirmed source URL.",https://duckduckgo.com/?q=%22HENG%20YUN%20GROCERY%22%20%2210002%22%20%28%22weekly%20ad%22%20OR%20circular%20OR%20flyer%20OR%20specials%29
626727,KEY FOOD SUPERMARKET 1436,10002,2026-05-23,Key Food / Food Universe Flyers,https://www.keyfood.com/flyers,advertised,,,,,,,,,,Matched to chain circular/weekly-ad source.,https://duckduckgo.com/?q=%22KEY%20FOOD%20SUPERMARKET%201436%22%20%2210002%22%20%28%22weekly%20ad%22%20OR%20circular%20OR%20flyer%20OR%20specials%29
767435,LIDL #1590,10002,2026-05-23,Lidl Weekly Ad,https://www.lidl.com/flyer,advertised,,,,,,,,,,Matched to chain circular/weekly-ad source.,https://duckduckgo.com/?q=%22LIDL%20%231590%22%20%2210002%22%20%28%22weekly%20ad%22%20OR%20circular%20OR%20flyer%20OR%20specials%29
730092,MAYIMBE GROCERY,10002,,ZIP-targeted web search (manual verify),https://duckduckgo.com/?q=%22MAYIMBE%20GROCERY%22%20%2210002%22%20%28%22weekly%20ad%22%20OR%20circular%20OR%20flyer%20OR%20specials%29,advertised,,,,,,,,,,"Second-pass ZIP-targeted search URL. Open link, verify official store ad/circular, then replace with confirmed source URL.",https://duckduckgo.com/?q=%22MAYIMBE%20GROCERY%22%20%2210002%22%20%28%22weekly%20ad%22%20OR%20circular%20OR%20flyer%20OR%20specials%29
735524,TRADER JOES #538,10002,2026-05-23,Trader Joe's Fearless Flyer,https://www.traderjoes.com/home/fearless-flyer,advertised,,,,,,,,,,Matched to chain circular/weekly-ad source.,https://duckduckgo.com/?q=%22TRADER%20JOES%20%23538%22%20%2210002%22%20%28%22weekly%20ad%22%20OR%20circular%20OR%20flyer%20OR%20specials%29
752403,WJL GROCERY,10002,,ZIP-targeted web search (manual verify),https://duckduckgo.com/?q=%22WJL%20GROCERY%22%20%2210002%22%20%28%22weekly%20ad%22%20OR%20circular%20OR%20flyer%20OR%20specials%29,advertised,,,,,,,,,,"Second-pass ZIP-targeted search URL. Open link, verify official store ad/circular, then replace with confirmed source URL.",https://duckduckgo.com/?q=%22WJL%20GROCERY%22%20%2210002%22%20%28%22weekly%20ad%22%20OR%20circular%20OR%20flyer%20OR%20specials%29
738005,ZHENGS GROCERY STORE,10002,,ZIP-targeted web search (manual verify),https://duckduckgo.com/?q=%22ZHENGS%20GROCERY%20STORE%22%20%2210002%22%20%28%22weekly%20ad%22%20OR%20circular%20OR%20flyer%20OR%20specials%29,advertised,,,,,,,,,,"Second-pass ZIP-targeted search URL. Open link, verify official store ad/circular, then replace with confirmed source URL.",https://duckduckgo.com/?q=%22ZHENGS%20GROCERY%20STORE%22%20%2210002%22%20%28%22weekly%20ad%22%20OR%20circular%20OR%20flyer%20OR%20specials%29
627244,EAST WAY GROCERY,10003,,ZIP-targeted web search (manual verify),https://duckduckgo.com/?q=%22EAST%20WAY%20GROCERY%22%20%2210003%22%20%28%22weekly%20ad%22%20OR%20circular%20OR%20flyer%20OR%20specials%29,advertised,,,,,,,,,,"Second-pass ZIP-targeted search URL. Open link, verify official store ad/circular, then replace with confirmed source URL.",https://duckduckgo.com/?q=%22EAST%20WAY%20GROCERY%22%20%2210003%22%20%28%22weekly%20ad%22%20OR%20circular%20OR%20flyer%20OR%20specials%29
738741,H MART,10003,2026-05-23,H Mart Weekly Sales,https://www.hmart.com/weekly-sales-and-events,advertised,,,,,,,,,,Matched to chain circular/weekly-ad source.,https://duckduckgo.com/?q=%22H%20MART%22%20%2210003%22%20%28%22weekly%20ad%22%20OR%20circular%20OR%20flyer%20OR%20specials%29
626894,TRADER JOES #540,10003,2026-05-23,Trader Joe's Fearless Flyer,https://www.traderjoes.com/home/fearless-flyer,advertised,,,,,,,,,,Matched to chain circular/weekly-ad source.,https://duckduckgo.com/?q=%22TRADER%20JOES%20%23540%22%20%2210003%22%20%28%22weekly%20ad%22%20OR%20circular%20OR%20flyer%20OR%20specials%29
625080,VILLAGE FARM&GROCERY,10003,,ZIP-targeted web search (manual verify),https://duckduckgo.com/?q=%22VILLAGE%20FARM%26GROCERY%22%20%2210003%22%20%28%22weekly%20ad%22%20OR%20circular%20OR%20flyer%20OR%20specials%29,advertised,,,,,,,,,,"Second-pass ZIP-targeted search URL. Open link, verify official store ad/circular, then replace with confirmed source URL.",https://duckduckgo.com/?q=%22VILLAGE%20FARM%26GROCERY%22%20%2210003%22%20%28%22weekly%20ad%22%20OR%20circular%20OR%20flyer%20OR%20specials%29
755429,KIKKA@WHOLE FOODS ONE WALL ST,10005,2026-05-23,Whole Foods Weekly Sales,https://www.wholefoodsmarket.com/sales-flyer,advertised,,,,,,,,,,Matched to chain circular/weekly-ad source.,https://duckduckgo.com/?q=%22KIKKA%40WHOLE%20FOODS%20ONE%20WALL%20ST%22%20%2210005%22%20%28%22weekly%20ad%22%20OR%20circular%20OR%20flyer%20OR%20specials%29
754244,WHOLE FOODS MARKET,10005,2026-05-23,Whole Foods Weekly Sales,https://www.wholefoodsmarket.com/sales-flyer,advertised,,,,,,,,,,Matched to chain circular/weekly-ad source.,https://duckduckgo.com/?q=%22WHOLE%20FOODS%20MARKET%22%20%2210005%22%20%28%22weekly%20ad%22%20OR%20circular%20OR%20flyer%20OR%20specials%29
627845,WHOLE FOODS MKT 10245,10007,2026-05-23,Whole Foods Weekly Sales,https://www.wholefoodsmarket.com/sales-flyer,advertised,,,,,,,,,,Matched to chain circular/weekly-ad source.,https://duckduckgo.com/?q=%22WHOLE%20FOODS%20MKT%2010245%22%20%2210007%22%20%28%22weekly%20ad%22%20OR%20circular%20OR%20flyer%20OR%20specials%29
724287,77 AVE D GROCERY STORE,10009,,ZIP-targeted web search (manual verify),https://duckduckgo.com/?q=%2277%20AVE%20D%20GROCERY%20STORE%22%20%2210009%22%20%28%22weekly%20ad%22%20OR%20circular%20OR%20flyer%20OR%20specials%29,advertised,,,,,,,,,,"Second-pass ZIP-targeted search URL. Open link, verify official store ad/circular, then replace with confirmed source URL.",https://duckduckgo.com/?q=%2277%20AVE%20D%20GROCERY%20STORE%22%20%2210009%22%20%28%22weekly%20ad%22%20OR%20circular%20OR%20flyer%20OR%20specials%29
624469,ASSOCIATED SUPERMARKET,10009,2026-05-23,Associated Supermarkets Weekly Ad,https://www.yapik.com/us/associated-supermarkets/weekly-ad,advertised,,,,,,,,,,Matched to third-party weekly-ad index for this chain; verify store-specific ad before final use.,https://duckduckgo.com/?q=%22ASSOCIATED%20SUPERMARKET%22%20%2210009%22%20%28%22weekly%20ad%22%20OR%20circular%20OR%20flyer%20OR%20specials%29
624017,BROTHERS CANDY&GROCERY,10009,,ZIP-targeted web search (manual verify),https://duckduckgo.com/?q=%22BROTHERS%20CANDY%26GROCERY%22%20%2210009%22%20%28%22weekly%20ad%22%20OR%20circular%20OR%20flyer%20OR%20specials%29,advertised,,,,,,,,,,"Second-pass ZIP-targeted search URL. Open link, verify official store ad/circular, then replace with confirmed source URL.",https://duckduckgo.com/?q=%22BROTHERS%20CANDY%26GROCERY%22%20%2210009%22%20%28%22weekly%20ad%22%20OR%20circular%20OR%20flyer%20OR%20specials%29
756859,C-TOWN SUPERMARKET,10009,2026-05-23,CTown Weekly Ad,https://www.ctownsupermarkets.com/Weekly-Ad,advertised,,,,,,,,,,Matched to chain circular/weekly-ad source.,https://duckduckgo.com/?q=%22C-TOWN%20SUPERMARKET%22%20%2210009%22%20%28%22weekly%20ad%22%20OR%20circular%20OR%20flyer%20OR%20specials%29
626480,KEY FOOD 566,10009,2026-05-23,Key Food / Food Universe Flyers,https://www.keyfood.com/flyers,advertised,,,,,,,,,,Matched to chain circular/weekly-ad source.,https://duckduckgo.com/?q=%22KEY%20FOOD%20566%22%20%2210009%22%20%28%22weekly%20ad%22%20OR%20circular%20OR%20flyer%20OR%20specials%29
727475,NUR GROCERY,10009,,ZIP-targeted web search (manual verify),https://duckduckgo.com/?q=%22NUR%20GROCERY%22%20%2210009%22%20%28%22weekly%20ad%22%20OR%20circular%20OR%20flyer%20OR%20specials%29,advertised,,,,,,,,,,"Second-pass ZIP-targeted search URL. Open link, verify official store ad/circular, then replace with confirmed source URL.",https://duckduckgo.com/?q=%22NUR%20GROCERY%22%20%2210009%22%20%28%22weekly%20ad%22%20OR%20circular%20OR%20flyer%20OR%20specials%29
736327,SHOP FAIR SUPERMARKET,10009,2026-05-23,Shop Fair Weekly Circular,https://www.shopfairsupermarkets.com/Circular4Page.aspx,advertised,,,,,,,,,,Matched to chain circular/weekly-ad source.,https://duckduckgo.com/?q=%22SHOP%20FAIR%20SUPERMARKET%22%20%2210009%22%20%28%22weekly%20ad%22%20OR%20circular%20OR%20flyer%20OR%20specials%29
739972,TRADER JOES #546,10009,2026-05-23,Trader Joe's Fearless Flyer,https://www.traderjoes.com/home/fearless-flyer,advertised,,,,,,,,,,Matched to chain circular/weekly-ad source.,https://duckduckgo.com/?q=%22TRADER%20JOES%20%23546%22%20%2210009%22%20%28%22weekly%20ad%22%20OR%20circular%20OR%20flyer%20OR%20specials%29
766270,WHOLE FOODS MARKET DAILY SHOP,10009,2026-05-23,Whole Foods Weekly Sales,https://www.wholefoodsmarket.com/sales-flyer,advertised,,,,,,,,,,Matched to chain circular/weekly-ad source.,https://duckduckgo.com/?q=%22WHOLE%20FOODS%20MARKET%20DAILY%20SHOP%22%20%2210009%22%20%28%22weekly%20ad%22%20OR%20circular%20OR%20flyer%20OR%20specials%29
742909,FAIRWAY MARKET OF CHELSEA,10010,2026-05-23,Fairway Weekly Circular,https://www.fairwaymarket.com/circulars,advertised,,,,,,,,,,Matched to chain circular/weekly-ad source.,https://duckduckgo.com/?q=%22FAIRWAY%20MARKET%20OF%20CHELSEA%22%20%2210010%22%20%28%22weekly%20ad%22%20OR%20circular%20OR%20flyer%20OR%20specials%29
628738,TRADER JOES #543,10010,2026-05-23,Trader Joe's Fearless Flyer,https://www.traderjoes.com/home/fearless-flyer,advertised,,,,,,,,,,Matched to chain circular/weekly-ad source.,https://duckduckgo.com/?q=%22TRADER%20JOES%20%23543%22%20%2210010%22%20%28%22weekly%20ad%22%20OR%20circular%20OR%20flyer%20OR%20specials%29
767911,USA GOURMET GROCERY,10010,,ZIP-targeted web search (manual verify),https://duckduckgo.com/?q=%22USA%20GOURMET%20GROCERY%22%20%2210010%22%20%28%22weekly%20ad%22%20OR%20circular%20OR%20flyer%20OR%20specials%29,advertised,,,,,,,,,,"Second-pass ZIP-targeted search URL. Open link, verify official store ad/circular, then replace with confirmed source URL.",https://duckduckgo.com/?q=%22USA%20GOURMET%20GROCERY%22%20%2210010%22%20%28%22weekly%20ad%22%20OR%20circular%20OR%20flyer%20OR%20specials%29
625236,WESTSIDE SUPERMARKET,10011,,ZIP-targeted web search (manual verify),https://duckduckgo.com/?q=%22WESTSIDE%20SUPERMARKET%22%20%2210011%22%20%28%22weekly%20ad%22%20OR%20circular%20OR%20flyer%20OR%20specials%29,advertised,,,,,,,,,,"Second-pass ZIP-targeted search URL. Open link, verify official store ad/circular, then replace with confirmed source URL.",https://duckduckgo.com/?q=%22WESTSIDE%20SUPERMARKET%22%20%2210011%22%20%28%22weekly%20ad%22%20OR%20circular%20OR%20flyer%20OR%20specials%29
620941,BANGKOK CENTER GROCERY,10013,,ZIP-targeted web search (manual verify),https://duckduckgo.com/?q=%22BANGKOK%20CENTER%20GROCERY%22%20%2210013%22%20%28%22weekly%20ad%22%20OR%20circular%20OR%20flyer%20OR%20specials%29,advertised,,,,,,,,,,"Second-pass ZIP-targeted search URL. Open link, verify official store ad/circular, then replace with confirmed source URL.",https://duckduckgo.com/?q=%22BANGKOK%20CENTER%20GROCERY%22%20%2210013%22%20%28%22weekly%20ad%22%20OR%20circular%20OR%20flyer%20OR%20specials%29
757811,HAPPIER GROCERY,10013,,ZIP-targeted web search (manual verify),https://duckduckgo.com/?q=%22HAPPIER%20GROCERY%22%20%2210013%22%20%28%22weekly%20ad%22%20OR%20circular%20OR%20flyer%20OR%20specials%29,advertised,,,,,,,,,,"Second-pass ZIP-targeted search URL. Open link, verify official store ad/circular, then replace with confirmed source URL.",https://duckduckgo.com/?q=%22HAPPIER%20GROCERY%22%20%2210013%22%20%28%22weekly%20ad%22%20OR%20circular%20OR%20flyer%20OR%20specials%29
739956,HENG XING GROCERY STORE,10013,,ZIP-targeted web search (manual verify),https://duckduckgo.com/?q=%22HENG%20XING%20GROCERY%20STORE%22%20%2210013%22%20%28%22weekly%20ad%22%20OR%20circular%20OR%20flyer%20OR%20specials%29,advertised,,,,,,,,,,"Second-pass ZIP-targeted search URL. Open link, verify official store ad/circular, then replace with confirmed source URL.",https://duckduckgo.com/?q=%22HENG%20XING%20GROCERY%20STORE%22%20%2210013%22%20%28%22weekly%20ad%22%20OR%20circular%20OR%20flyer%20OR%20specials%29
627954,HONG KONG SUPERMARKET,10013,,ZIP-targeted web search (manual verify),https://duckduckgo.com/?q=%22HONG%20KONG%20SUPERMARKET%22%20%2210013%22%20%28%22weekly%20ad%22%20OR%20circular%20OR%20flyer%20OR%20specials%29,advertised,,,,,,,,,,"Second-pass ZIP-targeted search URL. Open link, verify official store ad/circular, then replace with confirmed source URL.",https://duckduckgo.com/?q=%22HONG%20KONG%20SUPERMARKET%22%20%2210013%22%20%28%22weekly%20ad%22%20OR%20circular%20OR%20flyer%20OR%20specials%29
627947,SUN VIN GROCERY,10013,,ZIP-targeted web search (manual verify),https://duckduckgo.com/?q=%22SUN%20VIN%20GROCERY%22%20%2210013%22%20%28%22weekly%20ad%22%20OR%20circular%20OR%20flyer%20OR%20specials%29,advertised,,,,,,,,,,"Second-pass ZIP-targeted search URL. Open link, verify official store ad/circular, then replace with confirmed source URL.",https://duckduckgo.com/?q=%22SUN%20VIN%20GROCERY%22%20%2210013%22%20%28%22weekly%20ad%22%20OR%20circular%20OR%20flyer%20OR%20specials%29
728784,TRADER JOES #539,10013,2026-05-23,Trader Joe's Fearless Flyer,https://www.traderjoes.com/home/fearless-flyer,advertised,,,,,,,,,,Matched to chain circular/weekly-ad source.,https://duckduckgo.com/?q=%22TRADER%20JOES%20%23539%22%20%2210013%22%20%28%22weekly%20ad%22%20OR%20circular%20OR%20flyer%20OR%20specials%29
727280,D'AGOSTINO SUPERMARKET #550,10016,,ZIP-targeted web search (manual verify),https://duckduckgo.com/?q=%22D%27AGOSTINO%20SUPERMARKET%20%23550%22%20%2210016%22%20%28%22weekly%20ad%22%20OR%20circular%20OR%20flyer%20OR%20specials%29,advertised,,,,,,,,,,"Second-pass ZIP-targeted search URL. Open link, verify official store ad/circular, then replace with confirmed source URL.",https://duckduckgo.com/?q=%22D%27AGOSTINO%20SUPERMARKET%20%23550%22%20%2210016%22%20%28%22weekly%20ad%22%20OR%20circular%20OR%20flyer%20OR%20specials%29
742908,FAIRWAY MARKET OF KIPS BAY,10016,2026-05-23,Fairway Weekly Circular,https://www.fairwaymarket.com/circulars,advertised,,,,,,,,,,Matched to chain circular/weekly-ad source.,https://duckduckgo.com/?q=%22FAIRWAY%20MARKET%20OF%20KIPS%20BAY%22%20%2210016%22%20%28%22weekly%20ad%22%20OR%20circular%20OR%20flyer%20OR%20specials%29
743305,SUSHILUX@FAIRWAY MKT,10016,2026-05-23,Fairway Weekly Circular,https://www.fairwaymarket.com/circulars,advertised,,,,,,,,,,Matched to chain circular/weekly-ad source.,https://duckduckgo.com/?q=%22SUSHILUX%40FAIRWAY%20MKT%22%20%2210016%22%20%28%22weekly%20ad%22%20OR%20circular%20OR%20flyer%20OR%20specials%29
725759,TRADER JOES #544,10016,2026-05-23,Trader Joe's Fearless Flyer,https://www.traderjoes.com/home/fearless-flyer,advertised,,,,,,,,,,Matched to chain circular/weekly-ad source.,https://duckduckgo.com/?q=%22TRADER%20JOES%20%23544%22%20%2210016%22%20%28%22weekly%20ad%22%20OR%20circular%20OR%20flyer%20OR%20specials%29
751686,WHOLE FOODS MARKET,10016,2026-05-23,Whole Foods Weekly Sales,https://www.wholefoodsmarket.com/sales-flyer,advertised,,,,,,,,,,Matched to chain circular/weekly-ad source.,https://duckduckgo.com/?q=%22WHOLE%20FOODS%20MARKET%22%20%2210016%22%20%28%22weekly%20ad%22%20OR%20circular%20OR%20flyer%20OR%20specials%29
758876,SOLIMAN'S GROCERY,10017,,ZIP-targeted web search (manual verify),https://duckduckgo.com/?q=%22SOLIMAN%27S%20GROCERY%22%20%2210017%22%20%28%22weekly%20ad%22%20OR%20circular%20OR%20flyer%20OR%20specials%29,advertised,,,,,,,,,,"Second-pass ZIP-targeted search URL. Open link, verify official store ad/circular, then replace with confirmed source URL.",https://duckduckgo.com/?q=%22SOLIMAN%27S%20GROCERY%22%20%2210017%22%20%28%22weekly%20ad%22%20OR%20circular%20OR%20flyer%20OR%20specials%29
625078,WHOLE FOODS MARKET,10019,2026-05-23,Whole Foods Weekly Sales,https://www.wholefoodsmarket.com/sales-flyer,advertised,,,,,,,,,,Matched to chain circular/weekly-ad source.,https://duckduckgo.com/?q=%22WHOLE%20FOODS%20MARKET%22%20%2210019%22%20%28%22weekly%20ad%22%20OR%20circular%20OR%20flyer%20OR%20specials%29
624379,YEM SANALI GROCERY,10019,,ZIP-targeted web search (manual verify),https://duckduckgo.com/?q=%22YEM%20SANALI%20GROCERY%22%20%2210019%22%20%28%22weekly%20ad%22%20OR%20circular%20OR%20flyer%20OR%20specials%29,advertised,,,,,,,,,,"Second-pass ZIP-targeted search URL. Open link, verify official store ad/circular, then replace with confirmed source URL.",https://duckduckgo.com/?q=%22YEM%20SANALI%20GROCERY%22%20%2210019%22%20%28%22weekly%20ad%22%20OR%20circular%20OR%20flyer%20OR%20specials%29
728357,EAST SIDE GROCERY,10021,,ZIP-targeted web search (manual verify),https://duckduckgo.com/?q=%22EAST%20SIDE%20GROCERY%22%20%2210021%22%20%28%22weekly%20ad%22%20OR%20circular%20OR%20flyer%20OR%20specials%29,advertised,,,,,,,,,,"Second-pass ZIP-targeted search URL. Open link, verify official store ad/circular, then replace with confirmed source URL.",https://duckduckgo.com/?q=%22EAST%20SIDE%20GROCERY%22%20%2210021%22%20%28%22weekly%20ad%22%20OR%20circular%20OR%20flyer%20OR%20specials%29
753205,SUSHI MARU (@GRISTEDES),10021,2026-05-23,Gristedes Weekly Specials,https://gristedes.com/weekly-specials/,advertised,,,,,,,,,,Matched to chain circular/weekly-ad source.,https://duckduckgo.com/?q=%22SUSHI%20MARU%20%28%40GRISTEDES%29%22%20%2210021%22%20%28%22weekly%20ad%22%20OR%20circular%20OR%20flyer%20OR%20specials%29
737257,KIKKA@WHOLE FOODS MIDTOWN EAST,10022,2026-05-23,Whole Foods Weekly Sales,https://www.wholefoodsmarket.com/sales-flyer,advertised,,,,,,,,,,Matched to chain circular/weekly-ad source.,https://duckduckgo.com/?q=%22KIKKA%40WHOLE%20FOODS%20MIDTOWN%20EAST%22%20%2210022%22%20%28%22weekly%20ad%22%20OR%20circular%20OR%20flyer%20OR%20specials%29
751936,TRADER JOES #571,10022,2026-05-23,Trader Joe's Fearless Flyer,https://www.traderjoes.com/home/fearless-flyer,advertised,,,,,,,,,,Matched to chain circular/weekly-ad source.,https://duckduckgo.com/?q=%22TRADER%20JOES%20%23571%22%20%2210022%22%20%28%22weekly%20ad%22%20OR%20circular%20OR%20flyer%20OR%20specials%29
702868,WHOLE FOODS MARKET,10022,2026-05-23,Whole Foods Weekly Sales,https://www.wholefoodsmarket.com/sales-flyer,advertised,,,,,,,,,,Matched to chain circular/weekly-ad source.,https://duckduckgo.com/?q=%22WHOLE%20FOODS%20MARKET%22%20%2210022%22%20%28%22weekly%20ad%22%20OR%20circular%20OR%20flyer%20OR%20specials%29
742906,FAIRWAY MARKET OF 74TH ST,10023,2026-05-23,Fairway Weekly Circular,https://www.fairwaymarket.com/circulars,advertised,,,,,,,,,,Matched to chain circular/weekly-ad source.,https://duckduckgo.com/?q=%22FAIRWAY%20MARKET%20OF%2074TH%20ST%22%20%2210023%22%20%28%22weekly%20ad%22%20OR%20circular%20OR%20flyer%20OR%20specials%29
762704,H MART,10023,2026-05-23,H Mart Weekly Sales,https://www.hmart.com/weekly-sales-and-events,advertised,,,,,,,,,,Matched to chain circular/weekly-ad source.,https://duckduckgo.com/?q=%22H%20MART%22%20%2210023%22%20%28%22weekly%20ad%22%20OR%20circular%20OR%20flyer%20OR%20specials%29
742688,MORTON WILLIAMS SUPERMARKET,10023,2026-05-23,Morton Williams Store Site,https://www.mortonwilliams.com/,advertised,,,,,,,,,,Matched to chain circular/weekly-ad source.,https://duckduckgo.com/?q=%22MORTON%20WILLIAMS%20SUPERMARKET%22%20%2210023%22%20%28%22weekly%20ad%22%20OR%20circular%20OR%20flyer%20OR%20specials%29
743304,SUSHILUX@FAIRWAY MKT,10023,2026-05-23,Fairway Weekly Circular,https://www.fairwaymarket.com/circulars,advertised,,,,,,,,,,Matched to chain circular/weekly-ad source.,https://duckduckgo.com/?q=%22SUSHILUX%40FAIRWAY%20MKT%22%20%2210023%22%20%28%22weekly%20ad%22%20OR%20circular%20OR%20flyer%20OR%20specials%29
628784,TRADER JOES #542,10023,2026-05-23,Trader Joe's Fearless Flyer,https://www.traderjoes.com/home/fearless-flyer,advertised,,,,,,,,,,Matched to chain circular/weekly-ad source.,https://duckduckgo.com/?q=%22TRADER%20JOES%20%23542%22%20%2210023%22%20%28%22weekly%20ad%22%20OR%20circular%20OR%20flyer%20OR%20specials%29
629208,82ND STREET GROCERY,10024,,ZIP-targeted web search (manual verify),https://duckduckgo.com/?q=%2282ND%20STREET%20GROCERY%22%20%2210024%22%20%28%22weekly%20ad%22%20OR%20circular%20OR%20flyer%20OR%20specials%29,advertised,,,,,,,,,,"Second-pass ZIP-targeted search URL. Open link, verify official store ad/circular, then replace with confirmed source URL.",https://duckduckgo.com/?q=%2282ND%20STREET%20GROCERY%22%20%2210024%22%20%28%22weekly%20ad%22%20OR%20circular%20OR%20flyer%20OR%20specials%29
758663,KEY FOOD UWS,10024,2026-05-23,Key Food / Food Universe Flyers,https://www.keyfood.com/flyers,advertised,,,,,,,,,,Matched to chain circular/weekly-ad source.,https://duckduckgo.com/?q=%22KEY%20FOOD%20UWS%22%20%2210024%22%20%28%22weekly%20ad%22%20OR%20circular%20OR%20flyer%20OR%20specials%29
751170,UPTOWN WHOLE FOODS,10024,2026-05-23,Whole Foods Weekly Sales,https://www.wholefoodsmarket.com/sales-flyer,advertised,,,,,,,,,,Matched to chain circular/weekly-ad source.,https://duckduckgo.com/?q=%22UPTOWN%20WHOLE%20FOODS%22%20%2210024%22%20%28%22weekly%20ad%22%20OR%20circular%20OR%20flyer%20OR%20specials%29
623254,ASSOCIATED SUPERMARKET,10025,2026-05-23,Associated Supermarkets Weekly Ad,https://www.yapik.com/us/associated-supermarkets/weekly-ad,advertised,,,,,,,,,,Matched to third-party weekly-ad index for this chain; verify store-specific ad before final use.,https://duckduckgo.com/?q=%22ASSOCIATED%20SUPERMARKET%22%20%2210025%22%20%28%22weekly%20ad%22%20OR%20circular%20OR%20flyer%20OR%20specials%29
732757,H MART,10025,2026-05-23,H Mart Weekly Sales,https://www.hmart.com/weekly-sales-and-events,advertised,,,,,,,,,,Matched to chain circular/weekly-ad source.,https://duckduckgo.com/?q=%22H%20MART%22%20%2210025%22%20%28%22weekly%20ad%22%20OR%20circular%20OR%20flyer%20OR%20specials%29
628211,JUANA GROCERY,10025,,ZIP-targeted web search (manual verify),https://duckduckgo.com/?q=%22JUANA%20GROCERY%22%20%2210025%22%20%28%22weekly%20ad%22%20OR%20circular%20OR%20flyer%20OR%20specials%29,advertised,,,,,,,,,,"Second-pass ZIP-targeted search URL. Open link, verify official store ad/circular, then replace with confirmed source URL.",https://duckduckgo.com/?q=%22JUANA%20GROCERY%22%20%2210025%22%20%28%22weekly%20ad%22%20OR%20circular%20OR%20flyer%20OR%20specials%29
750760,KEYFOOD FRESH,10025,2026-05-23,Key Food / Food Universe Flyers,https://www.keyfood.com/flyers,advertised,,,,,,,,,,Matched to chain circular/weekly-ad source.,https://duckduckgo.com/?q=%22KEYFOOD%20FRESH%22%20%2210025%22%20%28%22weekly%20ad%22%20OR%20circular%20OR%20flyer%20OR%20specials%29
737259,KIKKA@WHOLE FOODS UPPER WEST SIDE,10025,2026-05-23,Whole Foods Weekly Sales,https://www.wholefoodsmarket.com/sales-flyer,advertised,,,,,,,,,,Matched to chain circular/weekly-ad source.,https://duckduckgo.com/?q=%22KIKKA%40WHOLE%20FOODS%20UPPER%20WEST%20SIDE%22%20%2210025%22%20%28%22weekly%20ad%22%20OR%20circular%20OR%20flyer%20OR%20specials%29
628232,WHOLE FOODS MARKET,10025,2026-05-23,Whole Foods Weekly Sales,https://www.wholefoodsmarket.com/sales-flyer,advertised,,,,,,,,,,Matched to chain circular/weekly-ad source.,https://duckduckgo.com/?q=%22WHOLE%20FOODS%20MARKET%22%20%2210025%22%20%28%22weekly%20ad%22%20OR%20circular%20OR%20flyer%20OR%20specials%29
624937,C TOWN SUPERMARKET,10026,2026-05-23,CTown Weekly Ad,https://www.ctownsupermarkets.com/Weekly-Ad,advertised,,,,,,,,,,Matched to chain circular/weekly-ad source.,https://duckduckgo.com/?q=%22C%20TOWN%20SUPERMARKET%22%20%2210026%22%20%28%22weekly%20ad%22%20OR%20circular%20OR%20flyer%20OR%20specials%29
734050,JOES GROCERY,10026,,ZIP-targeted web search (manual verify),https://duckduckgo.com/?q=%22JOES%20GROCERY%22%20%2210026%22%20%28%22weekly%20ad%22%20OR%20circular%20OR%20flyer%20OR%20specials%29,advertised,,,,,,,,,,"Second-pass ZIP-targeted search URL. Open link, verify official store ad/circular, then replace with confirmed source URL.",https://duckduckgo.com/?q=%22JOES%20GROCERY%22%20%2210026%22%20%28%22weekly%20ad%22%20OR%20circular%20OR%20flyer%20OR%20specials%29
751589,LIDL#8011,10026,2026-05-23,Lidl Weekly Ad,https://www.lidl.com/flyer,advertised,,,,,,,,,,Matched to chain circular/weekly-ad source.,https://duckduckgo.com/?q=%22LIDL%238011%22%20%2210026%22%20%28%22weekly%20ad%22%20OR%20circular%20OR%20flyer%20OR%20specials%29
711538,WEST HARLEM GROCERY,10026,,ZIP-targeted web search (manual verify),https://duckduckgo.com/?q=%22WEST%20HARLEM%20GROCERY%22%20%2210026%22%20%28%22weekly%20ad%22%20OR%20circular%20OR%20flyer%20OR%20specials%29,advertised,,,,,,,,,,"Second-pass ZIP-targeted search URL. Open link, verify official store ad/circular, then replace with confirmed source URL.",https://duckduckgo.com/?q=%22WEST%20HARLEM%20GROCERY%22%20%2210026%22%20%28%22weekly%20ad%22%20OR%20circular%20OR%20flyer%20OR%20specials%29
750457,ASSOCIATED,10027,2026-05-23,Associated Supermarkets Weekly Ad,https://www.yapik.com/us/associated-supermarkets/weekly-ad,advertised,,,,,,,,,,Matched to third-party weekly-ad index for this chain; verify store-specific ad before final use.,https://duckduckgo.com/?q=%22ASSOCIATED%22%20%2210027%22%20%28%22weekly%20ad%22%20OR%20circular%20OR%20flyer%20OR%20specials%29
745486,C-TOWN SUPERMARKET,10027,2026-05-23,CTown Weekly Ad,https://www.ctownsupermarkets.com/Weekly-Ad,advertised,,,,,,,,,,Matched to chain circular/weekly-ad source.,https://duckduckgo.com/?q=%22C-TOWN%20SUPERMARKET%22%20%2210027%22%20%28%22weekly%20ad%22%20OR%20circular%20OR%20flyer%20OR%20specials%29
625487,CROWN GROCERY,10027,,ZIP-targeted web search (manual verify),https://duckduckgo.com/?q=%22CROWN%20GROCERY%22%20%2210027%22%20%28%22weekly%20ad%22%20OR%20circular%20OR%20flyer%20OR%20specials%29,advertised,,,,,,,,,,"Second-pass ZIP-targeted search URL. Open link, verify official store ad/circular, then replace with confirmed source URL.",https://duckduckgo.com/?q=%22CROWN%20GROCERY%22%20%2210027%22%20%28%22weekly%20ad%22%20OR%20circular%20OR%20flyer%20OR%20specials%29
741134,FOODTOWN,10027,2026-05-23,Foodtown Weekly Circular,https://www.foodtown.com/,advertised,,,,,,,,,,Matched to chain circular/weekly-ad source.,https://duckduckgo.com/?q=%22FOODTOWN%22%20%2210027%22%20%28%22weekly%20ad%22%20OR%20circular%20OR%20flyer%20OR%20specials%29
628946,PIONEER SUPERMARKET,10027,2026-05-23,Pioneer Supermarkets Store Site,https://www.pioneersupermarkets.com/,advertised,,,,,,,,,,Matched to chain circular/weekly-ad source.,https://duckduckgo.com/?q=%22PIONEER%20SUPERMARKET%22%20%2210027%22%20%28%22weekly%20ad%22%20OR%20circular%20OR%20flyer%20OR%20specials%29
737606,SHOP FAIR SUPERMARKET,10027,2026-05-23,Shop Fair Weekly Circular,https://www.shopfairsupermarkets.com/Circular4Page.aspx,advertised,,,,,,,,,,Matched to chain circular/weekly-ad source.,https://duckduckgo.com/?q=%22SHOP%20FAIR%20SUPERMARKET%22%20%2210027%22%20%28%22weekly%20ad%22%20OR%20circular%20OR%20flyer%20OR%20specials%29
757736,TRADER JOES 576,10027,2026-05-23,Trader Joe's Fearless Flyer,https://www.traderjoes.com/home/fearless-flyer,advertised,,,,,,,,,,Matched to chain circular/weekly-ad source.,https://duckduckgo.com/?q=%22TRADER%20JOES%20576%22%20%2210027%22%20%28%22weekly%20ad%22%20OR%20circular%20OR%20flyer%20OR%20specials%29
742907,FAIRWAY MARKET OF 86TH ST,10028,2026-05-23,Fairway Weekly Circular,https://www.fairwaymarket.com/circulars,advertised,,,,,,,,,,Matched to chain circular/weekly-ad source.,https://duckduckgo.com/?q=%22FAIRWAY%20MARKET%20OF%2086TH%20ST%22%20%2210028%22%20%28%22weekly%20ad%22%20OR%20circular%20OR%20flyer%20OR%20specials%29
743306,SUSHILUX@FAIRWAY MKT,10028,2026-05-23,Fairway Weekly Circular,https://www.fairwaymarket.com/circulars,advertised,,,,,,,,,,Matched to chain circular/weekly-ad source.,https://duckduckgo.com/?q=%22SUSHILUX%40FAIRWAY%20MKT%22%20%2210028%22%20%28%22weekly%20ad%22%20OR%20circular%20OR%20flyer%20OR%20specials%29
628712,1517 NEW BANI GROCERY,10029,,ZIP-targeted web search (manual verify),https://duckduckgo.com/?q=%221517%20NEW%20BANI%20GROCERY%22%20%2210029%22%20%28%22weekly%20ad%22%20OR%20circular%20OR%20flyer%20OR%20specials%29,advertised,,,,,,,,,,"Second-pass ZIP-targeted search URL. Open link, verify official store ad/circular, then replace with confirmed source URL.",https://duckduckgo.com/?q=%221517%20NEW%20BANI%20GROCERY%22%20%2210029%22%20%28%22weekly%20ad%22%20OR%20circular%20OR%20flyer%20OR%20specials%29
744456,1781 LEX GROCERY,10029,,ZIP-targeted web search (manual verify),https://duckduckgo.com/?q=%221781%20LEX%20GROCERY%22%20%2210029%22%20%28%22weekly%20ad%22%20OR%20circular%20OR%20flyer%20OR%20specials%29,advertised,,,,,,,,,,"Second-pass ZIP-targeted search URL. Open link, verify official store ad/circular, then replace with confirmed source URL.",https://duckduckgo.com/?q=%221781%20LEX%20GROCERY%22%20%2210029%22%20%28%22weekly%20ad%22%20OR%20circular%20OR%20flyer%20OR%20specials%29
627820,2037 MEAT&GROCERY,10029,,ZIP-targeted web search (manual verify),https://duckduckgo.com/?q=%222037%20MEAT%26GROCERY%22%20%2210029%22%20%28%22weekly%20ad%22%20OR%20circular%20OR%20flyer%20OR%20specials%29,advertised,,,,,,,,,,"Second-pass ZIP-targeted search URL. Open link, verify official store ad/circular, then replace with confirmed source URL.",https://duckduckgo.com/?q=%222037%20MEAT%26GROCERY%22%20%2210029%22%20%28%22weekly%20ad%22%20OR%20circular%20OR%20flyer%20OR%20specials%29
744808,ASSOCIATED FRESH MARKET,10029,2026-05-23,Associated Supermarkets Weekly Ad,https://www.yapik.com/us/associated-supermarkets/weekly-ad,advertised,,,,,,,,,,Matched to third-party weekly-ad index for this chain; verify store-specific ad before final use.,https://duckduckgo.com/?q=%22ASSOCIATED%20FRESH%20MARKET%22%20%2210029%22%20%28%22weekly%20ad%22%20OR%20circular%20OR%20flyer%20OR%20specials%29
757705,C-TOWN FRESH MARKET,10029,2026-05-23,CTown Weekly Ad,https://www.ctownsupermarkets.com/Weekly-Ad,advertised,,,,,,,,,,Matched to chain circular/weekly-ad source.,https://duckduckgo.com/?q=%22C-TOWN%20FRESH%20MARKET%22%20%2210029%22%20%28%22weekly%20ad%22%20OR%20circular%20OR%20flyer%20OR%20specials%29
710702,EAST 110 CANDY GROCERY,10029,,ZIP-targeted web search (manual verify),https://duckduckgo.com/?q=%22EAST%20110%20CANDY%20GROCERY%22%20%2210029%22%20%28%22weekly%20ad%22%20OR%20circular%20OR%20flyer%20OR%20specials%29,advertised,,,,,,,,,,"Second-pass ZIP-targeted search URL. Open link, verify official store ad/circular, then replace with confirmed source URL.",https://duckduckgo.com/?q=%22EAST%20110%20CANDY%20GROCERY%22%20%2210029%22%20%28%22weekly%20ad%22%20OR%20circular%20OR%20flyer%20OR%20specials%29
711951,EAST HARLEM GROCERY,10029,,ZIP-targeted web search (manual verify),https://duckduckgo.com/?q=%22EAST%20HARLEM%20GROCERY%22%20%2210029%22%20%28%22weekly%20ad%22%20OR%20circular%20OR%20flyer%20OR%20specials%29,advertised,,,,,,,,,,"Second-pass ZIP-targeted search URL. Open link, verify official store ad/circular, then replace with confirmed source URL.",https://duckduckgo.com/?q=%22EAST%20HARLEM%20GROCERY%22%20%2210029%22%20%28%22weekly%20ad%22%20OR%20circular%20OR%20flyer%20OR%20specials%29
622421,EL PUEBLO MEXICANO GROCERY,10029,,ZIP-targeted web search (manual verify),https://duckduckgo.com/?q=%22EL%20PUEBLO%20MEXICANO%20GROCERY%22%20%2210029%22%20%28%22weekly%20ad%22%20OR%20circular%20OR%20flyer%20OR%20specials%29,advertised,,,,,,,,,,"Second-pass ZIP-targeted search URL. Open link, verify official store ad/circular, then replace with confirmed source URL.",https://duckduckgo.com/?q=%22EL%20PUEBLO%20MEXICANO%20GROCERY%22%20%2210029%22%20%28%22weekly%20ad%22%20OR%20circular%20OR%20flyer%20OR%20specials%29
626050,FINE FARE SUPERMARKET,10029,2026-05-23,Fine Fare Store Site,https://www.finefaresupermarkets.com/,advertised,,,,,,,,,,Matched to chain circular/weekly-ad source.,https://duckduckgo.com/?q=%22FINE%20FARE%20SUPERMARKET%22%20%2210029%22%20%28%22weekly%20ad%22%20OR%20circular%20OR%20flyer%20OR%20specials%29
757970,GROCERY GUATEMAYA,10029,,ZIP-targeted web search (manual verify),https://duckduckgo.com/?q=%22GROCERY%20GUATEMAYA%22%20%2210029%22%20%28%22weekly%20ad%22%20OR%20circular%20OR%20flyer%20OR%20specials%29,advertised,,,,,,,,,,"Second-pass ZIP-targeted search URL. Open link, verify official store ad/circular, then replace with confirmed source URL.",https://duckduckgo.com/?q=%22GROCERY%20GUATEMAYA%22%20%2210029%22%20%28%22weekly%20ad%22%20OR%20circular%20OR%20flyer%20OR%20specials%29
746541,ISABELLAS GROCERY,10029,,ZIP-targeted web search (manual verify),https://duckduckgo.com/?q=%22ISABELLAS%20GROCERY%22%20%2210029%22%20%28%22weekly%20ad%22%20OR%20circular%20OR%20flyer%20OR%20specials%29,advertised,,,,,,,,,,"Second-pass ZIP-targeted search URL. Open link, verify official store ad/circular, then replace with confirmed source URL.",https://duckduckgo.com/?q=%22ISABELLAS%20GROCERY%22%20%2210029%22%20%28%22weekly%20ad%22%20OR%20circular%20OR%20flyer%20OR%20specials%29
623301,L&O GROCERY,10029,,ZIP-targeted web search (manual verify),https://duckduckgo.com/?q=%22L%26O%20GROCERY%22%20%2210029%22%20%28%22weekly%20ad%22%20OR%20circular%20OR%20flyer%20OR%20specials%29,advertised,,,,,,,,,,"Second-pass ZIP-targeted search URL. Open link, verify official store ad/circular, then replace with confirmed source URL.",https://duckduckgo.com/?q=%22L%26O%20GROCERY%22%20%2210029%22%20%28%22weekly%20ad%22%20OR%20circular%20OR%20flyer%20OR%20specials%29
628087,LA COSTENITA GROCERY,10029,,ZIP-targeted web search (manual verify),https://duckduckgo.com/?q=%22LA%20COSTENITA%20GROCERY%22%20%2210029%22%20%28%22weekly%20ad%22%20OR%20circular%20OR%20flyer%20OR%20specials%29,advertised,,,,,,,,,,"Second-pass ZIP-targeted search URL. Open link, verify official store ad/circular, then replace with confirmed source URL.",https://duckduckgo.com/?q=%22LA%20COSTENITA%20GROCERY%22%20%2210029%22%20%28%22weekly%20ad%22%20OR%20circular%20OR%20flyer%20OR%20specials%29
726762,LA PALOMA CANDY & GROCERY,10029,,ZIP-targeted web search (manual verify),https://duckduckgo.com/?q=%22LA%20PALOMA%20CANDY%20%26%20GROCERY%22%20%2210029%22%20%28%22weekly%20ad%22%20OR%20circular%20OR%20flyer%20OR%20specials%29,advertised,,,,,,,,,,"Second-pass ZIP-targeted search URL. Open link, verify official store ad/circular, then replace with confirmed source URL.",https://duckduckgo.com/?q=%22LA%20PALOMA%20CANDY%20%26%20GROCERY%22%20%2210029%22%20%28%22weekly%20ad%22%20OR%20circular%20OR%20flyer%20OR%20specials%29
759836,LAITH GROCERY,10029,,ZIP-targeted web search (manual verify),https://duckduckgo.com/?q=%22LAITH%20GROCERY%22%20%2210029%22%20%28%22weekly%20ad%22%20OR%20circular%20OR%20flyer%20OR%20specials%29,advertised,,,,,,,,,,"Second-pass ZIP-targeted search URL. Open link, verify official store ad/circular, then replace with confirmed source URL.",https://duckduckgo.com/?q=%22LAITH%20GROCERY%22%20%2210029%22%20%28%22weekly%20ad%22%20OR%20circular%20OR%20flyer%20OR%20specials%29
625508,NYC GREEN VALLEY GROCERY,10029,,ZIP-targeted web search (manual verify),https://duckduckgo.com/?q=%22NYC%20GREEN%20VALLEY%20GROCERY%22%20%2210029%22%20%28%22weekly%20ad%22%20OR%20circular%20OR%20flyer%20OR%20specials%29,advertised,,,,,,,,,,"Second-pass ZIP-targeted search URL. Open link, verify official store ad/circular, then replace with confirmed source URL.",https://duckduckgo.com/?q=%22NYC%20GREEN%20VALLEY%20GROCERY%22%20%2210029%22%20%28%22weekly%20ad%22%20OR%20circular%20OR%20flyer%20OR%20specials%29
759169,PAMELA GROCERY STORE,10029,,ZIP-targeted web search (manual verify),https://duckduckgo.com/?q=%22PAMELA%20GROCERY%20STORE%22%20%2210029%22%20%28%22weekly%20ad%22%20OR%20circular%20OR%20flyer%20OR%20specials%29,advertised,,,,,,,,,,"Second-pass ZIP-targeted search URL. Open link, verify official store ad/circular, then replace with confirmed source URL.",https://duckduckgo.com/?q=%22PAMELA%20GROCERY%20STORE%22%20%2210029%22%20%28%22weekly%20ad%22%20OR%20circular%20OR%20flyer%20OR%20specials%29
730414,SHOP FAIR SUPERMARKET,10029,2026-05-23,Shop Fair Weekly Circular,https://www.shopfairsupermarkets.com/Circular4Page.aspx,advertised,,,,,,,,,,Matched to chain circular/weekly-ad source.,https://duckduckgo.com/?q=%22SHOP%20FAIR%20SUPERMARKET%22%20%2210029%22%20%28%22weekly%20ad%22%20OR%20circular%20OR%20flyer%20OR%20specials%29
629102,SHOP FAIR SUPERMARKET,10029,2026-05-23,Shop Fair Weekly Circular,https://www.shopfairsupermarkets.com/Circular4Page.aspx,advertised,,,,,,,,,,Matched to chain circular/weekly-ad source.,https://duckduckgo.com/?q=%22SHOP%20FAIR%20SUPERMARKET%22%20%2210029%22%20%28%22weekly%20ad%22%20OR%20circular%20OR%20flyer%20OR%20specials%29
623839,URBANO SPANISH AMERICAN GROCERY,10029,,ZIP-targeted web search (manual verify),https://duckduckgo.com/?q=%22URBANO%20SPANISH%20AMERICAN%20GROCERY%22%20%2210029%22%20%28%22weekly%20ad%22%20OR%20circular%20OR%20flyer%20OR%20specials%29,advertised,,,,,,,,,,"Second-pass ZIP-targeted search URL. Open link, verify official store ad/circular, then replace with confirmed source URL.",https://duckduckgo.com/?q=%22URBANO%20SPANISH%20AMERICAN%20GROCERY%22%20%2210029%22%20%28%22weekly%20ad%22%20OR%20circular%20OR%20flyer%20OR%20specials%29
628166,C-TOWN FRESH MARKET,10030,2026-05-23,CTown Weekly Ad,https://www.ctownsupermarkets.com/Weekly-Ad,advertised,,,,,,,,,,Matched to chain circular/weekly-ad source.,https://duckduckgo.com/?q=%22C-TOWN%20FRESH%20MARKET%22%20%2210030%22%20%28%22weekly%20ad%22%20OR%20circular%20OR%20flyer%20OR%20specials%29
625775,DOMINGO'S GROCERY,10030,,ZIP-targeted web search (manual verify),https://duckduckgo.com/?q=%22DOMINGO%27S%20GROCERY%22%20%2210030%22%20%28%22weekly%20ad%22%20OR%20circular%20OR%20flyer%20OR%20specials%29,advertised,,,,,,,,,,"Second-pass ZIP-targeted search URL. Open link, verify official store ad/circular, then replace with confirmed source URL.",https://duckduckgo.com/?q=%22DOMINGO%27S%20GROCERY%22%20%2210030%22%20%28%22weekly%20ad%22%20OR%20circular%20OR%20flyer%20OR%20specials%29
628661,FINE FARE SUPERMARKET,10030,2026-05-23,Fine Fare Store Site,https://www.finefaresupermarkets.com/,advertised,,,,,,,,,,Matched to chain circular/weekly-ad source.,https://duckduckgo.com/?q=%22FINE%20FARE%20SUPERMARKET%22%20%2210030%22%20%28%22weekly%20ad%22%20OR%20circular%20OR%20flyer%20OR%20specials%29
728890,KEY FOOD FRESH MARKET,10030,2026-05-23,Key Food / Food Universe Flyers,https://www.keyfood.com/flyers,advertised,,,,,,,,,,Matched to chain circular/weekly-ad source.,https://duckduckgo.com/?q=%22KEY%20FOOD%20FRESH%20MARKET%22%20%2210030%22%20%28%22weekly%20ad%22%20OR%20circular%20OR%20flyer%20OR%20specials%29
624042,LM GROCERY,10030,,ZIP-targeted web search (manual verify),https://duckduckgo.com/?q=%22LM%20GROCERY%22%20%2210030%22%20%28%22weekly%20ad%22%20OR%20circular%20OR%20flyer%20OR%20specials%29,advertised,,,,,,,,,,"Second-pass ZIP-targeted search URL. Open link, verify official store ad/circular, then replace with confirmed source URL.",https://duckduckgo.com/?q=%22LM%20GROCERY%22%20%2210030%22%20%28%22weekly%20ad%22%20OR%20circular%20OR%20flyer%20OR%20specials%29
763220,3478 GROCERY,10031,,ZIP-targeted web search (manual verify),https://duckduckgo.com/?q=%223478%20GROCERY%22%20%2210031%22%20%28%22weekly%20ad%22%20OR%20circular%20OR%20flyer%20OR%20specials%29,advertised,,,,,,,,,,"Second-pass ZIP-targeted search URL. Open link, verify official store ad/circular, then replace with confirmed source URL.",https://duckduckgo.com/?q=%223478%20GROCERY%22%20%2210031%22%20%28%22weekly%20ad%22%20OR%20circular%20OR%20flyer%20OR%20specials%29
764072,600 BROADWAY GROCERY,10031,,ZIP-targeted web search (manual verify),https://duckduckgo.com/?q=%22600%20BROADWAY%20GROCERY%22%20%2210031%22%20%28%22weekly%20ad%22%20OR%20circular%20OR%20flyer%20OR%20specials%29,advertised,,,,,,,,,,"Second-pass ZIP-targeted search URL. Open link, verify official store ad/circular, then replace with confirmed source URL.",https://duckduckgo.com/?q=%22600%20BROADWAY%20GROCERY%22%20%2210031%22%20%28%22weekly%20ad%22%20OR%20circular%20OR%20flyer%20OR%20specials%29
627088,91 CATHERINE GROCERY,10031,,ZIP-targeted web search (manual verify),https://duckduckgo.com/?q=%2291%20CATHERINE%20GROCERY%22%20%2210031%22%20%28%22weekly%20ad%22%20OR%20circular%20OR%20flyer%20OR%20specials%29,advertised,,,,,,,,,,"Second-pass ZIP-targeted search URL. Open link, verify official store ad/circular, then replace with confirmed source URL.",https://duckduckgo.com/?q=%2291%20CATHERINE%20GROCERY%22%20%2210031%22%20%28%22weekly%20ad%22%20OR%20circular%20OR%20flyer%20OR%20specials%29
626825,ANT SOLUTIONS GROCERY,10031,,ZIP-targeted web search (manual verify),https://duckduckgo.com/?q=%22ANT%20SOLUTIONS%20GROCERY%22%20%2210031%22%20%28%22weekly%20ad%22%20OR%20circular%20OR%20flyer%20OR%20specials%29,advertised,,,,,,,,,,"Second-pass ZIP-targeted search URL. Open link, verify official store ad/circular, then replace with confirmed source URL.",https://duckduckgo.com/?q=%22ANT%20SOLUTIONS%20GROCERY%22%20%2210031%22%20%28%22weekly%20ad%22%20OR%20circular%20OR%20flyer%20OR%20specials%29
625284,FOODTOWN,10031,2026-05-23,Foodtown Weekly Circular,https://www.foodtown.com/,advertised,,,,,,,,,,Matched to chain circular/weekly-ad source.,https://duckduckgo.com/?q=%22FOODTOWN%22%20%2210031%22%20%28%22weekly%20ad%22%20OR%20circular%20OR%20flyer%20OR%20specials%29
756527,K.M. 144 GROCERY,10031,,ZIP-targeted web search (manual verify),https://duckduckgo.com/?q=%22K.M.%20144%20GROCERY%22%20%2210031%22%20%28%22weekly%20ad%22%20OR%20circular%20OR%20flyer%20OR%20specials%29,advertised,,,,,,,,,,"Second-pass ZIP-targeted search URL. Open link, verify official store ad/circular, then replace with confirmed source URL.",https://duckduckgo.com/?q=%22K.M.%20144%20GROCERY%22%20%2210031%22%20%28%22weekly%20ad%22%20OR%20circular%20OR%20flyer%20OR%20specials%29
622503,KEY FOOD SUPERMARKET,10031,2026-05-23,Key Food / Food Universe Flyers,https://www.keyfood.com/flyers,advertised,,,,,,,,,,Matched to chain circular/weekly-ad source.,https://duckduckgo.com/?q=%22KEY%20FOOD%20SUPERMARKET%22%20%2210031%22%20%28%22weekly%20ad%22%20OR%20circular%20OR%20flyer%20OR%20specials%29
621480,MANUELS GROCERY,10031,,ZIP-targeted web search (manual verify),https://duckduckgo.com/?q=%22MANUELS%20GROCERY%22%20%2210031%22%20%28%22weekly%20ad%22%20OR%20circular%20OR%20flyer%20OR%20specials%29,advertised,,,,,,,,,,"Second-pass ZIP-targeted search URL. Open link, verify official store ad/circular, then replace with confirmed source URL.",https://duckduckgo.com/?q=%22MANUELS%20GROCERY%22%20%2210031%22%20%28%22weekly%20ad%22%20OR%20circular%20OR%20flyer%20OR%20specials%29
749835,PUEBLO MAGICO GROCERY 2,10031,,ZIP-targeted web search (manual verify),https://duckduckgo.com/?q=%22PUEBLO%20MAGICO%20GROCERY%202%22%20%2210031%22%20%28%22weekly%20ad%22%20OR%20circular%20OR%20flyer%20OR%20specials%29,advertised,,,,,,,,,,"Second-pass ZIP-targeted search URL. Open link, verify official store ad/circular, then replace with confirmed source URL.",https://duckduckgo.com/?q=%22PUEBLO%20MAGICO%20GROCERY%202%22%20%2210031%22%20%28%22weekly%20ad%22%20OR%20circular%20OR%20flyer%20OR%20specials%29
757798,SABA GROCERY,10031,,ZIP-targeted web search (manual verify),https://duckduckgo.com/?q=%22SABA%20GROCERY%22%20%2210031%22%20%28%22weekly%20ad%22%20OR%20circular%20OR%20flyer%20OR%20specials%29,advertised,,,,,,,,,,"Second-pass ZIP-targeted search URL. Open link, verify official store ad/circular, then replace with confirmed source URL.",https://duckduckgo.com/?q=%22SABA%20GROCERY%22%20%2210031%22%20%28%22weekly%20ad%22%20OR%20circular%20OR%20flyer%20OR%20specials%29
752031,1 IN THE MIDDLE GROCERY,10032,,ZIP-targeted web search (manual verify),https://duckduckgo.com/?q=%221%20IN%20THE%20MIDDLE%20GROCERY%22%20%2210032%22%20%28%22weekly%20ad%22%20OR%20circular%20OR%20flyer%20OR%20specials%29,advertised,,,,,,,,,,"Second-pass ZIP-targeted search URL. Open link, verify official store ad/circular, then replace with confirmed source URL.",https://duckduckgo.com/?q=%221%20IN%20THE%20MIDDLE%20GROCERY%22%20%2210032%22%20%28%22weekly%20ad%22%20OR%20circular%20OR%20flyer%20OR%20specials%29
759146,160 GROCERY,10032,,ZIP-targeted web search (manual verify),https://duckduckgo.com/?q=%22160%20GROCERY%22%20%2210032%22%20%28%22weekly%20ad%22%20OR%20circular%20OR%20flyer%20OR%20specials%29,advertised,,,,,,,,,,"Second-pass ZIP-targeted search URL. Open link, verify official store ad/circular, then replace with confirmed source URL.",https://duckduckgo.com/?q=%22160%20GROCERY%22%20%2210032%22%20%28%22weekly%20ad%22%20OR%20circular%20OR%20flyer%20OR%20specials%29
731838,5 STAR CANDY & GROCERY,10032,,ZIP-targeted web search (manual verify),https://duckduckgo.com/?q=%225%20STAR%20CANDY%20%26%20GROCERY%22%20%2210032%22%20%28%22weekly%20ad%22%20OR%20circular%20OR%20flyer%20OR%20specials%29,advertised,,,,,,,,,,"Second-pass ZIP-targeted search URL. Open link, verify official store ad/circular, then replace with confirmed source URL.",https://duckduckgo.com/?q=%225%20STAR%20CANDY%20%26%20GROCERY%22%20%2210032%22%20%28%22weekly%20ad%22%20OR%20circular%20OR%20flyer%20OR%20specials%29
728569,A.L. BROADWAY GROCERY,10032,,ZIP-targeted web search (manual verify),https://duckduckgo.com/?q=%22A.L.%20BROADWAY%20GROCERY%22%20%2210032%22%20%28%22weekly%20ad%22%20OR%20circular%20OR%20flyer%20OR%20specials%29,advertised,,,,,,,,,,"Second-pass ZIP-targeted search URL. Open link, verify official store ad/circular, then replace with confirmed source URL.",https://duckduckgo.com/?q=%22A.L.%20BROADWAY%20GROCERY%22%20%2210032%22%20%28%22weekly%20ad%22%20OR%20circular%20OR%20flyer%20OR%20specials%29
628832,ARCHIE GROCERY,10032,,ZIP-targeted web search (manual verify),https://duckduckgo.com/?q=%22ARCHIE%20GROCERY%22%20%2210032%22%20%28%22weekly%20ad%22%20OR%20circular%20OR%20flyer%20OR%20specials%29,advertised,,,,,,,,,,"Second-pass ZIP-targeted search URL. Open link, verify official store ad/circular, then replace with confirmed source URL.",https://duckduckgo.com/?q=%22ARCHIE%20GROCERY%22%20%2210032%22%20%28%22weekly%20ad%22%20OR%20circular%20OR%20flyer%20OR%20specials%29
622566,C TOWN SUPERMARKET,10032,2026-05-23,CTown Weekly Ad,https://www.ctownsupermarkets.com/Weekly-Ad,advertised,,,,,,,,,,Matched to chain circular/weekly-ad source.,https://duckduckgo.com/?q=%22C%20TOWN%20SUPERMARKET%22%20%2210032%22%20%28%22weekly%20ad%22%20OR%20circular%20OR%20flyer%20OR%20specials%29
757948,EXTRA JUMBO BY ASSOCIATED,10032,2026-05-23,Associated Supermarkets Weekly Ad,https://www.yapik.com/us/associated-supermarkets/weekly-ad,advertised,,,,,,,,,,Matched to third-party weekly-ad index for this chain; verify store-specific ad before final use.,https://duckduckgo.com/?q=%22EXTRA%20JUMBO%20BY%20ASSOCIATED%22%20%2210032%22%20%28%22weekly%20ad%22%20OR%20circular%20OR%20flyer%20OR%20specials%29
721344,FENIX GROCERY,10032,,ZIP-targeted web search (manual verify),https://duckduckgo.com/?q=%22FENIX%20GROCERY%22%20%2210032%22%20%28%22weekly%20ad%22%20OR%20circular%20OR%20flyer%20OR%20specials%29,advertised,,,,,,,,,,"Second-pass ZIP-targeted search URL. Open link, verify official store ad/circular, then replace with confirmed source URL.",https://duckduckgo.com/?q=%22FENIX%20GROCERY%22%20%2210032%22%20%28%22weekly%20ad%22%20OR%20circular%20OR%20flyer%20OR%20specials%29
739781,FOODTOWN SEAFOOD,10032,2026-05-23,Foodtown Weekly Circular,https://www.foodtown.com/,advertised,,,,,,,,,,Matched to chain circular/weekly-ad source.,https://duckduckgo.com/?q=%22FOODTOWN%20SEAFOOD%22%20%2210032%22%20%28%22weekly%20ad%22%20OR%20circular%20OR%20flyer%20OR%20specials%29
743240,HUDSON CANDY AND GROCERY,10032,,ZIP-targeted web search (manual verify),https://duckduckgo.com/?q=%22HUDSON%20CANDY%20AND%20GROCERY%22%20%2210032%22%20%28%22weekly%20ad%22%20OR%20circular%20OR%20flyer%20OR%20specials%29,advertised,,,,,,,,,,"Second-pass ZIP-targeted search URL. Open link, verify official store ad/circular, then replace with confirmed source URL.",https://duckduckgo.com/?q=%22HUDSON%20CANDY%20AND%20GROCERY%22%20%2210032%22%20%28%22weekly%20ad%22%20OR%20circular%20OR%20flyer%20OR%20specials%29
625639,KEY FOOD,10032,2026-05-23,Key Food / Food Universe Flyers,https://www.keyfood.com/flyers,advertised,,,,,,,,,,Matched to chain circular/weekly-ad source.,https://duckduckgo.com/?q=%22KEY%20FOOD%22%20%2210032%22%20%28%22weekly%20ad%22%20OR%20circular%20OR%20flyer%20OR%20specials%29
717468,LINDO AMANECER GROCERY,10032,,ZIP-targeted web search (manual verify),https://duckduckgo.com/?q=%22LINDO%20AMANECER%20GROCERY%22%20%2210032%22%20%28%22weekly%20ad%22%20OR%20circular%20OR%20flyer%20OR%20specials%29,advertised,,,,,,,,,,"Second-pass ZIP-targeted search URL. Open link, verify official store ad/circular, then replace with confirmed source URL.",https://duckduckgo.com/?q=%22LINDO%20AMANECER%20GROCERY%22%20%2210032%22%20%28%22weekly%20ad%22%20OR%20circular%20OR%20flyer%20OR%20specials%29
707071,MDK GROCERY,10032,,ZIP-targeted web search (manual verify),https://duckduckgo.com/?q=%22MDK%20GROCERY%22%20%2210032%22%20%28%22weekly%20ad%22%20OR%20circular%20OR%20flyer%20OR%20specials%29,advertised,,,,,,,,,,"Second-pass ZIP-targeted search URL. Open link, verify official store ad/circular, then replace with confirmed source URL.",https://duckduckgo.com/?q=%22MDK%20GROCERY%22%20%2210032%22%20%28%22weekly%20ad%22%20OR%20circular%20OR%20flyer%20OR%20specials%29
721378,MERCADITO GROCERY,10032,,ZIP-targeted web search (manual verify),https://duckduckgo.com/?q=%22MERCADITO%20GROCERY%22%20%2210032%22%20%28%22weekly%20ad%22%20OR%20circular%20OR%20flyer%20OR%20specials%29,advertised,,,,,,,,,,"Second-pass ZIP-targeted search URL. Open link, verify official store ad/circular, then replace with confirmed source URL.",https://duckduckgo.com/?q=%22MERCADITO%20GROCERY%22%20%2210032%22%20%28%22weekly%20ad%22%20OR%20circular%20OR%20flyer%20OR%20specials%29
702696,186 GROCERY,10033,,ZIP-targeted web search (manual verify),https://duckduckgo.com/?q=%22186%20GROCERY%22%20%2210033%22%20%28%22weekly%20ad%22%20OR%20circular%20OR%20flyer%20OR%20specials%29,advertised,,,,,,,,,,"Second-pass ZIP-targeted search URL. Open link, verify official store ad/circular, then replace with confirmed source URL.",https://duckduckgo.com/?q=%22186%20GROCERY%22%20%2210033%22%20%28%22weekly%20ad%22%20OR%20circular%20OR%20flyer%20OR%20specials%29
760110,CALL SANTO DOMINGO GROCERY,10033,,ZIP-targeted web search (manual verify),https://duckduckgo.com/?q=%22CALL%20SANTO%20DOMINGO%20GROCERY%22%20%2210033%22%20%28%22weekly%20ad%22%20OR%20circular%20OR%20flyer%20OR%20specials%29,advertised,,,,,,,,,,"Second-pass ZIP-targeted search URL. Open link, verify official store ad/circular, then replace with confirmed source URL.",https://duckduckgo.com/?q=%22CALL%20SANTO%20DOMINGO%20GROCERY%22%20%2210033%22%20%28%22weekly%20ad%22%20OR%20circular%20OR%20flyer%20OR%20specials%29
730309,CHANNEL GROCERY,10033,,ZIP-targeted web search (manual verify),https://duckduckgo.com/?q=%22CHANNEL%20GROCERY%22%20%2210033%22%20%28%22weekly%20ad%22%20OR%20circular%20OR%20flyer%20OR%20specials%29,advertised,,,,,,,,,,"Second-pass ZIP-targeted search URL. Open link, verify official store ad/circular, then replace with confirmed source URL.",https://duckduckgo.com/?q=%22CHANNEL%20GROCERY%22%20%2210033%22%20%28%22weekly%20ad%22%20OR%20circular%20OR%20flyer%20OR%20specials%29
732091,DANS SUPERMARKET,10033,,ZIP-targeted web search (manual verify),https://duckduckgo.com/?q=%22DANS%20SUPERMARKET%22%20%2210033%22%20%28%22weekly%20ad%22%20OR%20circular%20OR%20flyer%20OR%20specials%29,advertised,,,,,,,,,,"Second-pass ZIP-targeted search URL. Open link, verify official store ad/circular, then replace with confirmed source URL.",https://duckduckgo.com/?q=%22DANS%20SUPERMARKET%22%20%2210033%22%20%28%22weekly%20ad%22%20OR%20circular%20OR%20flyer%20OR%20specials%29
627178,ELIZABETHS GROCERY STORE,10033,,ZIP-targeted web search (manual verify),https://duckduckgo.com/?q=%22ELIZABETHS%20GROCERY%20STORE%22%20%2210033%22%20%28%22weekly%20ad%22%20OR%20circular%20OR%20flyer%20OR%20specials%29,advertised,,,,,,,,,,"Second-pass ZIP-targeted search URL. Open link, verify official store ad/circular, then replace with confirmed source URL.",https://duckduckgo.com/?q=%22ELIZABETHS%20GROCERY%20STORE%22%20%2210033%22%20%28%22weekly%20ad%22%20OR%20circular%20OR%20flyer%20OR%20specials%29
726050,EMILY GROCERY,10033,,ZIP-targeted web search (manual verify),https://duckduckgo.com/?q=%22EMILY%20GROCERY%22%20%2210033%22%20%28%22weekly%20ad%22%20OR%20circular%20OR%20flyer%20OR%20specials%29,advertised,,,,,,,,,,"Second-pass ZIP-targeted search URL. Open link, verify official store ad/circular, then replace with confirmed source URL.",https://duckduckgo.com/?q=%22EMILY%20GROCERY%22%20%2210033%22%20%28%22weekly%20ad%22%20OR%20circular%20OR%20flyer%20OR%20specials%29
760400,GREEN LAND GROCERY,10033,,ZIP-targeted web search (manual verify),https://duckduckgo.com/?q=%22GREEN%20LAND%20GROCERY%22%20%2210033%22%20%28%22weekly%20ad%22%20OR%20circular%20OR%20flyer%20OR%20specials%29,advertised,,,,,,,,,,"Second-pass ZIP-targeted search URL. Open link, verify official store ad/circular, then replace with confirmed source URL.",https://duckduckgo.com/?q=%22GREEN%20LAND%20GROCERY%22%20%2210033%22%20%28%22weekly%20ad%22%20OR%20circular%20OR%20flyer%20OR%20specials%29
744776,GUZMAN GROCERY STORE,10033,,ZIP-targeted web search (manual verify),https://duckduckgo.com/?q=%22GUZMAN%20GROCERY%20STORE%22%20%2210033%22%20%28%22weekly%20ad%22%20OR%20circular%20OR%20flyer%20OR%20specials%29,advertised,,,,,,,,,,"Second-pass ZIP-targeted search URL. Open link, verify official store ad/circular, then replace with confirmed source URL.",https://duckduckgo.com/?q=%22GUZMAN%20GROCERY%20STORE%22%20%2210033%22%20%28%22weekly%20ad%22%20OR%20circular%20OR%20flyer%20OR%20specials%29
621969,JH GROCERY,10033,,ZIP-targeted web search (manual verify),https://duckduckgo.com/?q=%22JH%20GROCERY%22%20%2210033%22%20%28%22weekly%20ad%22%20OR%20circular%20OR%20flyer%20OR%20specials%29,advertised,,,,,,,,,,"Second-pass ZIP-targeted search URL. Open link, verify official store ad/circular, then replace with confirmed source URL.",https://duckduckgo.com/?q=%22JH%20GROCERY%22%20%2210033%22%20%28%22weekly%20ad%22%20OR%20circular%20OR%20flyer%20OR%20specials%29
621143,KEY FOOD 790,10033,2026-05-23,Key Food / Food Universe Flyers,https://www.keyfood.com/flyers,advertised,,,,,,,,,,Matched to chain circular/weekly-ad source.,https://duckduckgo.com/?q=%22KEY%20FOOD%20790%22%20%2210033%22%20%28%22weekly%20ad%22%20OR%20circular%20OR%20flyer%20OR%20specials%29
728949,LINDO DESPERTAR GROCERY 06/01/17,10033,,ZIP-targeted web search (manual verify),https://duckduckgo.com/?q=%22LINDO%20DESPERTAR%20GROCERY%2006/01/17%22%20%2210033%22%20%28%22weekly%20ad%22%20OR%20circular%20OR%20flyer%20OR%20specials%29,advertised,,,,,,,,,,"Second-pass ZIP-targeted search URL. Open link, verify official store ad/circular, then replace with confirmed source URL.",https://duckduckgo.com/?q=%22LINDO%20DESPERTAR%20GROCERY%2006/01/17%22%20%2210033%22%20%28%22weekly%20ad%22%20OR%20circular%20OR%20flyer%20OR%20specials%29
737593,QMART GROCERY,10033,,ZIP-targeted web search (manual verify),https://duckduckgo.com/?q=%22QMART%20GROCERY%22%20%2210033%22%20%28%22weekly%20ad%22%20OR%20circular%20OR%20flyer%20OR%20specials%29,advertised,,,,,,,,,,"Second-pass ZIP-targeted search URL. Open link, verify official store ad/circular, then replace with confirmed source URL.",https://duckduckgo.com/?q=%22QMART%20GROCERY%22%20%2210033%22%20%28%22weekly%20ad%22%20OR%20circular%20OR%20flyer%20OR%20specials%29
738740,SANTO DOMINGO GROCERY,10033,,ZIP-targeted web search (manual verify),https://duckduckgo.com/?q=%22SANTO%20DOMINGO%20GROCERY%22%20%2210033%22%20%28%22weekly%20ad%22%20OR%20circular%20OR%20flyer%20OR%20specials%29,advertised,,,,,,,,,,"Second-pass ZIP-targeted search URL. Open link, verify official store ad/circular, then replace with confirmed source URL.",https://duckduckgo.com/?q=%22SANTO%20DOMINGO%20GROCERY%22%20%2210033%22%20%28%22weekly%20ad%22%20OR%20circular%20OR%20flyer%20OR%20specials%29
736721,SUPERDURO SUPERMARKET,10033,,ZIP-targeted web search (manual verify),https://duckduckgo.com/?q=%22SUPERDURO%20SUPERMARKET%22%20%2210033%22%20%28%22weekly%20ad%22%20OR%20circular%20OR%20flyer%20OR%20specials%29,advertised,,,,,,,,,,"Second-pass ZIP-targeted search URL. Open link, verify official store ad/circular, then replace with confirmed source URL.",https://duckduckgo.com/?q=%22SUPERDURO%20SUPERMARKET%22%20%2210033%22%20%28%22weekly%20ad%22%20OR%20circular%20OR%20flyer%20OR%20specials%29
620147,129 POST GROCERY STORE,10034,,ZIP-targeted web search (manual verify),https://duckduckgo.com/?q=%22129%20POST%20GROCERY%20STORE%22%20%2210034%22%20%28%22weekly%20ad%22%20OR%20circular%20OR%20flyer%20OR%20specials%29,advertised,,,,,,,,,,"Second-pass ZIP-targeted search URL. Open link, verify official store ad/circular, then replace with confirmed source URL.",https://duckduckgo.com/?q=%22129%20POST%20GROCERY%20STORE%22%20%2210034%22%20%28%22weekly%20ad%22%20OR%20circular%20OR%20flyer%20OR%20specials%29
759798,224 NAGLE GROCERY,10034,,ZIP-targeted web search (manual verify),https://duckduckgo.com/?q=%22224%20NAGLE%20GROCERY%22%20%2210034%22%20%28%22weekly%20ad%22%20OR%20circular%20OR%20flyer%20OR%20specials%29,advertised,,,,,,,,,,"Second-pass ZIP-targeted search URL. Open link, verify official store ad/circular, then replace with confirmed source URL.",https://duckduckgo.com/?q=%22224%20NAGLE%20GROCERY%22%20%2210034%22%20%28%22weekly%20ad%22%20OR%20circular%20OR%20flyer%20OR%20specials%29
734403,CJP SUPERMARKET,10034,,ZIP-targeted web search (manual verify),https://duckduckgo.com/?q=%22CJP%20SUPERMARKET%22%20%2210034%22%20%28%22weekly%20ad%22%20OR%20circular%20OR%20flyer%20OR%20specials%29,advertised,,,,,,,,,,"Second-pass ZIP-targeted search URL. Open link, verify official store ad/circular, then replace with confirmed source URL.",https://duckduckgo.com/?q=%22CJP%20SUPERMARKET%22%20%2210034%22%20%28%22weekly%20ad%22%20OR%20circular%20OR%20flyer%20OR%20specials%29
628153,DAN SUPERMARKET 2,10034,,ZIP-targeted web search (manual verify),https://duckduckgo.com/?q=%22DAN%20SUPERMARKET%202%22%20%2210034%22%20%28%22weekly%20ad%22%20OR%20circular%20OR%20flyer%20OR%20specials%29,advertised,,,,,,,,,,"Second-pass ZIP-targeted search URL. Open link, verify official store ad/circular, then replace with confirmed source URL.",https://duckduckgo.com/?q=%22DAN%20SUPERMARKET%202%22%20%2210034%22%20%28%22weekly%20ad%22%20OR%20circular%20OR%20flyer%20OR%20specials%29
752971,EL MARLENE GROCERY,10034,,ZIP-targeted web search (manual verify),https://duckduckgo.com/?q=%22EL%20MARLENE%20GROCERY%22%20%2210034%22%20%28%22weekly%20ad%22%20OR%20circular%20OR%20flyer%20OR%20specials%29,advertised,,,,,,,,,,"Second-pass ZIP-targeted search URL. Open link, verify official store ad/circular, then replace with confirmed source URL.",https://duckduckgo.com/?q=%22EL%20MARLENE%20GROCERY%22%20%2210034%22%20%28%22weekly%20ad%22%20OR%20circular%20OR%20flyer%20OR%20specials%29
624461,FINE FARE SUPERMARKET,10034,2026-05-23,Fine Fare Store Site,https://www.finefaresupermarkets.com/,advertised,,,,,,,,,,Matched to chain circular/weekly-ad source.,https://duckduckgo.com/?q=%22FINE%20FARE%20SUPERMARKET%22%20%2210034%22%20%28%22weekly%20ad%22%20OR%20circular%20OR%20flyer%20OR%20specials%29
735093,INWOOD PARK GROCERY,10034,,ZIP-targeted web search (manual verify),https://duckduckgo.com/?q=%22INWOOD%20PARK%20GROCERY%22%20%2210034%22%20%28%22weekly%20ad%22%20OR%20circular%20OR%20flyer%20OR%20specials%29,advertised,,,,,,,,,,"Second-pass ZIP-targeted search URL. Open link, verify official store ad/circular, then replace with confirmed source URL.",https://duckduckgo.com/?q=%22INWOOD%20PARK%20GROCERY%22%20%2210034%22%20%28%22weekly%20ad%22%20OR%20circular%20OR%20flyer%20OR%20specials%29
710567,LA FAMILIA MINI GROCERY,10034,,ZIP-targeted web search (manual verify),https://duckduckgo.com/?q=%22LA%20FAMILIA%20MINI%20GROCERY%22%20%2210034%22%20%28%22weekly%20ad%22%20OR%20circular%20OR%20flyer%20OR%20specials%29,advertised,,,,,,,,,,"Second-pass ZIP-targeted search URL. Open link, verify official store ad/circular, then replace with confirmed source URL.",https://duckduckgo.com/?q=%22LA%20FAMILIA%20MINI%20GROCERY%22%20%2210034%22%20%28%22weekly%20ad%22%20OR%20circular%20OR%20flyer%20OR%20specials%29
728748,LUNA GROCERY,10034,,ZIP-targeted web search (manual verify),https://duckduckgo.com/?q=%22LUNA%20GROCERY%22%20%2210034%22%20%28%22weekly%20ad%22%20OR%20circular%20OR%20flyer%20OR%20specials%29,advertised,,,,,,,,,,"Second-pass ZIP-targeted search URL. Open link, verify official store ad/circular, then replace with confirmed source URL.",https://duckduckgo.com/?q=%22LUNA%20GROCERY%22%20%2210034%22%20%28%22weekly%20ad%22%20OR%20circular%20OR%20flyer%20OR%20specials%29
721748,251 LA BODEGUITA GROCERY,10035,,ZIP-targeted web search (manual verify),https://duckduckgo.com/?q=%22251%20LA%20BODEGUITA%20GROCERY%22%20%2210035%22%20%28%22weekly%20ad%22%20OR%20circular%20OR%20flyer%20OR%20specials%29,advertised,,,,,,,,,,"Second-pass ZIP-targeted search URL. Open link, verify official store ad/circular, then replace with confirmed source URL.",https://duckduckgo.com/?q=%22251%20LA%20BODEGUITA%20GROCERY%22%20%2210035%22%20%28%22weekly%20ad%22%20OR%20circular%20OR%20flyer%20OR%20specials%29
758968,AB TWINS GROCERY,10035,,ZIP-targeted web search (manual verify),https://duckduckgo.com/?q=%22AB%20TWINS%20GROCERY%22%20%2210035%22%20%28%22weekly%20ad%22%20OR%20circular%20OR%20flyer%20OR%20specials%29,advertised,,,,,,,,,,"Second-pass ZIP-targeted search URL. Open link, verify official store ad/circular, then replace with confirmed source URL.",https://duckduckgo.com/?q=%22AB%20TWINS%20GROCERY%22%20%2210035%22%20%28%22weekly%20ad%22%20OR%20circular%20OR%20flyer%20OR%20specials%29
703891,ALDI #2,10035,2026-05-23,ALDI Weekly Ad,https://www.aldi.us/weekly-specials/our-weekly-ads/,advertised,,,,,,,,,,Matched to chain circular/weekly-ad source.,https://duckduckgo.com/?q=%22ALDI%20%232%22%20%2210035%22%20%28%22weekly%20ad%22%20OR%20circular%20OR%20flyer%20OR%20specials%29
626890,AXEL GROCERY,10035,,ZIP-targeted web search (manual verify),https://duckduckgo.com/?q=%22AXEL%20GROCERY%22%20%2210035%22%20%28%22weekly%20ad%22%20OR%20circular%20OR%20flyer%20OR%20specials%29,advertised,,,,,,,,,,"Second-pass ZIP-targeted search URL. Open link, verify official store ad/circular, then replace with confirmed source URL.",https://duckduckgo.com/?q=%22AXEL%20GROCERY%22%20%2210035%22%20%28%22weekly%20ad%22%20OR%20circular%20OR%20flyer%20OR%20specials%29
620450,FINE FARE SUPERMARKET,10035,2026-05-23,Fine Fare Store Site,https://www.finefaresupermarkets.com/,advertised,,,,,,,,,,Matched to chain circular/weekly-ad source.,https://duckduckgo.com/?q=%22FINE%20FARE%20SUPERMARKET%22%20%2210035%22%20%28%22weekly%20ad%22%20OR%20circular%20OR%20flyer%20OR%20specials%29
735762,FOODTOWN,10035,2026-05-23,Foodtown Weekly Circular,https://www.foodtown.com/,advertised,,,,,,,,,,Matched to chain circular/weekly-ad source.,https://duckduckgo.com/?q=%22FOODTOWN%22%20%2210035%22%20%28%22weekly%20ad%22%20OR%20circular%20OR%20flyer%20OR%20specials%29
726296,LA FORTA LEZA CANDY & GROCERY,10035,,ZIP-targeted web search (manual verify),https://duckduckgo.com/?q=%22LA%20FORTA%20LEZA%20CANDY%20%26%20GROCERY%22%20%2210035%22%20%28%22weekly%20ad%22%20OR%20circular%20OR%20flyer%20OR%20specials%29,advertised,,,,,,,,,,"Second-pass ZIP-targeted search URL. Open link, verify official store ad/circular, then replace with confirmed source URL.",https://duckduckgo.com/?q=%22LA%20FORTA%20LEZA%20CANDY%20%26%20GROCERY%22%20%2210035%22%20%28%22weekly%20ad%22%20OR%20circular%20OR%20flyer%20OR%20specials%29
730427,OUR COMMUNITY GROCERY,10035,,ZIP-targeted web search (manual verify),https://duckduckgo.com/?q=%22OUR%20COMMUNITY%20GROCERY%22%20%2210035%22%20%28%22weekly%20ad%22%20OR%20circular%20OR%20flyer%20OR%20specials%29,advertised,,,,,,,,,,"Second-pass ZIP-targeted search URL. Open link, verify official store ad/circular, then replace with confirmed source URL.",https://duckduckgo.com/?q=%22OUR%20COMMUNITY%20GROCERY%22%20%2210035%22%20%28%22weekly%20ad%22%20OR%20circular%20OR%20flyer%20OR%20specials%29
750956,THIRD AVE GROCERY STORE,10035,,ZIP-targeted web search (manual verify),https://duckduckgo.com/?q=%22THIRD%20AVE%20GROCERY%20STORE%22%20%2210035%22%20%28%22weekly%20ad%22%20OR%20circular%20OR%20flyer%20OR%20specials%29,advertised,,,,,,,,,,"Second-pass ZIP-targeted search URL. Open link, verify official store ad/circular, then replace with confirmed source URL.",https://duckduckgo.com/?q=%22THIRD%20AVE%20GROCERY%20STORE%22%20%2210035%22%20%28%22weekly%20ad%22%20OR%20circular%20OR%20flyer%20OR%20specials%29
726198,GENJI #10069 (INSIDE WHOLE FOODS MARKET),10036,2026-05-23,Whole Foods Weekly Sales,https://www.wholefoodsmarket.com/sales-flyer,advertised,,,,,,,,,,Matched to chain circular/weekly-ad source.,https://duckduckgo.com/?q=%22GENJI%20%2310069%20%28INSIDE%20WHOLE%20FOODS%20MARKET%29%22%20%2210036%22%20%28%22weekly%20ad%22%20OR%20circular%20OR%20flyer%20OR%20specials%29
628033,KEY FOOD SUPERMARKET,10037,2026-05-23,Key Food / Food Universe Flyers,https://www.keyfood.com/flyers,advertised,,,,,,,,,,Matched to chain circular/weekly-ad source.,https://duckduckgo.com/?q=%22KEY%20FOOD%20SUPERMARKET%22%20%2210037%22%20%28%22weekly%20ad%22%20OR%20circular%20OR%20flyer%20OR%20specials%29
728172,NASSAU GROCERY,10038,,ZIP-targeted web search (manual verify),https://duckduckgo.com/?q=%22NASSAU%20GROCERY%22%20%2210038%22%20%28%22weekly%20ad%22%20OR%20circular%20OR%20flyer%20OR%20specials%29,advertised,,,,,,,,,,"Second-pass ZIP-targeted search URL. Open link, verify official store ad/circular, then replace with confirmed source URL.",https://duckduckgo.com/?q=%22NASSAU%20GROCERY%22%20%2210038%22%20%28%22weekly%20ad%22%20OR%20circular%20OR%20flyer%20OR%20specials%29
749049,POLO GROUND FOOD GROCERY,10039,,ZIP-targeted web search (manual verify),https://duckduckgo.com/?q=%22POLO%20GROUND%20FOOD%20GROCERY%22%20%2210039%22%20%28%22weekly%20ad%22%20OR%20circular%20OR%20flyer%20OR%20specials%29,advertised,,,,,,,,,,"Second-pass ZIP-targeted search URL. Open link, verify official store ad/circular, then replace with confirmed source URL.",https://duckduckgo.com/?q=%22POLO%20GROUND%20FOOD%20GROCERY%22%20%2210039%22%20%28%22weekly%20ad%22%20OR%20circular%20OR%20flyer%20OR%20specials%29
761061,SAHARA GROCERY AND CONVENIENCE,10039,,ZIP-targeted web search (manual verify),https://duckduckgo.com/?q=%22SAHARA%20GROCERY%20AND%20CONVENIENCE%22%20%2210039%22%20%28%22weekly%20ad%22%20OR%20circular%20OR%20flyer%20OR%20specials%29,advertised,,,,,,,,,,"Second-pass ZIP-targeted search URL. Open link, verify official store ad/circular, then replace with confirmed source URL.",https://duckduckgo.com/?q=%22SAHARA%20GROCERY%20AND%20CONVENIENCE%22%20%2210039%22%20%28%22weekly%20ad%22%20OR%20circular%20OR%20flyer%20OR%20specials%29
628630,1630A NEW YORK GROCERY,10040,,ZIP-targeted web search (manual verify),https://duckduckgo.com/?q=%221630A%20NEW%20YORK%20GROCERY%22%20%2210040%22%20%28%22weekly%20ad%22%20OR%20circular%20OR%20flyer%20OR%20specials%29,advertised,,,,,,,,,,"Second-pass ZIP-targeted search URL. Open link, verify official store ad/circular, then replace with confirmed source URL.",https://duckduckgo.com/?q=%221630A%20NEW%20YORK%20GROCERY%22%20%2210040%22%20%28%22weekly%20ad%22%20OR%20circular%20OR%20flyer%20OR%20specials%29
763973,DYCKMAN GROCERY & CANDY,10040,,ZIP-targeted web search (manual verify),https://duckduckgo.com/?q=%22DYCKMAN%20GROCERY%20%26%20CANDY%22%20%2210040%22%20%28%22weekly%20ad%22%20OR%20circular%20OR%20flyer%20OR%20specials%29,advertised,,,,,,,,,,"Second-pass ZIP-targeted search URL. Open link, verify official store ad/circular, then replace with confirmed source URL.",https://duckduckgo.com/?q=%22DYCKMAN%20GROCERY%20%26%20CANDY%22%20%2210040%22%20%28%22weekly%20ad%22%20OR%20circular%20OR%20flyer%20OR%20specials%29
723399,E AND G GROCERY CORP,10040,,ZIP-targeted web search (manual verify),https://duckduckgo.com/?q=%22E%20AND%20G%20GROCERY%20CORP%22%20%2210040%22%20%28%22weekly%20ad%22%20OR%20circular%20OR%20flyer%20OR%20specials%29,advertised,,,,,,,,,,"Second-pass ZIP-targeted search URL. Open link, verify official store ad/circular, then replace with confirmed source URL.",https://duckduckgo.com/?q=%22E%20AND%20G%20GROCERY%20CORP%22%20%2210040%22%20%28%22weekly%20ad%22%20OR%20circular%20OR%20flyer%20OR%20specials%29
747720,EL TESORO GROCERY,10040,,ZIP-targeted web search (manual verify),https://duckduckgo.com/?q=%22EL%20TESORO%20GROCERY%22%20%2210040%22%20%28%22weekly%20ad%22%20OR%20circular%20OR%20flyer%20OR%20specials%29,advertised,,,,,,,,,,"Second-pass ZIP-targeted search URL. Open link, verify official store ad/circular, then replace with confirmed source URL.",https://duckduckgo.com/?q=%22EL%20TESORO%20GROCERY%22%20%2210040%22%20%28%22weekly%20ad%22%20OR%20circular%20OR%20flyer%20OR%20specials%29
622533,FINE FARE SUPERMARKET,10040,2026-05-23,Fine Fare Store Site,https://www.finefaresupermarkets.com/,advertised,,,,,,,,,,Matched to chain circular/weekly-ad source.,https://duckduckgo.com/?q=%22FINE%20FARE%20SUPERMARKET%22%20%2210040%22%20%28%22weekly%20ad%22%20OR%20circular%20OR%20flyer%20OR%20specials%29
627547,LATINO GROCERY & CANDY,10040,,ZIP-targeted web search (manual verify),https://duckduckgo.com/?q=%22LATINO%20GROCERY%20%26%20CANDY%22%20%2210040%22%20%28%22weekly%20ad%22%20OR%20circular%20OR%20flyer%20OR%20specials%29,advertised,,,,,,,,,,"Second-pass ZIP-targeted search URL. Open link, verify official store ad/circular, then replace with confirmed source URL.",https://duckduckgo.com/?q=%22LATINO%20GROCERY%20%26%20CANDY%22%20%2210040%22%20%28%22weekly%20ad%22%20OR%20circular%20OR%20flyer%20OR%20specials%29
620571,MI ESFUERZO GROCERY,10040,,ZIP-targeted web search (manual verify),https://duckduckgo.com/?q=%22MI%20ESFUERZO%20GROCERY%22%20%2210040%22%20%28%22weekly%20ad%22%20OR%20circular%20OR%20flyer%20OR%20specials%29,advertised,,,,,,,,,,"Second-pass ZIP-targeted search URL. Open link, verify official store ad/circular, then replace with confirmed source URL.",https://duckduckgo.com/?q=%22MI%20ESFUERZO%20GROCERY%22%20%2210040%22%20%28%22weekly%20ad%22%20OR%20circular%20OR%20flyer%20OR%20specials%29
760613,MI LUPITA GROCERY,10040,,ZIP-targeted web search (manual verify),https://duckduckgo.com/?q=%22MI%20LUPITA%20GROCERY%22%20%2210040%22%20%28%22weekly%20ad%22%20OR%20circular%20OR%20flyer%20OR%20specials%29,advertised,,,,,,,,,,"Second-pass ZIP-targeted search URL. Open link, verify official store ad/circular, then replace with confirmed source URL.",https://duckduckgo.com/?q=%22MI%20LUPITA%20GROCERY%22%20%2210040%22%20%28%22weekly%20ad%22%20OR%20circular%20OR%20flyer%20OR%20specials%29
627792,ST NICK CANDY GROCERY,10040,,ZIP-targeted web search (manual verify),https://duckduckgo.com/?q=%22ST%20NICK%20CANDY%20GROCERY%22%20%2210040%22%20%28%22weekly%20ad%22%20OR%20circular%20OR%20flyer%20OR%20specials%29,advertised,,,,,,,,,,"Second-pass ZIP-targeted search URL. Open link, verify official store ad/circular, then replace with confirmed source URL.",https://duckduckgo.com/?q=%22ST%20NICK%20CANDY%20GROCERY%22%20%2210040%22%20%28%22weekly%20ad%22%20OR%20circular%20OR%20flyer%20OR%20specials%29
622188,XCELLENTE SUPERMARKET,10040,,ZIP-targeted web search (manual verify),https://duckduckgo.com/?q=%22XCELLENTE%20SUPERMARKET%22%20%2210040%22%20%28%22weekly%20ad%22%20OR%20circular%20OR%20flyer%20OR%20specials%29,advertised,,,,,,,,,,"Second-pass ZIP-targeted search URL. Open link, verify official store ad/circular, then replace with confirmed source URL.",https://duckduckgo.com/?q=%22XCELLENTE%20SUPERMARKET%22%20%2210040%22%20%28%22weekly%20ad%22%20OR%20circular%20OR%20flyer%20OR%20specials%29
620172,809 LEX GROCERY,10065,,ZIP-targeted web search (manual verify),https://duckduckgo.com/?q=%22809%20LEX%20GROCERY%22%20%2210065%22%20%28%22weekly%20ad%22%20OR%20circular%20OR%20flyer%20OR%20specials%29,advertised,,,,,,,,,,"Second-pass ZIP-targeted search URL. Open link, verify official store ad/circular, then replace with confirmed source URL.",https://duckduckgo.com/?q=%22809%20LEX%20GROCERY%22%20%2210065%22%20%28%22weekly%20ad%22%20OR%20circular%20OR%20flyer%20OR%20specials%29
625766,GRISTEDES 413,10075,2026-05-23,Gristedes Weekly Specials,https://gristedes.com/weekly-specials/,advertised,,,,,,,,,,Matched to chain circular/weekly-ad source.,https://duckduckgo.com/?q=%22GRISTEDES%20413%22%20%2210075%22%20%28%22weekly%20ad%22%20OR%20circular%20OR%20flyer%20OR%20specials%29
709413,KEY FOOD,10128,2026-05-23,Key Food / Food Universe Flyers,https://www.keyfood.com/flyers,advertised,,,,,,,,,,Matched to chain circular/weekly-ad source.,https://duckduckgo.com/?q=%22KEY%20FOOD%22%20%2210128%22%20%28%22weekly%20ad%22%20OR%20circular%20OR%20flyer%20OR%20specials%29
737258,KIKKA@WHOLE FOODS UPPER EAST SIDE,10128,2026-05-23,Whole Foods Weekly Sales,https://www.wholefoodsmarket.com/sales-flyer,advertised,,,,,,,,,,Matched to chain circular/weekly-ad source.,https://duckduckgo.com/?q=%22KIKKA%40WHOLE%20FOODS%20UPPER%20EAST%20SIDE%22%20%2210128%22%20%28%22weekly%20ad%22%20OR%20circular%20OR%20flyer%20OR%20specials%29
730820,ALPER GROCERY,10301,,ZIP-targeted web search (manual verify),https://duckduckgo.com/?q=%22ALPER%20GROCERY%22%20%2210301%22%20%28%22weekly%20ad%22%20OR%20circular%20OR%20flyer%20OR%20specials%29,advertised,,,,,,,,,,"Second-pass ZIP-targeted search URL. Open link, verify official store ad/circular, then replace with confirmed source URL.",https://duckduckgo.com/?q=%22ALPER%20GROCERY%22%20%2210301%22%20%28%22weekly%20ad%22%20OR%20circular%20OR%20flyer%20OR%20specials%29
641126,ANUJEE GROCERY,10301,,ZIP-targeted web search (manual verify),https://duckduckgo.com/?q=%22ANUJEE%20GROCERY%22%20%2210301%22%20%28%22weekly%20ad%22%20OR%20circular%20OR%20flyer%20OR%20specials%29,advertised,,,,,,,,,,"Second-pass ZIP-targeted search URL. Open link, verify official store ad/circular, then replace with confirmed source URL.",https://duckduckgo.com/?q=%22ANUJEE%20GROCERY%22%20%2210301%22%20%28%22weekly%20ad%22%20OR%20circular%20OR%20flyer%20OR%20specials%29
707763,KEY FOOD 1734,10301,2026-05-23,Key Food / Food Universe Flyers,https://www.keyfood.com/flyers,advertised,,,,,,,,,,Matched to chain circular/weekly-ad source.,https://duckduckgo.com/?q=%22KEY%20FOOD%201734%22%20%2210301%22%20%28%22weekly%20ad%22%20OR%20circular%20OR%20flyer%20OR%20specials%29
640923,LA QUEBRADITA GROCERY,10301,,ZIP-targeted web search (manual verify),https://duckduckgo.com/?q=%22LA%20QUEBRADITA%20GROCERY%22%20%2210301%22%20%28%22weekly%20ad%22%20OR%20circular%20OR%20flyer%20OR%20specials%29,advertised,,,,,,,,,,"Second-pass ZIP-targeted search URL. Open link, verify official store ad/circular, then replace with confirmed source URL.",https://duckduckgo.com/?q=%22LA%20QUEBRADITA%20GROCERY%22%20%2210301%22%20%28%22weekly%20ad%22%20OR%20circular%20OR%20flyer%20OR%20specials%29
641615,NEW LANKA GROCERY,10301,,ZIP-targeted web search (manual verify),https://duckduckgo.com/?q=%22NEW%20LANKA%20GROCERY%22%20%2210301%22%20%28%22weekly%20ad%22%20OR%20circular%20OR%20flyer%20OR%20specials%29,advertised,,,,,,,,,,"Second-pass ZIP-targeted search URL. Open link, verify official store ad/circular, then replace with confirmed source URL.",https://duckduckgo.com/?q=%22NEW%20LANKA%20GROCERY%22%20%2210301%22%20%28%22weekly%20ad%22%20OR%20circular%20OR%20flyer%20OR%20specials%29
717198,TEJADA GROCERY STORE,10301,,ZIP-targeted web search (manual verify),https://duckduckgo.com/?q=%22TEJADA%20GROCERY%20STORE%22%20%2210301%22%20%28%22weekly%20ad%22%20OR%20circular%20OR%20flyer%20OR%20specials%29,advertised,,,,,,,,,,"Second-pass ZIP-targeted search URL. Open link, verify official store ad/circular, then replace with confirmed source URL.",https://duckduckgo.com/?q=%22TEJADA%20GROCERY%20STORE%22%20%2210301%22%20%28%22weekly%20ad%22%20OR%20circular%20OR%20flyer%20OR%20specials%29
729604,D&A GROCERY,10302,,ZIP-targeted web search (manual verify),https://duckduckgo.com/?q=%22D%26A%20GROCERY%22%20%2210302%22%20%28%22weekly%20ad%22%20OR%20circular%20OR%20flyer%20OR%20specials%29,advertised,,,,,,,,,,"Second-pass ZIP-targeted search URL. Open link, verify official store ad/circular, then replace with confirmed source URL.",https://duckduckgo.com/?q=%22D%26A%20GROCERY%22%20%2210302%22%20%28%22weekly%20ad%22%20OR%20circular%20OR%20flyer%20OR%20specials%29
704147,EZ GROCERY STORE,10302,,ZIP-targeted web search (manual verify),https://duckduckgo.com/?q=%22EZ%20GROCERY%20STORE%22%20%2210302%22%20%28%22weekly%20ad%22%20OR%20circular%20OR%20flyer%20OR%20specials%29,advertised,,,,,,,,,,"Second-pass ZIP-targeted search URL. Open link, verify official store ad/circular, then replace with confirmed source URL.",https://duckduckgo.com/?q=%22EZ%20GROCERY%20STORE%22%20%2210302%22%20%28%22weekly%20ad%22%20OR%20circular%20OR%20flyer%20OR%20specials%29
714299,KEY FOOD FRESH,10302,2026-05-23,Key Food / Food Universe Flyers,https://www.keyfood.com/flyers,advertised,,,,,,,,,,Matched to chain circular/weekly-ad source.,https://duckduckgo.com/?q=%22KEY%20FOOD%20FRESH%22%20%2210302%22%20%28%22weekly%20ad%22%20OR%20circular%20OR%20flyer%20OR%20specials%29
640615,MEXICO SUPERMARKET,10302,,ZIP-targeted web search (manual verify),https://duckduckgo.com/?q=%22MEXICO%20SUPERMARKET%22%20%2210302%22%20%28%22weekly%20ad%22%20OR%20circular%20OR%20flyer%20OR%20specials%29,advertised,,,,,,,,,,"Second-pass ZIP-targeted search URL. Open link, verify official store ad/circular, then replace with confirmed source URL.",https://duckduckgo.com/?q=%22MEXICO%20SUPERMARKET%22%20%2210302%22%20%28%22weekly%20ad%22%20OR%20circular%20OR%20flyer%20OR%20specials%29
730485,POST CANDY & GROCERY,10302,,ZIP-targeted web search (manual verify),https://duckduckgo.com/?q=%22POST%20CANDY%20%26%20GROCERY%22%20%2210302%22%20%28%22weekly%20ad%22%20OR%20circular%20OR%20flyer%20OR%20specials%29,advertised,,,,,,,,,,"Second-pass ZIP-targeted search URL. Open link, verify official store ad/circular, then replace with confirmed source URL.",https://duckduckgo.com/?q=%22POST%20CANDY%20%26%20GROCERY%22%20%2210302%22%20%28%22weekly%20ad%22%20OR%20circular%20OR%20flyer%20OR%20specials%29
641270,H&H FOOD&GROCERY,10303,,ZIP-targeted web search (manual verify),https://duckduckgo.com/?q=%22H%26H%20FOOD%26GROCERY%22%20%2210303%22%20%28%22weekly%20ad%22%20OR%20circular%20OR%20flyer%20OR%20specials%29,advertised,,,,,,,,,,"Second-pass ZIP-targeted search URL. Open link, verify official store ad/circular, then replace with confirmed source URL.",https://duckduckgo.com/?q=%22H%26H%20FOOD%26GROCERY%22%20%2210303%22%20%28%22weekly%20ad%22%20OR%20circular%20OR%20flyer%20OR%20specials%29
718797,SUNNY MORNING STAR GROCERY,10303,,ZIP-targeted web search (manual verify),https://duckduckgo.com/?q=%22SUNNY%20MORNING%20STAR%20GROCERY%22%20%2210303%22%20%28%22weekly%20ad%22%20OR%20circular%20OR%20flyer%20OR%20specials%29,advertised,,,,,,,,,,"Second-pass ZIP-targeted search URL. Open link, verify official store ad/circular, then replace with confirmed source URL.",https://duckduckgo.com/?q=%22SUNNY%20MORNING%20STAR%20GROCERY%22%20%2210303%22%20%28%22weekly%20ad%22%20OR%20circular%20OR%20flyer%20OR%20specials%29
641157,WESTERN BEEF,10303,2026-05-23,Western Beef Weekly Sales,https://www.westernbeef.com/sales,advertised,,,,,,,,,,Matched to chain circular/weekly-ad source.,https://duckduckgo.com/?q=%22WESTERN%20BEEF%22%20%2210303%22%20%28%22weekly%20ad%22%20OR%20circular%20OR%20flyer%20OR%20specials%29
743985,ASSOCIATED MARKETPLACE,10304,2026-05-23,Associated Supermarkets Weekly Ad,https://www.yapik.com/us/associated-supermarkets/weekly-ad,advertised,,,,,,,,,,Matched to third-party weekly-ad index for this chain; verify store-specific ad before final use.,https://duckduckgo.com/?q=%22ASSOCIATED%20MARKETPLACE%22%20%2210304%22%20%28%22weekly%20ad%22%20OR%20circular%20OR%20flyer%20OR%20specials%29
710460,C TOWN SUPERMARKET,10304,2026-05-23,CTown Weekly Ad,https://www.ctownsupermarkets.com/Weekly-Ad,advertised,,,,,,,,,,Matched to chain circular/weekly-ad source.,https://duckduckgo.com/?q=%22C%20TOWN%20SUPERMARKET%22%20%2210304%22%20%28%22weekly%20ad%22%20OR%20circular%20OR%20flyer%20OR%20specials%29
711817,OSGOOD GROCERY,10304,,ZIP-targeted web search (manual verify),https://duckduckgo.com/?q=%22OSGOOD%20GROCERY%22%20%2210304%22%20%28%22weekly%20ad%22%20OR%20circular%20OR%20flyer%20OR%20specials%29,advertised,,,,,,,,,,"Second-pass ZIP-targeted search URL. Open link, verify official store ad/circular, then replace with confirmed source URL.",https://duckduckgo.com/?q=%22OSGOOD%20GROCERY%22%20%2210304%22%20%28%22weekly%20ad%22%20OR%20circular%20OR%20flyer%20OR%20specials%29
719079,STOP 1 & TARGEE SUPERMARKET,10304,,ZIP-targeted web search (manual verify),https://duckduckgo.com/?q=%22STOP%201%20%26%20TARGEE%20SUPERMARKET%22%20%2210304%22%20%28%22weekly%20ad%22%20OR%20circular%20OR%20flyer%20OR%20specials%29,advertised,,,,,,,,,,"Second-pass ZIP-targeted search URL. Open link, verify official store ad/circular, then replace with confirmed source URL.",https://duckduckgo.com/?q=%22STOP%201%20%26%20TARGEE%20SUPERMARKET%22%20%2210304%22%20%28%22weekly%20ad%22%20OR%20circular%20OR%20flyer%20OR%20specials%29
640154,WESTERN BEEF 68,10304,2026-05-23,Western Beef Weekly Sales,https://www.westernbeef.com/sales,advertised,,,,,,,,,,Matched to chain circular/weekly-ad source.,https://duckduckgo.com/?q=%22WESTERN%20BEEF%2068%22%20%2210304%22%20%28%22weekly%20ad%22%20OR%20circular%20OR%20flyer%20OR%20specials%29
761509,ASIAN YANG SUPERMARKET,10305,,ZIP-targeted web search (manual verify),https://duckduckgo.com/?q=%22ASIAN%20YANG%20SUPERMARKET%22%20%2210305%22%20%28%22weekly%20ad%22%20OR%20circular%20OR%20flyer%20OR%20specials%29,advertised,,,,,,,,,,"Second-pass ZIP-targeted search URL. Open link, verify official store ad/circular, then replace with confirmed source URL.",https://duckduckgo.com/?q=%22ASIAN%20YANG%20SUPERMARKET%22%20%2210305%22%20%28%22weekly%20ad%22%20OR%20circular%20OR%20flyer%20OR%20specials%29
707484,KEY FOOD,10305,2026-05-23,Key Food / Food Universe Flyers,https://www.keyfood.com/flyers,advertised,,,,,,,,,,Matched to chain circular/weekly-ad source.,https://duckduckgo.com/?q=%22KEY%20FOOD%22%20%2210305%22%20%28%22weekly%20ad%22%20OR%20circular%20OR%20flyer%20OR%20specials%29
733497,MARKET FRESH SUPERMARKET,10305,,ZIP-targeted web search (manual verify),https://duckduckgo.com/?q=%22MARKET%20FRESH%20SUPERMARKET%22%20%2210305%22%20%28%22weekly%20ad%22%20OR%20circular%20OR%20flyer%20OR%20specials%29,advertised,,,,,,,,,,"Second-pass ZIP-targeted search URL. Open link, verify official store ad/circular, then replace with confirmed source URL.",https://duckduckgo.com/?q=%22MARKET%20FRESH%20SUPERMARKET%22%20%2210305%22%20%28%22weekly%20ad%22%20OR%20circular%20OR%20flyer%20OR%20specials%29
766201,ADAM GROCERY & SNACKS,10306,,ZIP-targeted web search (manual verify),https://duckduckgo.com/?q=%22ADAM%20GROCERY%20%26%20SNACKS%22%20%2210306%22%20%28%22weekly%20ad%22%20OR%20circular%20OR%20flyer%20OR%20specials%29,advertised,,,,,,,,,,"Second-pass ZIP-targeted search URL. Open link, verify official store ad/circular, then replace with confirmed source URL.",https://duckduckgo.com/?q=%22ADAM%20GROCERY%20%26%20SNACKS%22%20%2210306%22%20%28%22weekly%20ad%22%20OR%20circular%20OR%20flyer%20OR%20specials%29
763863,ALDI #174,10306,2026-05-23,ALDI Weekly Ad,https://www.aldi.us/weekly-specials/our-weekly-ads/,advertised,,,,,,,,,,Matched to chain circular/weekly-ad source.,https://duckduckgo.com/?q=%22ALDI%20%23174%22%20%2210306%22%20%28%22weekly%20ad%22%20OR%20circular%20OR%20flyer%20OR%20specials%29
641234,JAYRIP GROCERY,10306,,ZIP-targeted web search (manual verify),https://duckduckgo.com/?q=%22JAYRIP%20GROCERY%22%20%2210306%22%20%28%22weekly%20ad%22%20OR%20circular%20OR%20flyer%20OR%20specials%29,advertised,,,,,,,,,,"Second-pass ZIP-targeted search URL. Open link, verify official store ad/circular, then replace with confirmed source URL.",https://duckduckgo.com/?q=%22JAYRIP%20GROCERY%22%20%2210306%22%20%28%22weekly%20ad%22%20OR%20circular%20OR%20flyer%20OR%20specials%29
755285,NEW HL SUPERMARKET,10306,,ZIP-targeted web search (manual verify),https://duckduckgo.com/?q=%22NEW%20HL%20SUPERMARKET%22%20%2210306%22%20%28%22weekly%20ad%22%20OR%20circular%20OR%20flyer%20OR%20specials%29,advertised,,,,,,,,,,"Second-pass ZIP-targeted search URL. Open link, verify official store ad/circular, then replace with confirmed source URL.",https://duckduckgo.com/?q=%22NEW%20HL%20SUPERMARKET%22%20%2210306%22%20%28%22weekly%20ad%22%20OR%20circular%20OR%20flyer%20OR%20specials%29
744399,SHOPRITE OF HYLAN BLVD,10306,2026-05-23,ShopRite Weekly Circular,https://www.shoprite.com/sm/planning/rsid/473/circulars/,advertised,,,,,,,,,,Matched to chain circular/weekly-ad source.,https://duckduckgo.com/?q=%22SHOPRITE%20OF%20HYLAN%20BLVD%22%20%2210306%22%20%28%22weekly%20ad%22%20OR%20circular%20OR%20flyer%20OR%20specials%29
767345,SHOPRITE OF AMBOY ROAD,10308,2026-05-23,ShopRite Weekly Circular,https://www.shoprite.com/sm/planning/rsid/473/circulars/,advertised,,,,,,,,,,Matched to chain circular/weekly-ad source.,https://duckduckgo.com/?q=%22SHOPRITE%20OF%20AMBOY%20ROAD%22%20%2210308%22%20%28%22weekly%20ad%22%20OR%20circular%20OR%20flyer%20OR%20specials%29
738002,SEGUINE BEVERAGE & GROCERY 1,10309,,ZIP-targeted web search (manual verify),https://duckduckgo.com/?q=%22SEGUINE%20BEVERAGE%20%26%20GROCERY%201%22%20%2210309%22%20%28%22weekly%20ad%22%20OR%20circular%20OR%20flyer%20OR%20specials%29,advertised,,,,,,,,,,"Second-pass ZIP-targeted search URL. Open link, verify official store ad/circular, then replace with confirmed source URL.",https://duckduckgo.com/?q=%22SEGUINE%20BEVERAGE%20%26%20GROCERY%201%22%20%2210309%22%20%28%22weekly%20ad%22%20OR%20circular%20OR%20flyer%20OR%20specials%29
719723,SHOPRITE OF VETERANS RD,10309,2026-05-23,ShopRite Weekly Circular,https://www.shoprite.com/sm/planning/rsid/473/circulars/,advertised,,,,,,,,,,Matched to chain circular/weekly-ad source.,https://duckduckgo.com/?q=%22SHOPRITE%20OF%20VETERANS%20RD%22%20%2210309%22%20%28%22weekly%20ad%22%20OR%20circular%20OR%20flyer%20OR%20specials%29
768136,TRADER JOES #580,10309,2026-05-23,Trader Joe's Fearless Flyer,https://www.traderjoes.com/home/fearless-flyer,advertised,,,,,,,,,,Matched to chain circular/weekly-ad source.,https://duckduckgo.com/?q=%22TRADER%20JOES%20%23580%22%20%2210309%22%20%28%22weekly%20ad%22%20OR%20circular%20OR%20flyer%20OR%20specials%29
764545,C-TOWN,10310,2026-05-23,CTown Weekly Ad,https://www.ctownsupermarkets.com/Weekly-Ad,advertised,,,,,,,,,,Matched to chain circular/weekly-ad source.,https://duckduckgo.com/?q=%22C-TOWN%22%20%2210310%22%20%28%22weekly%20ad%22%20OR%20circular%20OR%20flyer%20OR%20specials%29
760121,LOS SISO GROCERY,10310,,ZIP-targeted web search (manual verify),https://duckduckgo.com/?q=%22LOS%20SISO%20GROCERY%22%20%2210310%22%20%28%22weekly%20ad%22%20OR%20circular%20OR%20flyer%20OR%20specials%29,advertised,,,,,,,,,,"Second-pass ZIP-targeted search URL. Open link, verify official store ad/circular, then replace with confirmed source URL.",https://duckduckgo.com/?q=%22LOS%20SISO%20GROCERY%22%20%2210310%22%20%28%22weekly%20ad%22%20OR%20circular%20OR%20flyer%20OR%20specials%29
762604,ALDI #147,10312,2026-05-23,ALDI Weekly Ad,https://www.aldi.us/weekly-specials/our-weekly-ads/,advertised,,,,,,,,,,Matched to chain circular/weekly-ad source.,https://duckduckgo.com/?q=%22ALDI%20%23147%22%20%2210312%22%20%28%22weekly%20ad%22%20OR%20circular%20OR%20flyer%20OR%20specials%29
721324,KEY FOOD,10312,2026-05-23,Key Food / Food Universe Flyers,https://www.keyfood.com/flyers,advertised,,,,,,,,,,Matched to chain circular/weekly-ad source.,https://duckduckgo.com/?q=%22KEY%20FOOD%22%20%2210312%22%20%28%22weekly%20ad%22%20OR%20circular%20OR%20flyer%20OR%20specials%29
708609,J&J ISLAND GROCERY,10314,,ZIP-targeted web search (manual verify),https://duckduckgo.com/?q=%22J%26J%20ISLAND%20GROCERY%22%20%2210314%22%20%28%22weekly%20ad%22%20OR%20circular%20OR%20flyer%20OR%20specials%29,advertised,,,,,,,,,,"Second-pass ZIP-targeted search URL. Open link, verify official store ad/circular, then replace with confirmed source URL.",https://duckduckgo.com/?q=%22J%26J%20ISLAND%20GROCERY%22%20%2210314%22%20%28%22weekly%20ad%22%20OR%20circular%20OR%20flyer%20OR%20specials%29
735744,LIDL #1372,10314,2026-05-23,Lidl Weekly Ad,https://www.lidl.com/flyer,advertised,,,,,,,,,,Matched to chain circular/weekly-ad source.,https://duckduckgo.com/?q=%22LIDL%20%231372%22%20%2210314%22%20%28%22weekly%20ad%22%20OR%20circular%20OR%20flyer%20OR%20specials%29
641321,MET FOOD,10314,2026-05-23,Met Foods Weekly Ad,https://www.metfoods.com/weekly-ad/,advertised,,,,,,,,,,Matched to chain circular/weekly-ad source.,https://duckduckgo.com/?q=%22MET%20FOOD%22%20%2210314%22%20%28%22weekly%20ad%22%20OR%20circular%20OR%20flyer%20OR%20specials%29
641163,SHOPRITE OF FOREST&RICH,10314,2026-05-23,ShopRite Weekly Circular,https://www.shoprite.com/sm/planning/rsid/473/circulars/,advertised,,,,,,,,,,Matched to chain circular/weekly-ad source.,https://duckduckgo.com/?q=%22SHOPRITE%20OF%20FOREST%26RICH%22%20%2210314%22%20%28%22weekly%20ad%22%20OR%20circular%20OR%20flyer%20OR%20specials%29
641558,TRADER JOES #559,10314,2026-05-23,Trader Joe's Fearless Flyer,https://www.traderjoes.com/home/fearless-flyer,advertised,,,,,,,,,,Matched to chain circular/weekly-ad source.,https://duckduckgo.com/?q=%22TRADER%20JOES%20%23559%22%20%2210314%22%20%28%22weekly%20ad%22%20OR%20circular%20OR%20flyer%20OR%20specials%29
719857,BRAVO SUPERMARKET,10451,2026-05-23,Bravo Supermarkets Weekly Circular,https://www.bravosupermarkets.com/weekly-circular,advertised,,,,,,,,,,Matched to chain circular/weekly-ad source.,https://duckduckgo.com/?q=%22BRAVO%20SUPERMARKET%22%20%2210451%22%20%28%22weekly%20ad%22%20OR%20circular%20OR%20flyer%20OR%20specials%29
760464,BROTHERS GROCERY & CONVENIENCE,10451,,ZIP-targeted web search (manual verify),https://duckduckgo.com/?q=%22BROTHERS%20GROCERY%20%26%20CONVENIENCE%22%20%2210451%22%20%28%22weekly%20ad%22%20OR%20circular%20OR%20flyer%20OR%20specials%29,advertised,,,,,,,,,,"Second-pass ZIP-targeted search URL. Open link, verify official store ad/circular, then replace with confirmed source URL.",https://duckduckgo.com/?q=%22BROTHERS%20GROCERY%20%26%20CONVENIENCE%22%20%2210451%22%20%28%22weekly%20ad%22%20OR%20circular%20OR%20flyer%20OR%20specials%29
759068,CAZARES GROCERY,10451,,ZIP-targeted web search (manual verify),https://duckduckgo.com/?q=%22CAZARES%20GROCERY%22%20%2210451%22%20%28%22weekly%20ad%22%20OR%20circular%20OR%20flyer%20OR%20specials%29,advertised,,,,,,,,,,"Second-pass ZIP-targeted search URL. Open link, verify official store ad/circular, then replace with confirmed source URL.",https://duckduckgo.com/?q=%22CAZARES%20GROCERY%22%20%2210451%22%20%28%22weekly%20ad%22%20OR%20circular%20OR%20flyer%20OR%20specials%29
702401,FANE GROCERY,10451,,ZIP-targeted web search (manual verify),https://duckduckgo.com/?q=%22FANE%20GROCERY%22%20%2210451%22%20%28%22weekly%20ad%22%20OR%20circular%20OR%20flyer%20OR%20specials%29,advertised,,,,,,,,,,"Second-pass ZIP-targeted search URL. Open link, verify official store ad/circular, then replace with confirmed source URL.",https://duckduckgo.com/?q=%22FANE%20GROCERY%22%20%2210451%22%20%28%22weekly%20ad%22%20OR%20circular%20OR%20flyer%20OR%20specials%29
741657,FOOD BAZAAR,10451,2026-05-23,Food Bazaar Weekly Ad,https://www.foodbazaar.com/weekly-ad/,advertised,,,,,,,,,,Matched to chain circular/weekly-ad source.,https://duckduckgo.com/?q=%22FOOD%20BAZAAR%22%20%2210451%22%20%28%22weekly%20ad%22%20OR%20circular%20OR%20flyer%20OR%20specials%29
721856,FOOD BAZAAR,10451,2026-05-23,Food Bazaar Weekly Ad,https://www.foodbazaar.com/weekly-ad/,advertised,,,,,,,,,,Matched to chain circular/weekly-ad source.,https://duckduckgo.com/?q=%22FOOD%20BAZAAR%22%20%2210451%22%20%28%22weekly%20ad%22%20OR%20circular%20OR%20flyer%20OR%20specials%29
763926,LIDL #1574,10451,2026-05-23,Lidl Weekly Ad,https://www.lidl.com/flyer,advertised,,,,,,,,,,Matched to chain circular/weekly-ad source.,https://duckduckgo.com/?q=%22LIDL%20%231574%22%20%2210451%22%20%28%22weekly%20ad%22%20OR%20circular%20OR%20flyer%20OR%20specials%29
750779,MAXX GROCERY MARKET,10451,,ZIP-targeted web search (manual verify),https://duckduckgo.com/?q=%22MAXX%20GROCERY%20MARKET%22%20%2210451%22%20%28%22weekly%20ad%22%20OR%20circular%20OR%20flyer%20OR%20specials%29,advertised,,,,,,,,,,"Second-pass ZIP-targeted search URL. Open link, verify official store ad/circular, then replace with confirmed source URL.",https://duckduckgo.com/?q=%22MAXX%20GROCERY%20MARKET%22%20%2210451%22%20%28%22weekly%20ad%22%20OR%20circular%20OR%20flyer%20OR%20specials%29
758170,NEW STOP GROCERY,10451,,ZIP-targeted web search (manual verify),https://duckduckgo.com/?q=%22NEW%20STOP%20GROCERY%22%20%2210451%22%20%28%22weekly%20ad%22%20OR%20circular%20OR%20flyer%20OR%20specials%29,advertised,,,,,,,,,,"Second-pass ZIP-targeted search URL. Open link, verify official store ad/circular, then replace with confirmed source URL.",https://duckduckgo.com/?q=%22NEW%20STOP%20GROCERY%22%20%2210451%22%20%28%22weekly%20ad%22%20OR%20circular%20OR%20flyer%20OR%20specials%29
603826,NOBOA GROCERY,10451,,ZIP-targeted web search (manual verify),https://duckduckgo.com/?q=%22NOBOA%20GROCERY%22%20%2210451%22%20%28%22weekly%20ad%22%20OR%20circular%20OR%20flyer%20OR%20specials%29,advertised,,,,,,,,,,"Second-pass ZIP-targeted search URL. Open link, verify official store ad/circular, then replace with confirmed source URL.",https://duckduckgo.com/?q=%22NOBOA%20GROCERY%22%20%2210451%22%20%28%22weekly%20ad%22%20OR%20circular%20OR%20flyer%20OR%20specials%29
605696,WESTERN BEEF 10,10451,2026-05-23,Western Beef Weekly Sales,https://www.westernbeef.com/sales,advertised,,,,,,,,,,Matched to chain circular/weekly-ad source.,https://duckduckgo.com/?q=%22WESTERN%20BEEF%2010%22%20%2210451%22%20%28%22weekly%20ad%22%20OR%20circular%20OR%20flyer%20OR%20specials%29
604821,1296 RIVERA GROCERY,10452,,ZIP-targeted web search (manual verify),https://duckduckgo.com/?q=%221296%20RIVERA%20GROCERY%22%20%2210452%22%20%28%22weekly%20ad%22%20OR%20circular%20OR%20flyer%20OR%20specials%29,advertised,,,,,,,,,,"Second-pass ZIP-targeted search URL. Open link, verify official store ad/circular, then replace with confirmed source URL.",https://duckduckgo.com/?q=%221296%20RIVERA%20GROCERY%22%20%2210452%22%20%28%22weekly%20ad%22%20OR%20circular%20OR%20flyer%20OR%20specials%29
604311,1359 OGDEN GROCERY,10452,,ZIP-targeted web search (manual verify),https://duckduckgo.com/?q=%221359%20OGDEN%20GROCERY%22%20%2210452%22%20%28%22weekly%20ad%22%20OR%20circular%20OR%20flyer%20OR%20specials%29,advertised,,,,,,,,,,"Second-pass ZIP-targeted search URL. Open link, verify official store ad/circular, then replace with confirmed source URL.",https://duckduckgo.com/?q=%221359%20OGDEN%20GROCERY%22%20%2210452%22%20%28%22weekly%20ad%22%20OR%20circular%20OR%20flyer%20OR%20specials%29
741991,170TH STREET GROCERY,10452,,ZIP-targeted web search (manual verify),https://duckduckgo.com/?q=%22170TH%20STREET%20GROCERY%22%20%2210452%22%20%28%22weekly%20ad%22%20OR%20circular%20OR%20flyer%20OR%20specials%29,advertised,,,,,,,,,,"Second-pass ZIP-targeted search URL. Open link, verify official store ad/circular, then replace with confirmed source URL.",https://duckduckgo.com/?q=%22170TH%20STREET%20GROCERY%22%20%2210452%22%20%28%22weekly%20ad%22%20OR%20circular%20OR%20flyer%20OR%20specials%29
608702,180 PENA GROCERY,10452,,ZIP-targeted web search (manual verify),https://duckduckgo.com/?q=%22180%20PENA%20GROCERY%22%20%2210452%22%20%28%22weekly%20ad%22%20OR%20circular%20OR%20flyer%20OR%20specials%29,advertised,,,,,,,,,,"Second-pass ZIP-targeted search URL. Open link, verify official store ad/circular, then replace with confirmed source URL.",https://duckduckgo.com/?q=%22180%20PENA%20GROCERY%22%20%2210452%22%20%28%22weekly%20ad%22%20OR%20circular%20OR%20flyer%20OR%20specials%29
765782,82 GROCERY CANDY,10452,,ZIP-targeted web search (manual verify),https://duckduckgo.com/?q=%2282%20GROCERY%20CANDY%22%20%2210452%22%20%28%22weekly%20ad%22%20OR%20circular%20OR%20flyer%20OR%20specials%29,advertised,,,,,,,,,,"Second-pass ZIP-targeted search URL. Open link, verify official store ad/circular, then replace with confirmed source URL.",https://duckduckgo.com/?q=%2282%20GROCERY%20CANDY%22%20%2210452%22%20%28%22weekly%20ad%22%20OR%20circular%20OR%20flyer%20OR%20specials%29
708895,ANTILLANA & METRO SUPERMARKET,10452,,ZIP-targeted web search (manual verify),https://duckduckgo.com/?q=%22ANTILLANA%20%26%20METRO%20SUPERMARKET%22%20%2210452%22%20%28%22weekly%20ad%22%20OR%20circular%20OR%20flyer%20OR%20specials%29,advertised,,,,,,,,,,"Second-pass ZIP-targeted search URL. Open link, verify official store ad/circular, then replace with confirmed source URL.",https://duckduckgo.com/?q=%22ANTILLANA%20%26%20METRO%20SUPERMARKET%22%20%2210452%22%20%28%22weekly%20ad%22%20OR%20circular%20OR%20flyer%20OR%20specials%29
606071,BRAVO SUPERMARKET,10452,2026-05-23,Bravo Supermarkets Weekly Circular,https://www.bravosupermarkets.com/weekly-circular,advertised,,,,,,,,,,Matched to chain circular/weekly-ad source.,https://duckduckgo.com/?q=%22BRAVO%20SUPERMARKET%22%20%2210452%22%20%28%22weekly%20ad%22%20OR%20circular%20OR%20flyer%20OR%20specials%29
759461,BUCKMART GROCERY,10452,,ZIP-targeted web search (manual verify),https://duckduckgo.com/?q=%22BUCKMART%20GROCERY%22%20%2210452%22%20%28%22weekly%20ad%22%20OR%20circular%20OR%20flyer%20OR%20specials%29,advertised,,,,,,,,,,"Second-pass ZIP-targeted search URL. Open link, verify official store ad/circular, then replace with confirmed source URL.",https://duckduckgo.com/?q=%22BUCKMART%20GROCERY%22%20%2210452%22%20%28%22weekly%20ad%22%20OR%20circular%20OR%20flyer%20OR%20specials%29
759439,CRUNCH & MUNCH GROCERY,10452,,ZIP-targeted web search (manual verify),https://duckduckgo.com/?q=%22CRUNCH%20%26%20MUNCH%20GROCERY%22%20%2210452%22%20%28%22weekly%20ad%22%20OR%20circular%20OR%20flyer%20OR%20specials%29,advertised,,,,,,,,,,"Second-pass ZIP-targeted search URL. Open link, verify official store ad/circular, then replace with confirmed source URL.",https://duckduckgo.com/?q=%22CRUNCH%20%26%20MUNCH%20GROCERY%22%20%2210452%22%20%28%22weekly%20ad%22%20OR%20circular%20OR%20flyer%20OR%20specials%29
710759,ESPERANZA GROCERY,10452,,ZIP-targeted web search (manual verify),https://duckduckgo.com/?q=%22ESPERANZA%20GROCERY%22%20%2210452%22%20%28%22weekly%20ad%22%20OR%20circular%20OR%20flyer%20OR%20specials%29,advertised,,,,,,,,,,"Second-pass ZIP-targeted search URL. Open link, verify official store ad/circular, then replace with confirmed source URL.",https://duckduckgo.com/?q=%22ESPERANZA%20GROCERY%22%20%2210452%22%20%28%22weekly%20ad%22%20OR%20circular%20OR%20flyer%20OR%20specials%29
708020,FEATHERBED LANE GROCERY,10452,,ZIP-targeted web search (manual verify),https://duckduckgo.com/?q=%22FEATHERBED%20LANE%20GROCERY%22%20%2210452%22%20%28%22weekly%20ad%22%20OR%20circular%20OR%20flyer%20OR%20specials%29,advertised,,,,,,,,,,"Second-pass ZIP-targeted search URL. Open link, verify official store ad/circular, then replace with confirmed source URL.",https://duckduckgo.com/?q=%22FEATHERBED%20LANE%20GROCERY%22%20%2210452%22%20%28%22weekly%20ad%22%20OR%20circular%20OR%20flyer%20OR%20specials%29
603933,FINE FARE SUPERMARKET,10452,2026-05-23,Fine Fare Store Site,https://www.finefaresupermarkets.com/,advertised,,,,,,,,,,Matched to chain circular/weekly-ad source.,https://duckduckgo.com/?q=%22FINE%20FARE%20SUPERMARKET%22%20%2210452%22%20%28%22weekly%20ad%22%20OR%20circular%20OR%20flyer%20OR%20specials%29
753841,HIGHBRIDGE GROCERY,10452,,ZIP-targeted web search (manual verify),https://duckduckgo.com/?q=%22HIGHBRIDGE%20GROCERY%22%20%2210452%22%20%28%22weekly%20ad%22%20OR%20circular%20OR%20flyer%20OR%20specials%29,advertised,,,,,,,,,,"Second-pass ZIP-targeted search URL. Open link, verify official store ad/circular, then replace with confirmed source URL.",https://duckduckgo.com/?q=%22HIGHBRIDGE%20GROCERY%22%20%2210452%22%20%28%22weekly%20ad%22%20OR%20circular%20OR%20flyer%20OR%20specials%29
601241,J&A FRUIT&GROCERY CNTR,10452,,ZIP-targeted web search (manual verify),https://duckduckgo.com/?q=%22J%26A%20FRUIT%26GROCERY%20CNTR%22%20%2210452%22%20%28%22weekly%20ad%22%20OR%20circular%20OR%20flyer%20OR%20specials%29,advertised,,,,,,,,,,"Second-pass ZIP-targeted search URL. Open link, verify official store ad/circular, then replace with confirmed source URL.",https://duckduckgo.com/?q=%22J%26A%20FRUIT%26GROCERY%20CNTR%22%20%2210452%22%20%28%22weekly%20ad%22%20OR%20circular%20OR%20flyer%20OR%20specials%29
746838,JOBU GROCERY,10452,,ZIP-targeted web search (manual verify),https://duckduckgo.com/?q=%22JOBU%20GROCERY%22%20%2210452%22%20%28%22weekly%20ad%22%20OR%20circular%20OR%20flyer%20OR%20specials%29,advertised,,,,,,,,,,"Second-pass ZIP-targeted search URL. Open link, verify official store ad/circular, then replace with confirmed source URL.",https://duckduckgo.com/?q=%22JOBU%20GROCERY%22%20%2210452%22%20%28%22weekly%20ad%22%20OR%20circular%20OR%20flyer%20OR%20specials%29
734461,KEY FOOD,10452,2026-05-23,Key Food / Food Universe Flyers,https://www.keyfood.com/flyers,advertised,,,,,,,,,,Matched to chain circular/weekly-ad source.,https://duckduckgo.com/?q=%22KEY%20FOOD%22%20%2210452%22%20%28%22weekly%20ad%22%20OR%20circular%20OR%20flyer%20OR%20specials%29
708115,LA MEXICANA FRUIT AND GROCERY,10452,,ZIP-targeted web search (manual verify),https://duckduckgo.com/?q=%22LA%20MEXICANA%20FRUIT%20AND%20GROCERY%22%20%2210452%22%20%28%22weekly%20ad%22%20OR%20circular%20OR%20flyer%20OR%20specials%29,advertised,,,,,,,,,,"Second-pass ZIP-targeted search URL. Open link, verify official store ad/circular, then replace with confirmed source URL.",https://duckduckgo.com/?q=%22LA%20MEXICANA%20FRUIT%20AND%20GROCERY%22%20%2210452%22%20%28%22weekly%20ad%22%20OR%20circular%20OR%20flyer%20OR%20specials%29
744973,LA MILAGROSA GROCERY,10452,,ZIP-targeted web search (manual verify),https://duckduckgo.com/?q=%22LA%20MILAGROSA%20GROCERY%22%20%2210452%22%20%28%22weekly%20ad%22%20OR%20circular%20OR%20flyer%20OR%20specials%29,advertised,,,,,,,,,,"Second-pass ZIP-targeted search URL. Open link, verify official store ad/circular, then replace with confirmed source URL.",https://duckduckgo.com/?q=%22LA%20MILAGROSA%20GROCERY%22%20%2210452%22%20%28%22weekly%20ad%22%20OR%20circular%20OR%20flyer%20OR%20specials%29
732003,LA PRESUMIDA GROCERY,10452,,ZIP-targeted web search (manual verify),https://duckduckgo.com/?q=%22LA%20PRESUMIDA%20GROCERY%22%20%2210452%22%20%28%22weekly%20ad%22%20OR%20circular%20OR%20flyer%20OR%20specials%29,advertised,,,,,,,,,,"Second-pass ZIP-targeted search URL. Open link, verify official store ad/circular, then replace with confirmed source URL.",https://duckduckgo.com/?q=%22LA%20PRESUMIDA%20GROCERY%22%20%2210452%22%20%28%22weekly%20ad%22%20OR%20circular%20OR%20flyer%20OR%20specials%29
607815,MARINS GROCERY & CANDY,10452,,ZIP-targeted web search (manual verify),https://duckduckgo.com/?q=%22MARINS%20GROCERY%20%26%20CANDY%22%20%2210452%22%20%28%22weekly%20ad%22%20OR%20circular%20OR%20flyer%20OR%20specials%29,advertised,,,,,,,,,,"Second-pass ZIP-targeted search URL. Open link, verify official store ad/circular, then replace with confirmed source URL.",https://duckduckgo.com/?q=%22MARINS%20GROCERY%20%26%20CANDY%22%20%2210452%22%20%28%22weekly%20ad%22%20OR%20circular%20OR%20flyer%20OR%20specials%29
604848,NAGUABO GROCERY,10452,,ZIP-targeted web search (manual verify),https://duckduckgo.com/?q=%22NAGUABO%20GROCERY%22%20%2210452%22%20%28%22weekly%20ad%22%20OR%20circular%20OR%20flyer%20OR%20specials%29,advertised,,,,,,,,,,"Second-pass ZIP-targeted search URL. Open link, verify official store ad/circular, then replace with confirmed source URL.",https://duckduckgo.com/?q=%22NAGUABO%20GROCERY%22%20%2210452%22%20%28%22weekly%20ad%22%20OR%20circular%20OR%20flyer%20OR%20specials%29
705781,ROYAL ONE STOP SUPERMARKET,10452,,ZIP-targeted web search (manual verify),https://duckduckgo.com/?q=%22ROYAL%20ONE%20STOP%20SUPERMARKET%22%20%2210452%22%20%28%22weekly%20ad%22%20OR%20circular%20OR%20flyer%20OR%20specials%29,advertised,,,,,,,,,,"Second-pass ZIP-targeted search URL. Open link, verify official store ad/circular, then replace with confirmed source URL.",https://duckduckgo.com/?q=%22ROYAL%20ONE%20STOP%20SUPERMARKET%22%20%2210452%22%20%28%22weekly%20ad%22%20OR%20circular%20OR%20flyer%20OR%20specials%29
748678,SUPERFRESH KEY FOOD,10452,2026-05-23,Key Food / Food Universe Flyers,https://www.keyfood.com/flyers,advertised,,,,,,,,,,Matched to chain circular/weekly-ad source.,https://duckduckgo.com/?q=%22SUPERFRESH%20KEY%20FOOD%22%20%2210452%22%20%28%22weekly%20ad%22%20OR%20circular%20OR%20flyer%20OR%20specials%29
732717,ADRIAN GROCERY STORE,10453,,ZIP-targeted web search (manual verify),https://duckduckgo.com/?q=%22ADRIAN%20GROCERY%20STORE%22%20%2210453%22%20%28%22weekly%20ad%22%20OR%20circular%20OR%20flyer%20OR%20specials%29,advertised,,,,,,,,,,"Second-pass ZIP-targeted search URL. Open link, verify official store ad/circular, then replace with confirmed source URL.",https://duckduckgo.com/?q=%22ADRIAN%20GROCERY%20STORE%22%20%2210453%22%20%28%22weekly%20ad%22%20OR%20circular%20OR%20flyer%20OR%20specials%29
725378,AMOR SUPERMARKET,10453,,ZIP-targeted web search (manual verify),https://duckduckgo.com/?q=%22AMOR%20SUPERMARKET%22%20%2210453%22%20%28%22weekly%20ad%22%20OR%20circular%20OR%20flyer%20OR%20specials%29,advertised,,,,,,,,,,"Second-pass ZIP-targeted search URL. Open link, verify official store ad/circular, then replace with confirmed source URL.",https://duckduckgo.com/?q=%22AMOR%20SUPERMARKET%22%20%2210453%22%20%28%22weekly%20ad%22%20OR%20circular%20OR%20flyer%20OR%20specials%29
607764,ASSOCIATED,10453,2026-05-23,Associated Supermarkets Weekly Ad,https://www.yapik.com/us/associated-supermarkets/weekly-ad,advertised,,,,,,,,,,Matched to third-party weekly-ad index for this chain; verify store-specific ad before final use.,https://duckduckgo.com/?q=%22ASSOCIATED%22%20%2210453%22%20%28%22weekly%20ad%22%20OR%20circular%20OR%20flyer%20OR%20specials%29
609226,BONOFUL GROCERY,10453,,ZIP-targeted web search (manual verify),https://duckduckgo.com/?q=%22BONOFUL%20GROCERY%22%20%2210453%22%20%28%22weekly%20ad%22%20OR%20circular%20OR%20flyer%20OR%20specials%29,advertised,,,,,,,,,,"Second-pass ZIP-targeted search URL. Open link, verify official store ad/circular, then replace with confirmed source URL.",https://duckduckgo.com/?q=%22BONOFUL%20GROCERY%22%20%2210453%22%20%28%22weekly%20ad%22%20OR%20circular%20OR%20flyer%20OR%20specials%29
607919,BRAVO SUPERMARKET,10453,2026-05-23,Bravo Supermarkets Weekly Circular,https://www.bravosupermarkets.com/weekly-circular,advertised,,,,,,,,,,Matched to chain circular/weekly-ad source.,https://duckduckgo.com/?q=%22BRAVO%20SUPERMARKET%22%20%2210453%22%20%28%22weekly%20ad%22%20OR%20circular%20OR%20flyer%20OR%20specials%29
735651,DONA JUANA GROCERY STORE,10453,,ZIP-targeted web search (manual verify),https://duckduckgo.com/?q=%22DONA%20JUANA%20GROCERY%20STORE%22%20%2210453%22%20%28%22weekly%20ad%22%20OR%20circular%20OR%20flyer%20OR%20specials%29,advertised,,,,,,,,,,"Second-pass ZIP-targeted search URL. Open link, verify official store ad/circular, then replace with confirmed source URL.",https://duckduckgo.com/?q=%22DONA%20JUANA%20GROCERY%20STORE%22%20%2210453%22%20%28%22weekly%20ad%22%20OR%20circular%20OR%20flyer%20OR%20specials%29
752967,ELA POSTRES GROCERY,10453,,ZIP-targeted web search (manual verify),https://duckduckgo.com/?q=%22ELA%20POSTRES%20GROCERY%22%20%2210453%22%20%28%22weekly%20ad%22%20OR%20circular%20OR%20flyer%20OR%20specials%29,advertised,,,,,,,,,,"Second-pass ZIP-targeted search URL. Open link, verify official store ad/circular, then replace with confirmed source URL.",https://duckduckgo.com/?q=%22ELA%20POSTRES%20GROCERY%22%20%2210453%22%20%28%22weekly%20ad%22%20OR%20circular%20OR%20flyer%20OR%20specials%29
757964,JEROME AVE DOLLAR DISCOUNT & GROCERY,10453,,ZIP-targeted web search (manual verify),https://duckduckgo.com/?q=%22JEROME%20AVE%20DOLLAR%20DISCOUNT%20%26%20GROCERY%22%20%2210453%22%20%28%22weekly%20ad%22%20OR%20circular%20OR%20flyer%20OR%20specials%29,advertised,,,,,,,,,,"Second-pass ZIP-targeted search URL. Open link, verify official store ad/circular, then replace with confirmed source URL.",https://duckduckgo.com/?q=%22JEROME%20AVE%20DOLLAR%20DISCOUNT%20%26%20GROCERY%22%20%2210453%22%20%28%22weekly%20ad%22%20OR%20circular%20OR%20flyer%20OR%20specials%29
603138,JOSELYN GROCERY,10453,,ZIP-targeted web search (manual verify),https://duckduckgo.com/?q=%22JOSELYN%20GROCERY%22%20%2210453%22%20%28%22weekly%20ad%22%20OR%20circular%20OR%20flyer%20OR%20specials%29,advertised,,,,,,,,,,"Second-pass ZIP-targeted search URL. Open link, verify official store ad/circular, then replace with confirmed source URL.",https://duckduckgo.com/?q=%22JOSELYN%20GROCERY%22%20%2210453%22%20%28%22weekly%20ad%22%20OR%20circular%20OR%20flyer%20OR%20specials%29
719769,JULIAN GROCERY,10453,,ZIP-targeted web search (manual verify),https://duckduckgo.com/?q=%22JULIAN%20GROCERY%22%20%2210453%22%20%28%22weekly%20ad%22%20OR%20circular%20OR%20flyer%20OR%20specials%29,advertised,,,,,,,,,,"Second-pass ZIP-targeted search URL. Open link, verify official store ad/circular, then replace with confirmed source URL.",https://duckduckgo.com/?q=%22JULIAN%20GROCERY%22%20%2210453%22%20%28%22weekly%20ad%22%20OR%20circular%20OR%20flyer%20OR%20specials%29
606778,KEY FOOD,10453,2026-05-23,Key Food / Food Universe Flyers,https://www.keyfood.com/flyers,advertised,,,,,,,,,,Matched to chain circular/weekly-ad source.,https://duckduckgo.com/?q=%22KEY%20FOOD%22%20%2210453%22%20%28%22weekly%20ad%22%20OR%20circular%20OR%20flyer%20OR%20specials%29
763102,LA GRAND GROCERY,10453,,ZIP-targeted web search (manual verify),https://duckduckgo.com/?q=%22LA%20GRAND%20GROCERY%22%20%2210453%22%20%28%22weekly%20ad%22%20OR%20circular%20OR%20flyer%20OR%20specials%29,advertised,,,,,,,,,,"Second-pass ZIP-targeted search URL. Open link, verify official store ad/circular, then replace with confirmed source URL.",https://duckduckgo.com/?q=%22LA%20GRAND%20GROCERY%22%20%2210453%22%20%28%22weekly%20ad%22%20OR%20circular%20OR%20flyer%20OR%20specials%29
724012,LC GROCERY STORE,10453,,ZIP-targeted web search (manual verify),https://duckduckgo.com/?q=%22LC%20GROCERY%20STORE%22%20%2210453%22%20%28%22weekly%20ad%22%20OR%20circular%20OR%20flyer%20OR%20specials%29,advertised,,,,,,,,,,"Second-pass ZIP-targeted search URL. Open link, verify official store ad/circular, then replace with confirmed source URL.",https://duckduckgo.com/?q=%22LC%20GROCERY%20STORE%22%20%2210453%22%20%28%22weekly%20ad%22%20OR%20circular%20OR%20flyer%20OR%20specials%29
606220,PIONEER SUPERMARKET,10453,2026-05-23,Pioneer Supermarkets Store Site,https://www.pioneersupermarkets.com/,advertised,,,,,,,,,,Matched to chain circular/weekly-ad source.,https://duckduckgo.com/?q=%22PIONEER%20SUPERMARKET%22%20%2210453%22%20%28%22weekly%20ad%22%20OR%20circular%20OR%20flyer%20OR%20specials%29
600774,SANTIAGO GROCERY,10453,,ZIP-targeted web search (manual verify),https://duckduckgo.com/?q=%22SANTIAGO%20GROCERY%22%20%2210453%22%20%28%22weekly%20ad%22%20OR%20circular%20OR%20flyer%20OR%20specials%29,advertised,,,,,,,,,,"Second-pass ZIP-targeted search URL. Open link, verify official store ad/circular, then replace with confirmed source URL.",https://duckduckgo.com/?q=%22SANTIAGO%20GROCERY%22%20%2210453%22%20%28%22weekly%20ad%22%20OR%20circular%20OR%20flyer%20OR%20specials%29
757825,TU PODEROSA GROCERY STORE,10453,,ZIP-targeted web search (manual verify),https://duckduckgo.com/?q=%22TU%20PODEROSA%20GROCERY%20STORE%22%20%2210453%22%20%28%22weekly%20ad%22%20OR%20circular%20OR%20flyer%20OR%20specials%29,advertised,,,,,,,,,,"Second-pass ZIP-targeted search URL. Open link, verify official store ad/circular, then replace with confirmed source URL.",https://duckduckgo.com/?q=%22TU%20PODEROSA%20GROCERY%20STORE%22%20%2210453%22%20%28%22weekly%20ad%22%20OR%20circular%20OR%20flyer%20OR%20specials%29
748857,VIDANIA GROCERY STORE,10453,,ZIP-targeted web search (manual verify),https://duckduckgo.com/?q=%22VIDANIA%20GROCERY%20STORE%22%20%2210453%22%20%28%22weekly%20ad%22%20OR%20circular%20OR%20flyer%20OR%20specials%29,advertised,,,,,,,,,,"Second-pass ZIP-targeted search URL. Open link, verify official store ad/circular, then replace with confirmed source URL.",https://duckduckgo.com/?q=%22VIDANIA%20GROCERY%20STORE%22%20%2210453%22%20%28%22weekly%20ad%22%20OR%20circular%20OR%20flyer%20OR%20specials%29
752066,362 GROCERY,10454,,ZIP-targeted web search (manual verify),https://duckduckgo.com/?q=%22362%20GROCERY%22%20%2210454%22%20%28%22weekly%20ad%22%20OR%20circular%20OR%20flyer%20OR%20specials%29,advertised,,,,,,,,,,"Second-pass ZIP-targeted search URL. Open link, verify official store ad/circular, then replace with confirmed source URL.",https://duckduckgo.com/?q=%22362%20GROCERY%22%20%2210454%22%20%28%22weekly%20ad%22%20OR%20circular%20OR%20flyer%20OR%20specials%29
605801,383 CAPELLAN GROCERY,10454,,ZIP-targeted web search (manual verify),https://duckduckgo.com/?q=%22383%20CAPELLAN%20GROCERY%22%20%2210454%22%20%28%22weekly%20ad%22%20OR%20circular%20OR%20flyer%20OR%20specials%29,advertised,,,,,,,,,,"Second-pass ZIP-targeted search URL. Open link, verify official store ad/circular, then replace with confirmed source URL.",https://duckduckgo.com/?q=%22383%20CAPELLAN%20GROCERY%22%20%2210454%22%20%28%22weekly%20ad%22%20OR%20circular%20OR%20flyer%20OR%20specials%29
608493,548 CANDY GROCERY,10454,,ZIP-targeted web search (manual verify),https://duckduckgo.com/?q=%22548%20CANDY%20GROCERY%22%20%2210454%22%20%28%22weekly%20ad%22%20OR%20circular%20OR%20flyer%20OR%20specials%29,advertised,,,,,,,,,,"Second-pass ZIP-targeted search URL. Open link, verify official store ad/circular, then replace with confirmed source URL.",https://duckduckgo.com/?q=%22548%20CANDY%20GROCERY%22%20%2210454%22%20%28%22weekly%20ad%22%20OR%20circular%20OR%20flyer%20OR%20specials%29
718305,DON JOSE MEXICANS GROCERY,10454,,ZIP-targeted web search (manual verify),https://duckduckgo.com/?q=%22DON%20JOSE%20MEXICANS%20GROCERY%22%20%2210454%22%20%28%22weekly%20ad%22%20OR%20circular%20OR%20flyer%20OR%20specials%29,advertised,,,,,,,,,,"Second-pass ZIP-targeted search URL. Open link, verify official store ad/circular, then replace with confirmed source URL.",https://duckduckgo.com/?q=%22DON%20JOSE%20MEXICANS%20GROCERY%22%20%2210454%22%20%28%22weekly%20ad%22%20OR%20circular%20OR%20flyer%20OR%20specials%29
746806,EL PUEBLO MEXICANO FRUIT & GROCERY,10454,,ZIP-targeted web search (manual verify),https://duckduckgo.com/?q=%22EL%20PUEBLO%20MEXICANO%20FRUIT%20%26%20GROCERY%22%20%2210454%22%20%28%22weekly%20ad%22%20OR%20circular%20OR%20flyer%20OR%20specials%29,advertised,,,,,,,,,,"Second-pass ZIP-targeted search URL. Open link, verify official store ad/circular, then replace with confirmed source URL.",https://duckduckgo.com/?q=%22EL%20PUEBLO%20MEXICANO%20FRUIT%20%26%20GROCERY%22%20%2210454%22%20%28%22weekly%20ad%22%20OR%20circular%20OR%20flyer%20OR%20specials%29
608247,MEXICANS GROCERY,10454,,ZIP-targeted web search (manual verify),https://duckduckgo.com/?q=%22MEXICANS%20GROCERY%22%20%2210454%22%20%28%22weekly%20ad%22%20OR%20circular%20OR%20flyer%20OR%20specials%29,advertised,,,,,,,,,,"Second-pass ZIP-targeted search URL. Open link, verify official store ad/circular, then replace with confirmed source URL.",https://duckduckgo.com/?q=%22MEXICANS%20GROCERY%22%20%2210454%22%20%28%22weekly%20ad%22%20OR%20circular%20OR%20flyer%20OR%20specials%29
760453,MOODY GROCERY,10454,,ZIP-targeted web search (manual verify),https://duckduckgo.com/?q=%22MOODY%20GROCERY%22%20%2210454%22%20%28%22weekly%20ad%22%20OR%20circular%20OR%20flyer%20OR%20specials%29,advertised,,,,,,,,,,"Second-pass ZIP-targeted search URL. Open link, verify official store ad/circular, then replace with confirmed source URL.",https://duckduckgo.com/?q=%22MOODY%20GROCERY%22%20%2210454%22%20%28%22weekly%20ad%22%20OR%20circular%20OR%20flyer%20OR%20specials%29
749523,MOTT HAVEN GROCERY,10454,,ZIP-targeted web search (manual verify),https://duckduckgo.com/?q=%22MOTT%20HAVEN%20GROCERY%22%20%2210454%22%20%28%22weekly%20ad%22%20OR%20circular%20OR%20flyer%20OR%20specials%29,advertised,,,,,,,,,,"Second-pass ZIP-targeted search URL. Open link, verify official store ad/circular, then replace with confirmed source URL.",https://duckduckgo.com/?q=%22MOTT%20HAVEN%20GROCERY%22%20%2210454%22%20%28%22weekly%20ad%22%20OR%20circular%20OR%20flyer%20OR%20specials%29
738421,PIONEER SUPERMARKET,10454,2026-05-23,Pioneer Supermarkets Store Site,https://www.pioneersupermarkets.com/,advertised,,,,,,,,,,Matched to chain circular/weekly-ad source.,https://duckduckgo.com/?q=%22PIONEER%20SUPERMARKET%22%20%2210454%22%20%28%22weekly%20ad%22%20OR%20circular%20OR%20flyer%20OR%20specials%29
603800,PIONEER SUPERMARKET,10454,2026-05-23,Pioneer Supermarkets Store Site,https://www.pioneersupermarkets.com/,advertised,,,,,,,,,,Matched to chain circular/weekly-ad source.,https://duckduckgo.com/?q=%22PIONEER%20SUPERMARKET%22%20%2210454%22%20%28%22weekly%20ad%22%20OR%20circular%20OR%20flyer%20OR%20specials%29
759721,RAMIREZ GROCERY,10454,,ZIP-targeted web search (manual verify),https://duckduckgo.com/?q=%22RAMIREZ%20GROCERY%22%20%2210454%22%20%28%22weekly%20ad%22%20OR%20circular%20OR%20flyer%20OR%20specials%29,advertised,,,,,,,,,,"Second-pass ZIP-targeted search URL. Open link, verify official store ad/circular, then replace with confirmed source URL.",https://duckduckgo.com/?q=%22RAMIREZ%20GROCERY%22%20%2210454%22%20%28%22weekly%20ad%22%20OR%20circular%20OR%20flyer%20OR%20specials%29
757686,SHOP FAIR SUPERMARKET,10454,2026-05-23,Shop Fair Weekly Circular,https://www.shopfairsupermarkets.com/Circular4Page.aspx,advertised,,,,,,,,,,Matched to chain circular/weekly-ad source.,https://duckduckgo.com/?q=%22SHOP%20FAIR%20SUPERMARKET%22%20%2210454%22%20%28%22weekly%20ad%22%20OR%20circular%20OR%20flyer%20OR%20specials%29
747695,TELLO GROCERY,10454,,ZIP-targeted web search (manual verify),https://duckduckgo.com/?q=%22TELLO%20GROCERY%22%20%2210454%22%20%28%22weekly%20ad%22%20OR%20circular%20OR%20flyer%20OR%20specials%29,advertised,,,,,,,,,,"Second-pass ZIP-targeted search URL. Open link, verify official store ad/circular, then replace with confirmed source URL.",https://duckduckgo.com/?q=%22TELLO%20GROCERY%22%20%2210454%22%20%28%22weekly%20ad%22%20OR%20circular%20OR%20flyer%20OR%20specials%29
761416,10 DAYS GROCERY,10455,,ZIP-targeted web search (manual verify),https://duckduckgo.com/?q=%2210%20DAYS%20GROCERY%22%20%2210455%22%20%28%22weekly%20ad%22%20OR%20circular%20OR%20flyer%20OR%20specials%29,advertised,,,,,,,,,,"Second-pass ZIP-targeted search URL. Open link, verify official store ad/circular, then replace with confirmed source URL.",https://duckduckgo.com/?q=%2210%20DAYS%20GROCERY%22%20%2210455%22%20%28%22weekly%20ad%22%20OR%20circular%20OR%20flyer%20OR%20specials%29
603058,520 EAST GROCERY,10455,,ZIP-targeted web search (manual verify),https://duckduckgo.com/?q=%22520%20EAST%20GROCERY%22%20%2210455%22%20%28%22weekly%20ad%22%20OR%20circular%20OR%20flyer%20OR%20specials%29,advertised,,,,,,,,,,"Second-pass ZIP-targeted search URL. Open link, verify official store ad/circular, then replace with confirmed source URL.",https://duckduckgo.com/?q=%22520%20EAST%20GROCERY%22%20%2210455%22%20%28%22weekly%20ad%22%20OR%20circular%20OR%20flyer%20OR%20specials%29
733306,549 GROCERY,10455,,ZIP-targeted web search (manual verify),https://duckduckgo.com/?q=%22549%20GROCERY%22%20%2210455%22%20%28%22weekly%20ad%22%20OR%20circular%20OR%20flyer%20OR%20specials%29,advertised,,,,,,,,,,"Second-pass ZIP-targeted search URL. Open link, verify official store ad/circular, then replace with confirmed source URL.",https://duckduckgo.com/?q=%22549%20GROCERY%22%20%2210455%22%20%28%22weekly%20ad%22%20OR%20circular%20OR%20flyer%20OR%20specials%29
744441,ADEN GROCERY,10455,,ZIP-targeted web search (manual verify),https://duckduckgo.com/?q=%22ADEN%20GROCERY%22%20%2210455%22%20%28%22weekly%20ad%22%20OR%20circular%20OR%20flyer%20OR%20specials%29,advertised,,,,,,,,,,"Second-pass ZIP-targeted search URL. Open link, verify official store ad/circular, then replace with confirmed source URL.",https://duckduckgo.com/?q=%22ADEN%20GROCERY%22%20%2210455%22%20%28%22weekly%20ad%22%20OR%20circular%20OR%20flyer%20OR%20specials%29
709501,ALDI 8,10455,2026-05-23,ALDI Weekly Ad,https://www.aldi.us/weekly-specials/our-weekly-ads/,advertised,,,,,,,,,,Matched to chain circular/weekly-ad source.,https://duckduckgo.com/?q=%22ALDI%208%22%20%2210455%22%20%28%22weekly%20ad%22%20OR%20circular%20OR%20flyer%20OR%20specials%29
738539,BRAVO SUPERMARKET,10455,2026-05-23,Bravo Supermarkets Weekly Circular,https://www.bravosupermarkets.com/weekly-circular,advertised,,,,,,,,,,Matched to chain circular/weekly-ad source.,https://duckduckgo.com/?q=%22BRAVO%20SUPERMARKET%22%20%2210455%22%20%28%22weekly%20ad%22%20OR%20circular%20OR%20flyer%20OR%20specials%29
600246,C-TOWN SUPERMARKET,10455,2026-05-23,CTown Weekly Ad,https://www.ctownsupermarkets.com/Weekly-Ad,advertised,,,,,,,,,,Matched to chain circular/weekly-ad source.,https://duckduckgo.com/?q=%22C-TOWN%20SUPERMARKET%22%20%2210455%22%20%28%22weekly%20ad%22%20OR%20circular%20OR%20flyer%20OR%20specials%29
740227,D MI MUNECA GROCERY,10455,,ZIP-targeted web search (manual verify),https://duckduckgo.com/?q=%22D%20MI%20MUNECA%20GROCERY%22%20%2210455%22%20%28%22weekly%20ad%22%20OR%20circular%20OR%20flyer%20OR%20specials%29,advertised,,,,,,,,,,"Second-pass ZIP-targeted search URL. Open link, verify official store ad/circular, then replace with confirmed source URL.",https://duckduckgo.com/?q=%22D%20MI%20MUNECA%20GROCERY%22%20%2210455%22%20%28%22weekly%20ad%22%20OR%20circular%20OR%20flyer%20OR%20specials%29
751608,EL CATRIN MEXICAN GROCERY,10455,,ZIP-targeted web search (manual verify),https://duckduckgo.com/?q=%22EL%20CATRIN%20MEXICAN%20GROCERY%22%20%2210455%22%20%28%22weekly%20ad%22%20OR%20circular%20OR%20flyer%20OR%20specials%29,advertised,,,,,,,,,,"Second-pass ZIP-targeted search URL. Open link, verify official store ad/circular, then replace with confirmed source URL.",https://duckduckgo.com/?q=%22EL%20CATRIN%20MEXICAN%20GROCERY%22%20%2210455%22%20%28%22weekly%20ad%22%20OR%20circular%20OR%20flyer%20OR%20specials%29
742486,MET FOOD MARKET,10455,2026-05-23,Met Foods Weekly Ad,https://www.metfoods.com/weekly-ad/,advertised,,,,,,,,,,Matched to chain circular/weekly-ad source.,https://duckduckgo.com/?q=%22MET%20FOOD%20MARKET%22%20%2210455%22%20%28%22weekly%20ad%22%20OR%20circular%20OR%20flyer%20OR%20specials%29
608983,REAL SUPERMARKET,10455,,ZIP-targeted web search (manual verify),https://duckduckgo.com/?q=%22REAL%20SUPERMARKET%22%20%2210455%22%20%28%22weekly%20ad%22%20OR%20circular%20OR%20flyer%20OR%20specials%29,advertised,,,,,,,,,,"Second-pass ZIP-targeted search URL. Open link, verify official store ad/circular, then replace with confirmed source URL.",https://duckduckgo.com/?q=%22REAL%20SUPERMARKET%22%20%2210455%22%20%28%22weekly%20ad%22%20OR%20circular%20OR%20flyer%20OR%20specials%29
600350,RODRIGUEZ GROCERY,10455,,ZIP-targeted web search (manual verify),https://duckduckgo.com/?q=%22RODRIGUEZ%20GROCERY%22%20%2210455%22%20%28%22weekly%20ad%22%20OR%20circular%20OR%20flyer%20OR%20specials%29,advertised,,,,,,,,,,"Second-pass ZIP-targeted search URL. Open link, verify official store ad/circular, then replace with confirmed source URL.",https://duckduckgo.com/?q=%22RODRIGUEZ%20GROCERY%22%20%2210455%22%20%28%22weekly%20ad%22%20OR%20circular%20OR%20flyer%20OR%20specials%29
758115,SUPER ASSOCIATED FRESH,10455,2026-05-23,Associated Supermarkets Weekly Ad,https://www.yapik.com/us/associated-supermarkets/weekly-ad,advertised,,,,,,,,,,Matched to third-party weekly-ad index for this chain; verify store-specific ad before final use.,https://duckduckgo.com/?q=%22SUPER%20ASSOCIATED%20FRESH%22%20%2210455%22%20%28%22weekly%20ad%22%20OR%20circular%20OR%20flyer%20OR%20specials%29
760386,WALES AVE GROCERY,10455,,ZIP-targeted web search (manual verify),https://duckduckgo.com/?q=%22WALES%20AVE%20GROCERY%22%20%2210455%22%20%28%22weekly%20ad%22%20OR%20circular%20OR%20flyer%20OR%20specials%29,advertised,,,,,,,,,,"Second-pass ZIP-targeted search URL. Open link, verify official store ad/circular, then replace with confirmed source URL.",https://duckduckgo.com/?q=%22WALES%20AVE%20GROCERY%22%20%2210455%22%20%28%22weekly%20ad%22%20OR%20circular%20OR%20flyer%20OR%20specials%29
740372,WILLYS GROCERY STORE,10455,,ZIP-targeted web search (manual verify),https://duckduckgo.com/?q=%22WILLYS%20GROCERY%20STORE%22%20%2210455%22%20%28%22weekly%20ad%22%20OR%20circular%20OR%20flyer%20OR%20specials%29,advertised,,,,,,,,,,"Second-pass ZIP-targeted search URL. Open link, verify official store ad/circular, then replace with confirmed source URL.",https://duckduckgo.com/?q=%22WILLYS%20GROCERY%20STORE%22%20%2210455%22%20%28%22weekly%20ad%22%20OR%20circular%20OR%20flyer%20OR%20specials%29
753685,166 GOURMET GROCERY,10456,,ZIP-targeted web search (manual verify),https://duckduckgo.com/?q=%22166%20GOURMET%20GROCERY%22%20%2210456%22%20%28%22weekly%20ad%22%20OR%20circular%20OR%20flyer%20OR%20specials%29,advertised,,,,,,,,,,"Second-pass ZIP-targeted search URL. Open link, verify official store ad/circular, then replace with confirmed source URL.",https://duckduckgo.com/?q=%22166%20GOURMET%20GROCERY%22%20%2210456%22%20%28%22weekly%20ad%22%20OR%20circular%20OR%20flyer%20OR%20specials%29
715201,735 SUPERMARKET,10456,,ZIP-targeted web search (manual verify),https://duckduckgo.com/?q=%22735%20SUPERMARKET%22%20%2210456%22%20%28%22weekly%20ad%22%20OR%20circular%20OR%20flyer%20OR%20specials%29,advertised,,,,,,,,,,"Second-pass ZIP-targeted search URL. Open link, verify official store ad/circular, then replace with confirmed source URL.",https://duckduckgo.com/?q=%22735%20SUPERMARKET%22%20%2210456%22%20%28%22weekly%20ad%22%20OR%20circular%20OR%20flyer%20OR%20specials%29
606275,ABREUS GROCERY,10456,,ZIP-targeted web search (manual verify),https://duckduckgo.com/?q=%22ABREUS%20GROCERY%22%20%2210456%22%20%28%22weekly%20ad%22%20OR%20circular%20OR%20flyer%20OR%20specials%29,advertised,,,,,,,,,,"Second-pass ZIP-targeted search URL. Open link, verify official store ad/circular, then replace with confirmed source URL.",https://duckduckgo.com/?q=%22ABREUS%20GROCERY%22%20%2210456%22%20%28%22weekly%20ad%22%20OR%20circular%20OR%20flyer%20OR%20specials%29
752103,ALI-AMIN SUPERMARKET,10456,,ZIP-targeted web search (manual verify),https://duckduckgo.com/?q=%22ALI-AMIN%20SUPERMARKET%22%20%2210456%22%20%28%22weekly%20ad%22%20OR%20circular%20OR%20flyer%20OR%20specials%29,advertised,,,,,,,,,,"Second-pass ZIP-targeted search URL. Open link, verify official store ad/circular, then replace with confirmed source URL.",https://duckduckgo.com/?q=%22ALI-AMIN%20SUPERMARKET%22%20%2210456%22%20%28%22weekly%20ad%22%20OR%20circular%20OR%20flyer%20OR%20specials%29
606703,ASSOCIATED SUPERMARKET,10456,2026-05-23,Associated Supermarkets Weekly Ad,https://www.yapik.com/us/associated-supermarkets/weekly-ad,advertised,,,,,,,,,,Matched to third-party weekly-ad index for this chain; verify store-specific ad before final use.,https://duckduckgo.com/?q=%22ASSOCIATED%20SUPERMARKET%22%20%2210456%22%20%28%22weekly%20ad%22%20OR%20circular%20OR%20flyer%20OR%20specials%29
603025,ASSOCIATED SUPERMARKET,10456,2026-05-23,Associated Supermarkets Weekly Ad,https://www.yapik.com/us/associated-supermarkets/weekly-ad,advertised,,,,,,,,,,Matched to third-party weekly-ad index for this chain; verify store-specific ad before final use.,https://duckduckgo.com/?q=%22ASSOCIATED%20SUPERMARKET%22%20%2210456%22%20%28%22weekly%20ad%22%20OR%20circular%20OR%20flyer%20OR%20specials%29
728448,AYLIN GROCERY STORE,10456,,ZIP-targeted web search (manual verify),https://duckduckgo.com/?q=%22AYLIN%20GROCERY%20STORE%22%20%2210456%22%20%28%22weekly%20ad%22%20OR%20circular%20OR%20flyer%20OR%20specials%29,advertised,,,,,,,,,,"Second-pass ZIP-targeted search URL. Open link, verify official store ad/circular, then replace with confirmed source URL.",https://duckduckgo.com/?q=%22AYLIN%20GROCERY%20STORE%22%20%2210456%22%20%28%22weekly%20ad%22%20OR%20circular%20OR%20flyer%20OR%20specials%29
712289,BRAVO SUPERMARKET,10456,2026-05-23,Bravo Supermarkets Weekly Circular,https://www.bravosupermarkets.com/weekly-circular,advertised,,,,,,,,,,Matched to chain circular/weekly-ad source.,https://duckduckgo.com/?q=%22BRAVO%20SUPERMARKET%22%20%2210456%22%20%28%22weekly%20ad%22%20OR%20circular%20OR%20flyer%20OR%20specials%29
714185,C TOWN SUPERMARKET,10456,2026-05-23,CTown Weekly Ad,https://www.ctownsupermarkets.com/Weekly-Ad,advertised,,,,,,,,,,Matched to chain circular/weekly-ad source.,https://duckduckgo.com/?q=%22C%20TOWN%20SUPERMARKET%22%20%2210456%22%20%28%22weekly%20ad%22%20OR%20circular%20OR%20flyer%20OR%20specials%29
721868,C-TOWN,10456,2026-05-23,CTown Weekly Ad,https://www.ctownsupermarkets.com/Weekly-Ad,advertised,,,,,,,,,,Matched to chain circular/weekly-ad source.,https://duckduckgo.com/?q=%22C-TOWN%22%20%2210456%22%20%28%22weekly%20ad%22%20OR%20circular%20OR%20flyer%20OR%20specials%29
607508,COMPARE SUPERMARKET,10456,,ZIP-targeted web search (manual verify),https://duckduckgo.com/?q=%22COMPARE%20SUPERMARKET%22%20%2210456%22%20%28%22weekly%20ad%22%20OR%20circular%20OR%20flyer%20OR%20specials%29,advertised,,,,,,,,,,"Second-pass ZIP-targeted search URL. Open link, verify official store ad/circular, then replace with confirmed source URL.",https://duckduckgo.com/?q=%22COMPARE%20SUPERMARKET%22%20%2210456%22%20%28%22weekly%20ad%22%20OR%20circular%20OR%20flyer%20OR%20specials%29
607045,DORKA GROCERY STORE,10456,,ZIP-targeted web search (manual verify),https://duckduckgo.com/?q=%22DORKA%20GROCERY%20STORE%22%20%2210456%22%20%28%22weekly%20ad%22%20OR%20circular%20OR%20flyer%20OR%20specials%29,advertised,,,,,,,,,,"Second-pass ZIP-targeted search URL. Open link, verify official store ad/circular, then replace with confirmed source URL.",https://duckduckgo.com/?q=%22DORKA%20GROCERY%20STORE%22%20%2210456%22%20%28%22weekly%20ad%22%20OR%20circular%20OR%20flyer%20OR%20specials%29
754277,FAMILY 2 CANDY AND GROCERY,10456,,ZIP-targeted web search (manual verify),https://duckduckgo.com/?q=%22FAMILY%202%20CANDY%20AND%20GROCERY%22%20%2210456%22%20%28%22weekly%20ad%22%20OR%20circular%20OR%20flyer%20OR%20specials%29,advertised,,,,,,,,,,"Second-pass ZIP-targeted search URL. Open link, verify official store ad/circular, then replace with confirmed source URL.",https://duckduckgo.com/?q=%22FAMILY%202%20CANDY%20AND%20GROCERY%22%20%2210456%22%20%28%22weekly%20ad%22%20OR%20circular%20OR%20flyer%20OR%20specials%29
600314,FRANCIS GROCERY,10456,,ZIP-targeted web search (manual verify),https://duckduckgo.com/?q=%22FRANCIS%20GROCERY%22%20%2210456%22%20%28%22weekly%20ad%22%20OR%20circular%20OR%20flyer%20OR%20specials%29,advertised,,,,,,,,,,"Second-pass ZIP-targeted search URL. Open link, verify official store ad/circular, then replace with confirmed source URL.",https://duckduckgo.com/?q=%22FRANCIS%20GROCERY%22%20%2210456%22%20%28%22weekly%20ad%22%20OR%20circular%20OR%20flyer%20OR%20specials%29
746463,FULTON AVE GROCERY,10456,,ZIP-targeted web search (manual verify),https://duckduckgo.com/?q=%22FULTON%20AVE%20GROCERY%22%20%2210456%22%20%28%22weekly%20ad%22%20OR%20circular%20OR%20flyer%20OR%20specials%29,advertised,,,,,,,,,,"Second-pass ZIP-targeted search URL. Open link, verify official store ad/circular, then replace with confirmed source URL.",https://duckduckgo.com/?q=%22FULTON%20AVE%20GROCERY%22%20%2210456%22%20%28%22weekly%20ad%22%20OR%20circular%20OR%20flyer%20OR%20specials%29
731782,KADIJA SUPERMARKET,10456,,ZIP-targeted web search (manual verify),https://duckduckgo.com/?q=%22KADIJA%20SUPERMARKET%22%20%2210456%22%20%28%22weekly%20ad%22%20OR%20circular%20OR%20flyer%20OR%20specials%29,advertised,,,,,,,,,,"Second-pass ZIP-targeted search URL. Open link, verify official store ad/circular, then replace with confirmed source URL.",https://duckduckgo.com/?q=%22KADIJA%20SUPERMARKET%22%20%2210456%22%20%28%22weekly%20ad%22%20OR%20circular%20OR%20flyer%20OR%20specials%29
602545,KEY FOOD,10456,2026-05-23,Key Food / Food Universe Flyers,https://www.keyfood.com/flyers,advertised,,,,,,,,,,Matched to chain circular/weekly-ad source.,https://duckduckgo.com/?q=%22KEY%20FOOD%22%20%2210456%22%20%28%22weekly%20ad%22%20OR%20circular%20OR%20flyer%20OR%20specials%29
725372,LOS MELLIZOS GROCERY STORE,10456,,ZIP-targeted web search (manual verify),https://duckduckgo.com/?q=%22LOS%20MELLIZOS%20GROCERY%20STORE%22%20%2210456%22%20%28%22weekly%20ad%22%20OR%20circular%20OR%20flyer%20OR%20specials%29,advertised,,,,,,,,,,"Second-pass ZIP-targeted search URL. Open link, verify official store ad/circular, then replace with confirmed source URL.",https://duckduckgo.com/?q=%22LOS%20MELLIZOS%20GROCERY%20STORE%22%20%2210456%22%20%28%22weekly%20ad%22%20OR%20circular%20OR%20flyer%20OR%20specials%29
753149,NERYS GROCERY STORE,10456,,ZIP-targeted web search (manual verify),https://duckduckgo.com/?q=%22NERYS%20GROCERY%20STORE%22%20%2210456%22%20%28%22weekly%20ad%22%20OR%20circular%20OR%20flyer%20OR%20specials%29,advertised,,,,,,,,,,"Second-pass ZIP-targeted search URL. Open link, verify official store ad/circular, then replace with confirmed source URL.",https://duckduckgo.com/?q=%22NERYS%20GROCERY%20STORE%22%20%2210456%22%20%28%22weekly%20ad%22%20OR%20circular%20OR%20flyer%20OR%20specials%29
601292,SUPER FRESH SUPERMARKET,10456,2026-05-23,SuperFresh Weekly Sale,https://www.superfreshsupermarket.com/weekly-sale,advertised,,,,,,,,,,Matched to chain circular/weekly-ad source.,https://duckduckgo.com/?q=%22SUPER%20FRESH%20SUPERMARKET%22%20%2210456%22%20%28%22weekly%20ad%22%20OR%20circular%20OR%20flyer%20OR%20specials%29
749869,SWEET CANDY GROCERY,10456,,ZIP-targeted web search (manual verify),https://duckduckgo.com/?q=%22SWEET%20CANDY%20GROCERY%22%20%2210456%22%20%28%22weekly%20ad%22%20OR%20circular%20OR%20flyer%20OR%20specials%29,advertised,,,,,,,,,,"Second-pass ZIP-targeted search URL. Open link, verify official store ad/circular, then replace with confirmed source URL.",https://duckduckgo.com/?q=%22SWEET%20CANDY%20GROCERY%22%20%2210456%22%20%28%22weekly%20ad%22%20OR%20circular%20OR%20flyer%20OR%20specials%29
725506,1798 LOS PRIMOS GROCERY,10457,,ZIP-targeted web search (manual verify),https://duckduckgo.com/?q=%221798%20LOS%20PRIMOS%20GROCERY%22%20%2210457%22%20%28%22weekly%20ad%22%20OR%20circular%20OR%20flyer%20OR%20specials%29,advertised,,,,,,,,,,"Second-pass ZIP-targeted search URL. Open link, verify official store ad/circular, then replace with confirmed source URL.",https://duckduckgo.com/?q=%221798%20LOS%20PRIMOS%20GROCERY%22%20%2210457%22%20%28%22weekly%20ad%22%20OR%20circular%20OR%20flyer%20OR%20specials%29
724792,180 CANDY GROCERY TOBAC,10457,,ZIP-targeted web search (manual verify),https://duckduckgo.com/?q=%22180%20CANDY%20GROCERY%20TOBAC%22%20%2210457%22%20%28%22weekly%20ad%22%20OR%20circular%20OR%20flyer%20OR%20specials%29,advertised,,,,,,,,,,"Second-pass ZIP-targeted search URL. Open link, verify official store ad/circular, then replace with confirmed source URL.",https://duckduckgo.com/?q=%22180%20CANDY%20GROCERY%20TOBAC%22%20%2210457%22%20%28%22weekly%20ad%22%20OR%20circular%20OR%20flyer%20OR%20specials%29
728438,ALI & SON CANDY & GROCERY,10457,,ZIP-targeted web search (manual verify),https://duckduckgo.com/?q=%22ALI%20%26%20SON%20CANDY%20%26%20GROCERY%22%20%2210457%22%20%28%22weekly%20ad%22%20OR%20circular%20OR%20flyer%20OR%20specials%29,advertised,,,,,,,,,,"Second-pass ZIP-targeted search URL. Open link, verify official store ad/circular, then replace with confirmed source URL.",https://duckduckgo.com/?q=%22ALI%20%26%20SON%20CANDY%20%26%20GROCERY%22%20%2210457%22%20%28%22weekly%20ad%22%20OR%20circular%20OR%20flyer%20OR%20specials%29
746009,BRAVO SUPERMARKET,10457,2026-05-23,Bravo Supermarkets Weekly Circular,https://www.bravosupermarkets.com/weekly-circular,advertised,,,,,,,,,,Matched to chain circular/weekly-ad source.,https://duckduckgo.com/?q=%22BRAVO%20SUPERMARKET%22%20%2210457%22%20%28%22weekly%20ad%22%20OR%20circular%20OR%20flyer%20OR%20specials%29
742478,C TOWN SUPERMARKET,10457,2026-05-23,CTown Weekly Ad,https://www.ctownsupermarkets.com/Weekly-Ad,advertised,,,,,,,,,,Matched to chain circular/weekly-ad source.,https://duckduckgo.com/?q=%22C%20TOWN%20SUPERMARKET%22%20%2210457%22%20%28%22weekly%20ad%22%20OR%20circular%20OR%20flyer%20OR%20specials%29
600205,CARINO GROCERY,10457,,ZIP-targeted web search (manual verify),https://duckduckgo.com/?q=%22CARINO%20GROCERY%22%20%2210457%22%20%28%22weekly%20ad%22%20OR%20circular%20OR%20flyer%20OR%20specials%29,advertised,,,,,,,,,,"Second-pass ZIP-targeted search URL. Open link, verify official store ad/circular, then replace with confirmed source URL.",https://duckduckgo.com/?q=%22CARINO%20GROCERY%22%20%2210457%22%20%28%22weekly%20ad%22%20OR%20circular%20OR%20flyer%20OR%20specials%29
738086,CTOWN FRESH MARKET,10457,2026-05-23,CTown Weekly Ad,https://www.ctownsupermarkets.com/Weekly-Ad,advertised,,,,,,,,,,Matched to chain circular/weekly-ad source.,https://duckduckgo.com/?q=%22CTOWN%20FRESH%20MARKET%22%20%2210457%22%20%28%22weekly%20ad%22%20OR%20circular%20OR%20flyer%20OR%20specials%29
741496,DARIEL GROCERY,10457,,ZIP-targeted web search (manual verify),https://duckduckgo.com/?q=%22DARIEL%20GROCERY%22%20%2210457%22%20%28%22weekly%20ad%22%20OR%20circular%20OR%20flyer%20OR%20specials%29,advertised,,,,,,,,,,"Second-pass ZIP-targeted search URL. Open link, verify official store ad/circular, then replace with confirmed source URL.",https://duckduckgo.com/?q=%22DARIEL%20GROCERY%22%20%2210457%22%20%28%22weekly%20ad%22%20OR%20circular%20OR%20flyer%20OR%20specials%29
604323,EL KIOSCO GROCERY,10457,,ZIP-targeted web search (manual verify),https://duckduckgo.com/?q=%22EL%20KIOSCO%20GROCERY%22%20%2210457%22%20%28%22weekly%20ad%22%20OR%20circular%20OR%20flyer%20OR%20specials%29,advertised,,,,,,,,,,"Second-pass ZIP-targeted search URL. Open link, verify official store ad/circular, then replace with confirmed source URL.",https://duckduckgo.com/?q=%22EL%20KIOSCO%20GROCERY%22%20%2210457%22%20%28%22weekly%20ad%22%20OR%20circular%20OR%20flyer%20OR%20specials%29
606619,FELINO GROCERY,10457,,ZIP-targeted web search (manual verify),https://duckduckgo.com/?q=%22FELINO%20GROCERY%22%20%2210457%22%20%28%22weekly%20ad%22%20OR%20circular%20OR%20flyer%20OR%20specials%29,advertised,,,,,,,,,,"Second-pass ZIP-targeted search URL. Open link, verify official store ad/circular, then replace with confirmed source URL.",https://duckduckgo.com/?q=%22FELINO%20GROCERY%22%20%2210457%22%20%28%22weekly%20ad%22%20OR%20circular%20OR%20flyer%20OR%20specials%29
605119,FELOMAR GROCERY STORE,10457,,ZIP-targeted web search (manual verify),https://duckduckgo.com/?q=%22FELOMAR%20GROCERY%20STORE%22%20%2210457%22%20%28%22weekly%20ad%22%20OR%20circular%20OR%20flyer%20OR%20specials%29,advertised,,,,,,,,,,"Second-pass ZIP-targeted search URL. Open link, verify official store ad/circular, then replace with confirmed source URL.",https://duckduckgo.com/?q=%22FELOMAR%20GROCERY%20STORE%22%20%2210457%22%20%28%22weekly%20ad%22%20OR%20circular%20OR%20flyer%20OR%20specials%29
602229,FINE FARE SUPERMARKET,10457,2026-05-23,Fine Fare Store Site,https://www.finefaresupermarkets.com/,advertised,,,,,,,,,,Matched to chain circular/weekly-ad source.,https://duckduckgo.com/?q=%22FINE%20FARE%20SUPERMARKET%22%20%2210457%22%20%28%22weekly%20ad%22%20OR%20circular%20OR%20flyer%20OR%20specials%29
751648,FOOD MARKET GROCERY STORE,10457,,ZIP-targeted web search (manual verify),https://duckduckgo.com/?q=%22FOOD%20MARKET%20GROCERY%20STORE%22%20%2210457%22%20%28%22weekly%20ad%22%20OR%20circular%20OR%20flyer%20OR%20specials%29,advertised,,,,,,,,,,"Second-pass ZIP-targeted search URL. Open link, verify official store ad/circular, then replace with confirmed source URL.",https://duckduckgo.com/?q=%22FOOD%20MARKET%20GROCERY%20STORE%22%20%2210457%22%20%28%22weekly%20ad%22%20OR%20circular%20OR%20flyer%20OR%20specials%29
732046,LO TIGER GROCERY,10457,,ZIP-targeted web search (manual verify),https://duckduckgo.com/?q=%22LO%20TIGER%20GROCERY%22%20%2210457%22%20%28%22weekly%20ad%22%20OR%20circular%20OR%20flyer%20OR%20specials%29,advertised,,,,,,,,,,"Second-pass ZIP-targeted search URL. Open link, verify official store ad/circular, then replace with confirmed source URL.",https://duckduckgo.com/?q=%22LO%20TIGER%20GROCERY%22%20%2210457%22%20%28%22weekly%20ad%22%20OR%20circular%20OR%20flyer%20OR%20specials%29
755907,N&L GROCERY STORE,10457,,ZIP-targeted web search (manual verify),https://duckduckgo.com/?q=%22N%26L%20GROCERY%20STORE%22%20%2210457%22%20%28%22weekly%20ad%22%20OR%20circular%20OR%20flyer%20OR%20specials%29,advertised,,,,,,,,,,"Second-pass ZIP-targeted search URL. Open link, verify official store ad/circular, then replace with confirmed source URL.",https://duckduckgo.com/?q=%22N%26L%20GROCERY%20STORE%22%20%2210457%22%20%28%22weekly%20ad%22%20OR%20circular%20OR%20flyer%20OR%20specials%29
609245,OMALE NEW YORK GROCERY,10457,,ZIP-targeted web search (manual verify),https://duckduckgo.com/?q=%22OMALE%20NEW%20YORK%20GROCERY%22%20%2210457%22%20%28%22weekly%20ad%22%20OR%20circular%20OR%20flyer%20OR%20specials%29,advertised,,,,,,,,,,"Second-pass ZIP-targeted search URL. Open link, verify official store ad/circular, then replace with confirmed source URL.",https://duckduckgo.com/?q=%22OMALE%20NEW%20YORK%20GROCERY%22%20%2210457%22%20%28%22weekly%20ad%22%20OR%20circular%20OR%20flyer%20OR%20specials%29
723673,VEGANO SUPERMARKET,10457,,ZIP-targeted web search (manual verify),https://duckduckgo.com/?q=%22VEGANO%20SUPERMARKET%22%20%2210457%22%20%28%22weekly%20ad%22%20OR%20circular%20OR%20flyer%20OR%20specials%29,advertised,,,,,,,,,,"Second-pass ZIP-targeted search URL. Open link, verify official store ad/circular, then replace with confirmed source URL.",https://duckduckgo.com/?q=%22VEGANO%20SUPERMARKET%22%20%2210457%22%20%28%22weekly%20ad%22%20OR%20circular%20OR%20flyer%20OR%20specials%29
609181,WESTERN BEEF 29,10457,2026-05-23,Western Beef Weekly Sales,https://www.westernbeef.com/sales,advertised,,,,,,,,,,Matched to chain circular/weekly-ad source.,https://duckduckgo.com/?q=%22WESTERN%20BEEF%2029%22%20%2210457%22%20%28%22weekly%20ad%22%20OR%20circular%20OR%20flyer%20OR%20specials%29
609135,3052 VALENTINE GROCERY,10458,,ZIP-targeted web search (manual verify),https://duckduckgo.com/?q=%223052%20VALENTINE%20GROCERY%22%20%2210458%22%20%28%22weekly%20ad%22%20OR%20circular%20OR%20flyer%20OR%20specials%29,advertised,,,,,,,,,,"Second-pass ZIP-targeted search URL. Open link, verify official store ad/circular, then replace with confirmed source URL.",https://duckduckgo.com/?q=%223052%20VALENTINE%20GROCERY%22%20%2210458%22%20%28%22weekly%20ad%22%20OR%20circular%20OR%20flyer%20OR%20specials%29
763865,ALDI #153,10458,2026-05-23,ALDI Weekly Ad,https://www.aldi.us/weekly-specials/our-weekly-ads/,advertised,,,,,,,,,,Matched to chain circular/weekly-ad source.,https://duckduckgo.com/?q=%22ALDI%20%23153%22%20%2210458%22%20%28%22weekly%20ad%22%20OR%20circular%20OR%20flyer%20OR%20specials%29
733987,APPLE VALLEY SUPERMARKET,10458,,ZIP-targeted web search (manual verify),https://duckduckgo.com/?q=%22APPLE%20VALLEY%20SUPERMARKET%22%20%2210458%22%20%28%22weekly%20ad%22%20OR%20circular%20OR%20flyer%20OR%20specials%29,advertised,,,,,,,,,,"Second-pass ZIP-targeted search URL. Open link, verify official store ad/circular, then replace with confirmed source URL.",https://duckduckgo.com/?q=%22APPLE%20VALLEY%20SUPERMARKET%22%20%2210458%22%20%28%22weekly%20ad%22%20OR%20circular%20OR%20flyer%20OR%20specials%29
609843,BRISKA GROCERY,10458,,ZIP-targeted web search (manual verify),https://duckduckgo.com/?q=%22BRISKA%20GROCERY%22%20%2210458%22%20%28%22weekly%20ad%22%20OR%20circular%20OR%20flyer%20OR%20specials%29,advertised,,,,,,,,,,"Second-pass ZIP-targeted search URL. Open link, verify official store ad/circular, then replace with confirmed source URL.",https://duckduckgo.com/?q=%22BRISKA%20GROCERY%22%20%2210458%22%20%28%22weekly%20ad%22%20OR%20circular%20OR%20flyer%20OR%20specials%29
607910,C TOWN SUPERMARKET,10458,2026-05-23,CTown Weekly Ad,https://www.ctownsupermarkets.com/Weekly-Ad,advertised,,,,,,,,,,Matched to chain circular/weekly-ad source.,https://duckduckgo.com/?q=%22C%20TOWN%20SUPERMARKET%22%20%2210458%22%20%28%22weekly%20ad%22%20OR%20circular%20OR%20flyer%20OR%20specials%29
721919,C-TOWN SUPERMARKET,10458,2026-05-23,CTown Weekly Ad,https://www.ctownsupermarkets.com/Weekly-Ad,advertised,,,,,,,,,,Matched to chain circular/weekly-ad source.,https://duckduckgo.com/?q=%22C-TOWN%20SUPERMARKET%22%20%2210458%22%20%28%22weekly%20ad%22%20OR%20circular%20OR%20flyer%20OR%20specials%29
760341,DELY GROCERY METRO LOS REYES,10458,,ZIP-targeted web search (manual verify),https://duckduckgo.com/?q=%22DELY%20GROCERY%20METRO%20LOS%20REYES%22%20%2210458%22%20%28%22weekly%20ad%22%20OR%20circular%20OR%20flyer%20OR%20specials%29,advertised,,,,,,,,,,"Second-pass ZIP-targeted search URL. Open link, verify official store ad/circular, then replace with confirmed source URL.",https://duckduckgo.com/?q=%22DELY%20GROCERY%20METRO%20LOS%20REYES%22%20%2210458%22%20%28%22weekly%20ad%22%20OR%20circular%20OR%20flyer%20OR%20specials%29
739679,ESTRELLA MEATS FRUITS & GROCERY,10458,,ZIP-targeted web search (manual verify),https://duckduckgo.com/?q=%22ESTRELLA%20MEATS%20FRUITS%20%26%20GROCERY%22%20%2210458%22%20%28%22weekly%20ad%22%20OR%20circular%20OR%20flyer%20OR%20specials%29,advertised,,,,,,,,,,"Second-pass ZIP-targeted search URL. Open link, verify official store ad/circular, then replace with confirmed source URL.",https://duckduckgo.com/?q=%22ESTRELLA%20MEATS%20FRUITS%20%26%20GROCERY%22%20%2210458%22%20%28%22weekly%20ad%22%20OR%20circular%20OR%20flyer%20OR%20specials%29
763097,FINE FARE SUPERMARKET,10458,2026-05-23,Fine Fare Store Site,https://www.finefaresupermarkets.com/,advertised,,,,,,,,,,Matched to chain circular/weekly-ad source.,https://duckduckgo.com/?q=%22FINE%20FARE%20SUPERMARKET%22%20%2210458%22%20%28%22weekly%20ad%22%20OR%20circular%20OR%20flyer%20OR%20specials%29
601566,GONZALEZ GROCERY STORE,10458,,ZIP-targeted web search (manual verify),https://duckduckgo.com/?q=%22GONZALEZ%20GROCERY%20STORE%22%20%2210458%22%20%28%22weekly%20ad%22%20OR%20circular%20OR%20flyer%20OR%20specials%29,advertised,,,,,,,,,,"Second-pass ZIP-targeted search URL. Open link, verify official store ad/circular, then replace with confirmed source URL.",https://duckduckgo.com/?q=%22GONZALEZ%20GROCERY%20STORE%22%20%2210458%22%20%28%22weekly%20ad%22%20OR%20circular%20OR%20flyer%20OR%20specials%29
601273,J&C GROCERY,10458,,ZIP-targeted web search (manual verify),https://duckduckgo.com/?q=%22J%26C%20GROCERY%22%20%2210458%22%20%28%22weekly%20ad%22%20OR%20circular%20OR%20flyer%20OR%20specials%29,advertised,,,,,,,,,,"Second-pass ZIP-targeted search URL. Open link, verify official store ad/circular, then replace with confirmed source URL.",https://duckduckgo.com/?q=%22J%26C%20GROCERY%22%20%2210458%22%20%28%22weekly%20ad%22%20OR%20circular%20OR%20flyer%20OR%20specials%29
604052,LA BONITA GROCERY,10458,,ZIP-targeted web search (manual verify),https://duckduckgo.com/?q=%22LA%20BONITA%20GROCERY%22%20%2210458%22%20%28%22weekly%20ad%22%20OR%20circular%20OR%20flyer%20OR%20specials%29,advertised,,,,,,,,,,"Second-pass ZIP-targeted search URL. Open link, verify official store ad/circular, then replace with confirmed source URL.",https://duckduckgo.com/?q=%22LA%20BONITA%20GROCERY%22%20%2210458%22%20%28%22weekly%20ad%22%20OR%20circular%20OR%20flyer%20OR%20specials%29
723207,LA ESTRELLITA MEXICAN GROCERY,10458,,ZIP-targeted web search (manual verify),https://duckduckgo.com/?q=%22LA%20ESTRELLITA%20MEXICAN%20GROCERY%22%20%2210458%22%20%28%22weekly%20ad%22%20OR%20circular%20OR%20flyer%20OR%20specials%29,advertised,,,,,,,,,,"Second-pass ZIP-targeted search URL. Open link, verify official store ad/circular, then replace with confirmed source URL.",https://duckduckgo.com/?q=%22LA%20ESTRELLITA%20MEXICAN%20GROCERY%22%20%2210458%22%20%28%22weekly%20ad%22%20OR%20circular%20OR%20flyer%20OR%20specials%29
718851,LA TINFORA GROCERY,10458,,ZIP-targeted web search (manual verify),https://duckduckgo.com/?q=%22LA%20TINFORA%20GROCERY%22%20%2210458%22%20%28%22weekly%20ad%22%20OR%20circular%20OR%20flyer%20OR%20specials%29,advertised,,,,,,,,,,"Second-pass ZIP-targeted search URL. Open link, verify official store ad/circular, then replace with confirmed source URL.",https://duckduckgo.com/?q=%22LA%20TINFORA%20GROCERY%22%20%2210458%22%20%28%22weekly%20ad%22%20OR%20circular%20OR%20flyer%20OR%20specials%29
604055,MERGIMTARI MEAT&GROCERY,10458,,ZIP-targeted web search (manual verify),https://duckduckgo.com/?q=%22MERGIMTARI%20MEAT%26GROCERY%22%20%2210458%22%20%28%22weekly%20ad%22%20OR%20circular%20OR%20flyer%20OR%20specials%29,advertised,,,,,,,,,,"Second-pass ZIP-targeted search URL. Open link, verify official store ad/circular, then replace with confirmed source URL.",https://duckduckgo.com/?q=%22MERGIMTARI%20MEAT%26GROCERY%22%20%2210458%22%20%28%22weekly%20ad%22%20OR%20circular%20OR%20flyer%20OR%20specials%29
606911,MET FOOD,10458,2026-05-23,Met Foods Weekly Ad,https://www.metfoods.com/weekly-ad/,advertised,,,,,,,,,,Matched to chain circular/weekly-ad source.,https://duckduckgo.com/?q=%22MET%20FOOD%22%20%2210458%22%20%28%22weekly%20ad%22%20OR%20circular%20OR%20flyer%20OR%20specials%29
609373,MTR GROCERY,10458,,ZIP-targeted web search (manual verify),https://duckduckgo.com/?q=%22MTR%20GROCERY%22%20%2210458%22%20%28%22weekly%20ad%22%20OR%20circular%20OR%20flyer%20OR%20specials%29,advertised,,,,,,,,,,"Second-pass ZIP-targeted search URL. Open link, verify official store ad/circular, then replace with confirmed source URL.",https://duckduckgo.com/?q=%22MTR%20GROCERY%22%20%2210458%22%20%28%22weekly%20ad%22%20OR%20circular%20OR%20flyer%20OR%20specials%29
764136,PRINCE GROCERY STORE,10458,,ZIP-targeted web search (manual verify),https://duckduckgo.com/?q=%22PRINCE%20GROCERY%20STORE%22%20%2210458%22%20%28%22weekly%20ad%22%20OR%20circular%20OR%20flyer%20OR%20specials%29,advertised,,,,,,,,,,"Second-pass ZIP-targeted search URL. Open link, verify official store ad/circular, then replace with confirmed source URL.",https://duckduckgo.com/?q=%22PRINCE%20GROCERY%20STORE%22%20%2210458%22%20%28%22weekly%20ad%22%20OR%20circular%20OR%20flyer%20OR%20specials%29
719865,SAMMY 194 GROCERY CANDY,10458,,ZIP-targeted web search (manual verify),https://duckduckgo.com/?q=%22SAMMY%20194%20GROCERY%20CANDY%22%20%2210458%22%20%28%22weekly%20ad%22%20OR%20circular%20OR%20flyer%20OR%20specials%29,advertised,,,,,,,,,,"Second-pass ZIP-targeted search URL. Open link, verify official store ad/circular, then replace with confirmed source URL.",https://duckduckgo.com/?q=%22SAMMY%20194%20GROCERY%20CANDY%22%20%2210458%22%20%28%22weekly%20ad%22%20OR%20circular%20OR%20flyer%20OR%20specials%29
602272,SAMMY GROCERY,10458,,ZIP-targeted web search (manual verify),https://duckduckgo.com/?q=%22SAMMY%20GROCERY%22%20%2210458%22%20%28%22weekly%20ad%22%20OR%20circular%20OR%20flyer%20OR%20specials%29,advertised,,,,,,,,,,"Second-pass ZIP-targeted search URL. Open link, verify official store ad/circular, then replace with confirmed source URL.",https://duckduckgo.com/?q=%22SAMMY%20GROCERY%22%20%2210458%22%20%28%22weekly%20ad%22%20OR%20circular%20OR%20flyer%20OR%20specials%29
727626,TU CASA SUPERMARKET,10458,,ZIP-targeted web search (manual verify),https://duckduckgo.com/?q=%22TU%20CASA%20SUPERMARKET%22%20%2210458%22%20%28%22weekly%20ad%22%20OR%20circular%20OR%20flyer%20OR%20specials%29,advertised,,,,,,,,,,"Second-pass ZIP-targeted search URL. Open link, verify official store ad/circular, then replace with confirmed source URL.",https://duckduckgo.com/?q=%22TU%20CASA%20SUPERMARKET%22%20%2210458%22%20%28%22weekly%20ad%22%20OR%20circular%20OR%20flyer%20OR%20specials%29
764879,1 NEYMAR CANDY GROCERY,10459,,ZIP-targeted web search (manual verify),https://duckduckgo.com/?q=%221%20NEYMAR%20CANDY%20GROCERY%22%20%2210459%22%20%28%22weekly%20ad%22%20OR%20circular%20OR%20flyer%20OR%20specials%29,advertised,,,,,,,,,,"Second-pass ZIP-targeted search URL. Open link, verify official store ad/circular, then replace with confirmed source URL.",https://duckduckgo.com/?q=%221%20NEYMAR%20CANDY%20GROCERY%22%20%2210459%22%20%28%22weekly%20ad%22%20OR%20circular%20OR%20flyer%20OR%20specials%29
600187,ALMANZAR GROCERY&FOOD,10459,,ZIP-targeted web search (manual verify),https://duckduckgo.com/?q=%22ALMANZAR%20GROCERY%26FOOD%22%20%2210459%22%20%28%22weekly%20ad%22%20OR%20circular%20OR%20flyer%20OR%20specials%29,advertised,,,,,,,,,,"Second-pass ZIP-targeted search URL. Open link, verify official store ad/circular, then replace with confirmed source URL.",https://duckduckgo.com/?q=%22ALMANZAR%20GROCERY%26FOOD%22%20%2210459%22%20%28%22weekly%20ad%22%20OR%20circular%20OR%20flyer%20OR%20specials%29
609927,C TOWN SUPERMARKET,10459,2026-05-23,CTown Weekly Ad,https://www.ctownsupermarkets.com/Weekly-Ad,advertised,,,,,,,,,,Matched to chain circular/weekly-ad source.,https://duckduckgo.com/?q=%22C%20TOWN%20SUPERMARKET%22%20%2210459%22%20%28%22weekly%20ad%22%20OR%20circular%20OR%20flyer%20OR%20specials%29
606738,CASTILLO FAMILY GROCERY,10459,,ZIP-targeted web search (manual verify),https://duckduckgo.com/?q=%22CASTILLO%20FAMILY%20GROCERY%22%20%2210459%22%20%28%22weekly%20ad%22%20OR%20circular%20OR%20flyer%20OR%20specials%29,advertised,,,,,,,,,,"Second-pass ZIP-targeted search URL. Open link, verify official store ad/circular, then replace with confirmed source URL.",https://duckduckgo.com/?q=%22CASTILLO%20FAMILY%20GROCERY%22%20%2210459%22%20%28%22weekly%20ad%22%20OR%20circular%20OR%20flyer%20OR%20specials%29
722504,CRYSTAL JAIDA GROCERY,10459,,ZIP-targeted web search (manual verify),https://duckduckgo.com/?q=%22CRYSTAL%20JAIDA%20GROCERY%22%20%2210459%22%20%28%22weekly%20ad%22%20OR%20circular%20OR%20flyer%20OR%20specials%29,advertised,,,,,,,,,,"Second-pass ZIP-targeted search URL. Open link, verify official store ad/circular, then replace with confirmed source URL.",https://duckduckgo.com/?q=%22CRYSTAL%20JAIDA%20GROCERY%22%20%2210459%22%20%28%22weekly%20ad%22%20OR%20circular%20OR%20flyer%20OR%20specials%29
704892,FINE FARE SUPERMARKET,10459,2026-05-23,Fine Fare Store Site,https://www.finefaresupermarkets.com/,advertised,,,,,,,,,,Matched to chain circular/weekly-ad source.,https://duckduckgo.com/?q=%22FINE%20FARE%20SUPERMARKET%22%20%2210459%22%20%28%22weekly%20ad%22%20OR%20circular%20OR%20flyer%20OR%20specials%29
761699,FREEMAN DEL GROCERY,10459,,ZIP-targeted web search (manual verify),https://duckduckgo.com/?q=%22FREEMAN%20DEL%20GROCERY%22%20%2210459%22%20%28%22weekly%20ad%22%20OR%20circular%20OR%20flyer%20OR%20specials%29,advertised,,,,,,,,,,"Second-pass ZIP-targeted search URL. Open link, verify official store ad/circular, then replace with confirmed source URL.",https://duckduckgo.com/?q=%22FREEMAN%20DEL%20GROCERY%22%20%2210459%22%20%28%22weekly%20ad%22%20OR%20circular%20OR%20flyer%20OR%20specials%29
601435,KEY FOOD,10459,2026-05-23,Key Food / Food Universe Flyers,https://www.keyfood.com/flyers,advertised,,,,,,,,,,Matched to chain circular/weekly-ad source.,https://duckduckgo.com/?q=%22KEY%20FOOD%22%20%2210459%22%20%28%22weekly%20ad%22%20OR%20circular%20OR%20flyer%20OR%20specials%29
737188,LUCKY CANDY & GROCERY,10459,,ZIP-targeted web search (manual verify),https://duckduckgo.com/?q=%22LUCKY%20CANDY%20%26%20GROCERY%22%20%2210459%22%20%28%22weekly%20ad%22%20OR%20circular%20OR%20flyer%20OR%20specials%29,advertised,,,,,,,,,,"Second-pass ZIP-targeted search URL. Open link, verify official store ad/circular, then replace with confirmed source URL.",https://duckduckgo.com/?q=%22LUCKY%20CANDY%20%26%20GROCERY%22%20%2210459%22%20%28%22weekly%20ad%22%20OR%20circular%20OR%20flyer%20OR%20specials%29
764322,MARGARITAS GROCERY STORE,10459,,ZIP-targeted web search (manual verify),https://duckduckgo.com/?q=%22MARGARITAS%20GROCERY%20STORE%22%20%2210459%22%20%28%22weekly%20ad%22%20OR%20circular%20OR%20flyer%20OR%20specials%29,advertised,,,,,,,,,,"Second-pass ZIP-targeted search URL. Open link, verify official store ad/circular, then replace with confirmed source URL.",https://duckduckgo.com/?q=%22MARGARITAS%20GROCERY%20STORE%22%20%2210459%22%20%28%22weekly%20ad%22%20OR%20circular%20OR%20flyer%20OR%20specials%29
760077,NEW HOPE GROCERY,10459,,ZIP-targeted web search (manual verify),https://duckduckgo.com/?q=%22NEW%20HOPE%20GROCERY%22%20%2210459%22%20%28%22weekly%20ad%22%20OR%20circular%20OR%20flyer%20OR%20specials%29,advertised,,,,,,,,,,"Second-pass ZIP-targeted search URL. Open link, verify official store ad/circular, then replace with confirmed source URL.",https://duckduckgo.com/?q=%22NEW%20HOPE%20GROCERY%22%20%2210459%22%20%28%22weekly%20ad%22%20OR%20circular%20OR%20flyer%20OR%20specials%29
754673,PERLA GROCERY,10459,,ZIP-targeted web search (manual verify),https://duckduckgo.com/?q=%22PERLA%20GROCERY%22%20%2210459%22%20%28%22weekly%20ad%22%20OR%20circular%20OR%20flyer%20OR%20specials%29,advertised,,,,,,,,,,"Second-pass ZIP-targeted search URL. Open link, verify official store ad/circular, then replace with confirmed source URL.",https://duckduckgo.com/?q=%22PERLA%20GROCERY%22%20%2210459%22%20%28%22weekly%20ad%22%20OR%20circular%20OR%20flyer%20OR%20specials%29
749781,WESTCHESTER GROCERY,10459,,ZIP-targeted web search (manual verify),https://duckduckgo.com/?q=%22WESTCHESTER%20GROCERY%22%20%2210459%22%20%28%22weekly%20ad%22%20OR%20circular%20OR%20flyer%20OR%20specials%29,advertised,,,,,,,,,,"Second-pass ZIP-targeted search URL. Open link, verify official store ad/circular, then replace with confirmed source URL.",https://duckduckgo.com/?q=%22WESTCHESTER%20GROCERY%22%20%2210459%22%20%28%22weekly%20ad%22%20OR%20circular%20OR%20flyer%20OR%20specials%29
729276,BEST BEACH GROCERY,10460,,ZIP-targeted web search (manual verify),https://duckduckgo.com/?q=%22BEST%20BEACH%20GROCERY%22%20%2210460%22%20%28%22weekly%20ad%22%20OR%20circular%20OR%20flyer%20OR%20specials%29,advertised,,,,,,,,,,"Second-pass ZIP-targeted search URL. Open link, verify official store ad/circular, then replace with confirmed source URL.",https://duckduckgo.com/?q=%22BEST%20BEACH%20GROCERY%22%20%2210460%22%20%28%22weekly%20ad%22%20OR%20circular%20OR%20flyer%20OR%20specials%29
740178,CACHEO GROCERY STORE,10460,,ZIP-targeted web search (manual verify),https://duckduckgo.com/?q=%22CACHEO%20GROCERY%20STORE%22%20%2210460%22%20%28%22weekly%20ad%22%20OR%20circular%20OR%20flyer%20OR%20specials%29,advertised,,,,,,,,,,"Second-pass ZIP-targeted search URL. Open link, verify official store ad/circular, then replace with confirmed source URL.",https://duckduckgo.com/?q=%22CACHEO%20GROCERY%20STORE%22%20%2210460%22%20%28%22weekly%20ad%22%20OR%20circular%20OR%20flyer%20OR%20specials%29
717253,CAMILLA GROCERY STORE,10460,,ZIP-targeted web search (manual verify),https://duckduckgo.com/?q=%22CAMILLA%20GROCERY%20STORE%22%20%2210460%22%20%28%22weekly%20ad%22%20OR%20circular%20OR%20flyer%20OR%20specials%29,advertised,,,,,,,,,,"Second-pass ZIP-targeted search URL. Open link, verify official store ad/circular, then replace with confirmed source URL.",https://duckduckgo.com/?q=%22CAMILLA%20GROCERY%20STORE%22%20%2210460%22%20%28%22weekly%20ad%22%20OR%20circular%20OR%20flyer%20OR%20specials%29
757250,EL CAMPITO GROCERY STORE,10460,,ZIP-targeted web search (manual verify),https://duckduckgo.com/?q=%22EL%20CAMPITO%20GROCERY%20STORE%22%20%2210460%22%20%28%22weekly%20ad%22%20OR%20circular%20OR%20flyer%20OR%20specials%29,advertised,,,,,,,,,,"Second-pass ZIP-targeted search URL. Open link, verify official store ad/circular, then replace with confirmed source URL.",https://duckduckgo.com/?q=%22EL%20CAMPITO%20GROCERY%20STORE%22%20%2210460%22%20%28%22weekly%20ad%22%20OR%20circular%20OR%20flyer%20OR%20specials%29
712626,EL FLACO GROCERY STORE,10460,,ZIP-targeted web search (manual verify),https://duckduckgo.com/?q=%22EL%20FLACO%20GROCERY%20STORE%22%20%2210460%22%20%28%22weekly%20ad%22%20OR%20circular%20OR%20flyer%20OR%20specials%29,advertised,,,,,,,,,,"Second-pass ZIP-targeted search URL. Open link, verify official store ad/circular, then replace with confirmed source URL.",https://duckduckgo.com/?q=%22EL%20FLACO%20GROCERY%20STORE%22%20%2210460%22%20%28%22weekly%20ad%22%20OR%20circular%20OR%20flyer%20OR%20specials%29
752769,EMELI GROCERY,10460,,ZIP-targeted web search (manual verify),https://duckduckgo.com/?q=%22EMELI%20GROCERY%22%20%2210460%22%20%28%22weekly%20ad%22%20OR%20circular%20OR%20flyer%20OR%20specials%29,advertised,,,,,,,,,,"Second-pass ZIP-targeted search URL. Open link, verify official store ad/circular, then replace with confirmed source URL.",https://duckduckgo.com/?q=%22EMELI%20GROCERY%22%20%2210460%22%20%28%22weekly%20ad%22%20OR%20circular%20OR%20flyer%20OR%20specials%29
761637,HOE CANDY GROCERY,10460,,ZIP-targeted web search (manual verify),https://duckduckgo.com/?q=%22HOE%20CANDY%20GROCERY%22%20%2210460%22%20%28%22weekly%20ad%22%20OR%20circular%20OR%20flyer%20OR%20specials%29,advertised,,,,,,,,,,"Second-pass ZIP-targeted search URL. Open link, verify official store ad/circular, then replace with confirmed source URL.",https://duckduckgo.com/?q=%22HOE%20CANDY%20GROCERY%22%20%2210460%22%20%28%22weekly%20ad%22%20OR%20circular%20OR%20flyer%20OR%20specials%29
749891,JORDAN SUPERMARKET,10460,,ZIP-targeted web search (manual verify),https://duckduckgo.com/?q=%22JORDAN%20SUPERMARKET%22%20%2210460%22%20%28%22weekly%20ad%22%20OR%20circular%20OR%20flyer%20OR%20specials%29,advertised,,,,,,,,,,"Second-pass ZIP-targeted search URL. Open link, verify official store ad/circular, then replace with confirmed source URL.",https://duckduckgo.com/?q=%22JORDAN%20SUPERMARKET%22%20%2210460%22%20%28%22weekly%20ad%22%20OR%20circular%20OR%20flyer%20OR%20specials%29
602258,KEY FOOD,10460,2026-05-23,Key Food / Food Universe Flyers,https://www.keyfood.com/flyers,advertised,,,,,,,,,,Matched to chain circular/weekly-ad source.,https://duckduckgo.com/?q=%22KEY%20FOOD%22%20%2210460%22%20%28%22weekly%20ad%22%20OR%20circular%20OR%20flyer%20OR%20specials%29
607283,TONY FRUITS & GROCERY,10460,,ZIP-targeted web search (manual verify),https://duckduckgo.com/?q=%22TONY%20FRUITS%20%26%20GROCERY%22%20%2210460%22%20%28%22weekly%20ad%22%20OR%20circular%20OR%20flyer%20OR%20specials%29,advertised,,,,,,,,,,"Second-pass ZIP-targeted search URL. Open link, verify official store ad/circular, then replace with confirmed source URL.",https://duckduckgo.com/?q=%22TONY%20FRUITS%20%26%20GROCERY%22%20%2210460%22%20%28%22weekly%20ad%22%20OR%20circular%20OR%20flyer%20OR%20specials%29
601293,VAN VAN GROCERY,10460,,ZIP-targeted web search (manual verify),https://duckduckgo.com/?q=%22VAN%20VAN%20GROCERY%22%20%2210460%22%20%28%22weekly%20ad%22%20OR%20circular%20OR%20flyer%20OR%20specials%29,advertised,,,,,,,,,,"Second-pass ZIP-targeted search URL. Open link, verify official store ad/circular, then replace with confirmed source URL.",https://duckduckgo.com/?q=%22VAN%20VAN%20GROCERY%22%20%2210460%22%20%28%22weekly%20ad%22%20OR%20circular%20OR%20flyer%20OR%20specials%29
605648,WESTERN BEEF 36,10460,2026-05-23,Western Beef Weekly Sales,https://www.westernbeef.com/sales,advertised,,,,,,,,,,Matched to chain circular/weekly-ad source.,https://duckduckgo.com/?q=%22WESTERN%20BEEF%2036%22%20%2210460%22%20%28%22weekly%20ad%22%20OR%20circular%20OR%20flyer%20OR%20specials%29
731870,AGUILARS MEXICAN GROCERY,10461,,ZIP-targeted web search (manual verify),https://duckduckgo.com/?q=%22AGUILARS%20MEXICAN%20GROCERY%22%20%2210461%22%20%28%22weekly%20ad%22%20OR%20circular%20OR%20flyer%20OR%20specials%29,advertised,,,,,,,,,,"Second-pass ZIP-targeted search URL. Open link, verify official store ad/circular, then replace with confirmed source URL.",https://duckduckgo.com/?q=%22AGUILARS%20MEXICAN%20GROCERY%22%20%2210461%22%20%28%22weekly%20ad%22%20OR%20circular%20OR%20flyer%20OR%20specials%29
761914,AM FAMILY SUPERMARKET,10461,,ZIP-targeted web search (manual verify),https://duckduckgo.com/?q=%22AM%20FAMILY%20SUPERMARKET%22%20%2210461%22%20%28%22weekly%20ad%22%20OR%20circular%20OR%20flyer%20OR%20specials%29,advertised,,,,,,,,,,"Second-pass ZIP-targeted search URL. Open link, verify official store ad/circular, then replace with confirmed source URL.",https://duckduckgo.com/?q=%22AM%20FAMILY%20SUPERMARKET%22%20%2210461%22%20%28%22weekly%20ad%22%20OR%20circular%20OR%20flyer%20OR%20specials%29
742713,BESA MEAT AND GROCERY,10461,,ZIP-targeted web search (manual verify),https://duckduckgo.com/?q=%22BESA%20MEAT%20AND%20GROCERY%22%20%2210461%22%20%28%22weekly%20ad%22%20OR%20circular%20OR%20flyer%20OR%20specials%29,advertised,,,,,,,,,,"Second-pass ZIP-targeted search URL. Open link, verify official store ad/circular, then replace with confirmed source URL.",https://duckduckgo.com/?q=%22BESA%20MEAT%20AND%20GROCERY%22%20%2210461%22%20%28%22weekly%20ad%22%20OR%20circular%20OR%20flyer%20OR%20specials%29
609383,BUHRE GROCERY,10461,,ZIP-targeted web search (manual verify),https://duckduckgo.com/?q=%22BUHRE%20GROCERY%22%20%2210461%22%20%28%22weekly%20ad%22%20OR%20circular%20OR%20flyer%20OR%20specials%29,advertised,,,,,,,,,,"Second-pass ZIP-targeted search URL. Open link, verify official store ad/circular, then replace with confirmed source URL.",https://duckduckgo.com/?q=%22BUHRE%20GROCERY%22%20%2210461%22%20%28%22weekly%20ad%22%20OR%20circular%20OR%20flyer%20OR%20specials%29
729761,HICIANO BROTHERS GROCERY,10461,,ZIP-targeted web search (manual verify),https://duckduckgo.com/?q=%22HICIANO%20BROTHERS%20GROCERY%22%20%2210461%22%20%28%22weekly%20ad%22%20OR%20circular%20OR%20flyer%20OR%20specials%29,advertised,,,,,,,,,,"Second-pass ZIP-targeted search URL. Open link, verify official store ad/circular, then replace with confirmed source URL.",https://duckduckgo.com/?q=%22HICIANO%20BROTHERS%20GROCERY%22%20%2210461%22%20%28%22weekly%20ad%22%20OR%20circular%20OR%20flyer%20OR%20specials%29
605256,KEY FOOD 1323,10461,2026-05-23,Key Food / Food Universe Flyers,https://www.keyfood.com/flyers,advertised,,,,,,,,,,Matched to chain circular/weekly-ad source.,https://duckduckgo.com/?q=%22KEY%20FOOD%201323%22%20%2210461%22%20%28%22weekly%20ad%22%20OR%20circular%20OR%20flyer%20OR%20specials%29
739500,LOE APPLE GROCERY & PRODUCE,10461,,ZIP-targeted web search (manual verify),https://duckduckgo.com/?q=%22LOE%20APPLE%20GROCERY%20%26%20PRODUCE%22%20%2210461%22%20%28%22weekly%20ad%22%20OR%20circular%20OR%20flyer%20OR%20specials%29,advertised,,,,,,,,,,"Second-pass ZIP-targeted search URL. Open link, verify official store ad/circular, then replace with confirmed source URL.",https://duckduckgo.com/?q=%22LOE%20APPLE%20GROCERY%20%26%20PRODUCE%22%20%2210461%22%20%28%22weekly%20ad%22%20OR%20circular%20OR%20flyer%20OR%20specials%29
721469,PRUZZOS SUPERMARKET,10461,,ZIP-targeted web search (manual verify),https://duckduckgo.com/?q=%22PRUZZOS%20SUPERMARKET%22%20%2210461%22%20%28%22weekly%20ad%22%20OR%20circular%20OR%20flyer%20OR%20specials%29,advertised,,,,,,,,,,"Second-pass ZIP-targeted search URL. Open link, verify official store ad/circular, then replace with confirmed source URL.",https://duckduckgo.com/?q=%22PRUZZOS%20SUPERMARKET%22%20%2210461%22%20%28%22weekly%20ad%22%20OR%20circular%20OR%20flyer%20OR%20specials%29
607007,ROSA FRASCA GROCERY,10461,,ZIP-targeted web search (manual verify),https://duckduckgo.com/?q=%22ROSA%20FRASCA%20GROCERY%22%20%2210461%22%20%28%22weekly%20ad%22%20OR%20circular%20OR%20flyer%20OR%20specials%29,advertised,,,,,,,,,,"Second-pass ZIP-targeted search URL. Open link, verify official store ad/circular, then replace with confirmed source URL.",https://duckduckgo.com/?q=%22ROSA%20FRASCA%20GROCERY%22%20%2210461%22%20%28%22weekly%20ad%22%20OR%20circular%20OR%20flyer%20OR%20specials%29
750536,5 CORNERS GROCERY,10462,,ZIP-targeted web search (manual verify),https://duckduckgo.com/?q=%225%20CORNERS%20GROCERY%22%20%2210462%22%20%28%22weekly%20ad%22%20OR%20circular%20OR%20flyer%20OR%20specials%29,advertised,,,,,,,,,,"Second-pass ZIP-targeted search URL. Open link, verify official store ad/circular, then replace with confirmed source URL.",https://duckduckgo.com/?q=%225%20CORNERS%20GROCERY%22%20%2210462%22%20%28%22weekly%20ad%22%20OR%20circular%20OR%20flyer%20OR%20specials%29
607822,775 MENA GROCERY,10462,,ZIP-targeted web search (manual verify),https://duckduckgo.com/?q=%22775%20MENA%20GROCERY%22%20%2210462%22%20%28%22weekly%20ad%22%20OR%20circular%20OR%20flyer%20OR%20specials%29,advertised,,,,,,,,,,"Second-pass ZIP-targeted search URL. Open link, verify official store ad/circular, then replace with confirmed source URL.",https://duckduckgo.com/?q=%22775%20MENA%20GROCERY%22%20%2210462%22%20%28%22weekly%20ad%22%20OR%20circular%20OR%20flyer%20OR%20specials%29
759404,ADI'S SUPERMARKET,10462,,ZIP-targeted web search (manual verify),https://duckduckgo.com/?q=%22ADI%27S%20SUPERMARKET%22%20%2210462%22%20%28%22weekly%20ad%22%20OR%20circular%20OR%20flyer%20OR%20specials%29,advertised,,,,,,,,,,"Second-pass ZIP-targeted search URL. Open link, verify official store ad/circular, then replace with confirmed source URL.",https://duckduckgo.com/?q=%22ADI%27S%20SUPERMARKET%22%20%2210462%22%20%28%22weekly%20ad%22%20OR%20circular%20OR%20flyer%20OR%20specials%29
708686,AL-AQSA SUPERMARKET,10462,,ZIP-targeted web search (manual verify),https://duckduckgo.com/?q=%22AL-AQSA%20SUPERMARKET%22%20%2210462%22%20%28%22weekly%20ad%22%20OR%20circular%20OR%20flyer%20OR%20specials%29,advertised,,,,,,,,,,"Second-pass ZIP-targeted search URL. Open link, verify official store ad/circular, then replace with confirmed source URL.",https://duckduckgo.com/?q=%22AL-AQSA%20SUPERMARKET%22%20%2210462%22%20%28%22weekly%20ad%22%20OR%20circular%20OR%20flyer%20OR%20specials%29
764933,BANGLA BAZAR SUPERMARKET,10462,,ZIP-targeted web search (manual verify),https://duckduckgo.com/?q=%22BANGLA%20BAZAR%20SUPERMARKET%22%20%2210462%22%20%28%22weekly%20ad%22%20OR%20circular%20OR%20flyer%20OR%20specials%29,advertised,,,,,,,,,,"Second-pass ZIP-targeted search URL. Open link, verify official store ad/circular, then replace with confirmed source URL.",https://duckduckgo.com/?q=%22BANGLA%20BAZAR%20SUPERMARKET%22%20%2210462%22%20%28%22weekly%20ad%22%20OR%20circular%20OR%20flyer%20OR%20specials%29
742727,BARRY GROCERY,10462,,ZIP-targeted web search (manual verify),https://duckduckgo.com/?q=%22BARRY%20GROCERY%22%20%2210462%22%20%28%22weekly%20ad%22%20OR%20circular%20OR%20flyer%20OR%20specials%29,advertised,,,,,,,,,,"Second-pass ZIP-targeted search URL. Open link, verify official store ad/circular, then replace with confirmed source URL.",https://duckduckgo.com/?q=%22BARRY%20GROCERY%22%20%2210462%22%20%28%22weekly%20ad%22%20OR%20circular%20OR%20flyer%20OR%20specials%29
604942,BIG DEAL SUPERMARKET,10462,,ZIP-targeted web search (manual verify),https://duckduckgo.com/?q=%22BIG%20DEAL%20SUPERMARKET%22%20%2210462%22%20%28%22weekly%20ad%22%20OR%20circular%20OR%20flyer%20OR%20specials%29,advertised,,,,,,,,,,"Second-pass ZIP-targeted search URL. Open link, verify official store ad/circular, then replace with confirmed source URL.",https://duckduckgo.com/?q=%22BIG%20DEAL%20SUPERMARKET%22%20%2210462%22%20%28%22weekly%20ad%22%20OR%20circular%20OR%20flyer%20OR%20specials%29
754323,CASTLE HILL FRUITS & GROCERY,10462,,ZIP-targeted web search (manual verify),https://duckduckgo.com/?q=%22CASTLE%20HILL%20FRUITS%20%26%20GROCERY%22%20%2210462%22%20%28%22weekly%20ad%22%20OR%20circular%20OR%20flyer%20OR%20specials%29,advertised,,,,,,,,,,"Second-pass ZIP-targeted search URL. Open link, verify official store ad/circular, then replace with confirmed source URL.",https://duckduckgo.com/?q=%22CASTLE%20HILL%20FRUITS%20%26%20GROCERY%22%20%2210462%22%20%28%22weekly%20ad%22%20OR%20circular%20OR%20flyer%20OR%20specials%29
605286,CHANG LI SUPERMARKET,10462,,ZIP-targeted web search (manual verify),https://duckduckgo.com/?q=%22CHANG%20LI%20SUPERMARKET%22%20%2210462%22%20%28%22weekly%20ad%22%20OR%20circular%20OR%20flyer%20OR%20specials%29,advertised,,,,,,,,,,"Second-pass ZIP-targeted search URL. Open link, verify official store ad/circular, then replace with confirmed source URL.",https://duckduckgo.com/?q=%22CHANG%20LI%20SUPERMARKET%22%20%2210462%22%20%28%22weekly%20ad%22%20OR%20circular%20OR%20flyer%20OR%20specials%29
603070,FINE FARE SUPERMARKET,10462,2026-05-23,Fine Fare Store Site,https://www.finefaresupermarkets.com/,advertised,,,,,,,,,,Matched to chain circular/weekly-ad source.,https://duckduckgo.com/?q=%22FINE%20FARE%20SUPERMARKET%22%20%2210462%22%20%28%22weekly%20ad%22%20OR%20circular%20OR%20flyer%20OR%20specials%29
600951,FOODTOWN,10462,2026-05-23,Foodtown Weekly Circular,https://www.foodtown.com/,advertised,,,,,,,,,,Matched to chain circular/weekly-ad source.,https://duckduckgo.com/?q=%22FOODTOWN%22%20%2210462%22%20%28%22weekly%20ad%22%20OR%20circular%20OR%20flyer%20OR%20specials%29
747609,FRUITS VEGETABLES & GROCERY,10462,,ZIP-targeted web search (manual verify),https://duckduckgo.com/?q=%22FRUITS%20VEGETABLES%20%26%20GROCERY%22%20%2210462%22%20%28%22weekly%20ad%22%20OR%20circular%20OR%20flyer%20OR%20specials%29,advertised,,,,,,,,,,"Second-pass ZIP-targeted search URL. Open link, verify official store ad/circular, then replace with confirmed source URL.",https://duckduckgo.com/?q=%22FRUITS%20VEGETABLES%20%26%20GROCERY%22%20%2210462%22%20%28%22weekly%20ad%22%20OR%20circular%20OR%20flyer%20OR%20specials%29
751631,HASAN SUPERMARKET,10462,,ZIP-targeted web search (manual verify),https://duckduckgo.com/?q=%22HASAN%20SUPERMARKET%22%20%2210462%22%20%28%22weekly%20ad%22%20OR%20circular%20OR%20flyer%20OR%20specials%29,advertised,,,,,,,,,,"Second-pass ZIP-targeted search URL. Open link, verify official store ad/circular, then replace with confirmed source URL.",https://duckduckgo.com/?q=%22HASAN%20SUPERMARKET%22%20%2210462%22%20%28%22weekly%20ad%22%20OR%20circular%20OR%20flyer%20OR%20specials%29
605074,KEY FOOD SUPERMARKET,10462,2026-05-23,Key Food / Food Universe Flyers,https://www.keyfood.com/flyers,advertised,,,,,,,,,,Matched to chain circular/weekly-ad source.,https://duckduckgo.com/?q=%22KEY%20FOOD%20SUPERMARKET%22%20%2210462%22%20%28%22weekly%20ad%22%20OR%20circular%20OR%20flyer%20OR%20specials%29
710953,LUCKY CORNER GROCERY,10462,,ZIP-targeted web search (manual verify),https://duckduckgo.com/?q=%22LUCKY%20CORNER%20GROCERY%22%20%2210462%22%20%28%22weekly%20ad%22%20OR%20circular%20OR%20flyer%20OR%20specials%29,advertised,,,,,,,,,,"Second-pass ZIP-targeted search URL. Open link, verify official store ad/circular, then replace with confirmed source URL.",https://duckduckgo.com/?q=%22LUCKY%20CORNER%20GROCERY%22%20%2210462%22%20%28%22weekly%20ad%22%20OR%20circular%20OR%20flyer%20OR%20specials%29
751242,PELHAM SUPERMARKET,10462,,ZIP-targeted web search (manual verify),https://duckduckgo.com/?q=%22PELHAM%20SUPERMARKET%22%20%2210462%22%20%28%22weekly%20ad%22%20OR%20circular%20OR%20flyer%20OR%20specials%29,advertised,,,,,,,,,,"Second-pass ZIP-targeted search URL. Open link, verify official store ad/circular, then replace with confirmed source URL.",https://duckduckgo.com/?q=%22PELHAM%20SUPERMARKET%22%20%2210462%22%20%28%22weekly%20ad%22%20OR%20circular%20OR%20flyer%20OR%20specials%29
745532,SUPERFRESH SUPERMARKET,10462,2026-05-23,SuperFresh Weekly Sale,https://www.superfreshsupermarket.com/weekly-sale,advertised,,,,,,,,,,Matched to chain circular/weekly-ad source.,https://duckduckgo.com/?q=%22SUPERFRESH%20SUPERMARKET%22%20%2210462%22%20%28%22weekly%20ad%22%20OR%20circular%20OR%20flyer%20OR%20specials%29
713695,ALDI 5,10463,2026-05-23,ALDI Weekly Ad,https://www.aldi.us/weekly-specials/our-weekly-ads/,advertised,,,,,,,,,,Matched to chain circular/weekly-ad source.,https://duckduckgo.com/?q=%22ALDI%205%22%20%2210463%22%20%28%22weekly%20ad%22%20OR%20circular%20OR%20flyer%20OR%20specials%29
605866,FOODTOWN,10463,2026-05-23,Foodtown Weekly Circular,https://www.foodtown.com/,advertised,,,,,,,,,,Matched to chain circular/weekly-ad source.,https://duckduckgo.com/?q=%22FOODTOWN%22%20%2210463%22%20%28%22weekly%20ad%22%20OR%20circular%20OR%20flyer%20OR%20specials%29
604888,VARGAS GROCERY,10463,,ZIP-targeted web search (manual verify),https://duckduckgo.com/?q=%22VARGAS%20GROCERY%22%20%2210463%22%20%28%22weekly%20ad%22%20OR%20circular%20OR%20flyer%20OR%20specials%29,advertised,,,,,,,,,,"Second-pass ZIP-targeted search URL. Open link, verify official store ad/circular, then replace with confirmed source URL.",https://duckduckgo.com/?q=%22VARGAS%20GROCERY%22%20%2210463%22%20%28%22weekly%20ad%22%20OR%20circular%20OR%20flyer%20OR%20specials%29
737929,DOMINICKS MARKET/C-TOWN,10464,2026-05-23,CTown Weekly Ad,https://www.ctownsupermarkets.com/Weekly-Ad,advertised,,,,,,,,,,Matched to chain circular/weekly-ad source.,https://duckduckgo.com/?q=%22DOMINICKS%20MARKET/C-TOWN%22%20%2210464%22%20%28%22weekly%20ad%22%20OR%20circular%20OR%20flyer%20OR%20specials%29
605377,FINE FARE SUPERMARKET,10465,2026-05-23,Fine Fare Store Site,https://www.finefaresupermarkets.com/,advertised,,,,,,,,,,Matched to chain circular/weekly-ad source.,https://duckduckgo.com/?q=%22FINE%20FARE%20SUPERMARKET%22%20%2210465%22%20%28%22weekly%20ad%22%20OR%20circular%20OR%20flyer%20OR%20specials%29
749610,GREEN APPLE GOURMET & GROCERY,10465,,ZIP-targeted web search (manual verify),https://duckduckgo.com/?q=%22GREEN%20APPLE%20GOURMET%20%26%20GROCERY%22%20%2210465%22%20%28%22weekly%20ad%22%20OR%20circular%20OR%20flyer%20OR%20specials%29,advertised,,,,,,,,,,"Second-pass ZIP-targeted search URL. Open link, verify official store ad/circular, then replace with confirmed source URL.",https://duckduckgo.com/?q=%22GREEN%20APPLE%20GOURMET%20%26%20GROCERY%22%20%2210465%22%20%28%22weekly%20ad%22%20OR%20circular%20OR%20flyer%20OR%20specials%29
748313,LIZZIE'S SUPERMARKET,10465,,ZIP-targeted web search (manual verify),https://duckduckgo.com/?q=%22LIZZIE%27S%20SUPERMARKET%22%20%2210465%22%20%28%22weekly%20ad%22%20OR%20circular%20OR%20flyer%20OR%20specials%29,advertised,,,,,,,,,,"Second-pass ZIP-targeted search URL. Open link, verify official store ad/circular, then replace with confirmed source URL.",https://duckduckgo.com/?q=%22LIZZIE%27S%20SUPERMARKET%22%20%2210465%22%20%28%22weekly%20ad%22%20OR%20circular%20OR%20flyer%20OR%20specials%29
605747,S&W SUPERMARKET,10465,,ZIP-targeted web search (manual verify),https://duckduckgo.com/?q=%22S%26W%20SUPERMARKET%22%20%2210465%22%20%28%22weekly%20ad%22%20OR%20circular%20OR%20flyer%20OR%20specials%29,advertised,,,,,,,,,,"Second-pass ZIP-targeted search URL. Open link, verify official store ad/circular, then replace with confirmed source URL.",https://duckduckgo.com/?q=%22S%26W%20SUPERMARKET%22%20%2210465%22%20%28%22weekly%20ad%22%20OR%20circular%20OR%20flyer%20OR%20specials%29
746008,1681 GROCERY,10466,,ZIP-targeted web search (manual verify),https://duckduckgo.com/?q=%221681%20GROCERY%22%20%2210466%22%20%28%22weekly%20ad%22%20OR%20circular%20OR%20flyer%20OR%20specials%29,advertised,,,,,,,,,,"Second-pass ZIP-targeted search URL. Open link, verify official store ad/circular, then replace with confirmed source URL.",https://duckduckgo.com/?q=%221681%20GROCERY%22%20%2210466%22%20%28%22weekly%20ad%22%20OR%20circular%20OR%20flyer%20OR%20specials%29
748499,ABLAN GROCERY STORE,10466,,ZIP-targeted web search (manual verify),https://duckduckgo.com/?q=%22ABLAN%20GROCERY%20STORE%22%20%2210466%22%20%28%22weekly%20ad%22%20OR%20circular%20OR%20flyer%20OR%20specials%29,advertised,,,,,,,,,,"Second-pass ZIP-targeted search URL. Open link, verify official store ad/circular, then replace with confirmed source URL.",https://duckduckgo.com/?q=%22ABLAN%20GROCERY%20STORE%22%20%2210466%22%20%28%22weekly%20ad%22%20OR%20circular%20OR%20flyer%20OR%20specials%29
765762,CELINE T GROCERY,10466,,ZIP-targeted web search (manual verify),https://duckduckgo.com/?q=%22CELINE%20T%20GROCERY%22%20%2210466%22%20%28%22weekly%20ad%22%20OR%20circular%20OR%20flyer%20OR%20specials%29,advertised,,,,,,,,,,"Second-pass ZIP-targeted search URL. Open link, verify official store ad/circular, then replace with confirmed source URL.",https://duckduckgo.com/?q=%22CELINE%20T%20GROCERY%22%20%2210466%22%20%28%22weekly%20ad%22%20OR%20circular%20OR%20flyer%20OR%20specials%29
601536,FINE FARE SUPERMARKET,10466,2026-05-23,Fine Fare Store Site,https://www.finefaresupermarkets.com/,advertised,,,,,,,,,,Matched to chain circular/weekly-ad source.,https://duckduckgo.com/?q=%22FINE%20FARE%20SUPERMARKET%22%20%2210466%22%20%28%22weekly%20ad%22%20OR%20circular%20OR%20flyer%20OR%20specials%29
753697,IMPERIO GROCERY STORE,10466,,ZIP-targeted web search (manual verify),https://duckduckgo.com/?q=%22IMPERIO%20GROCERY%20STORE%22%20%2210466%22%20%28%22weekly%20ad%22%20OR%20circular%20OR%20flyer%20OR%20specials%29,advertised,,,,,,,,,,"Second-pass ZIP-targeted search URL. Open link, verify official store ad/circular, then replace with confirmed source URL.",https://duckduckgo.com/?q=%22IMPERIO%20GROCERY%20STORE%22%20%2210466%22%20%28%22weekly%20ad%22%20OR%20circular%20OR%20flyer%20OR%20specials%29
728645,LUPITAS MEXICAN GROCERY II,10466,,ZIP-targeted web search (manual verify),https://duckduckgo.com/?q=%22LUPITAS%20MEXICAN%20GROCERY%20II%22%20%2210466%22%20%28%22weekly%20ad%22%20OR%20circular%20OR%20flyer%20OR%20specials%29,advertised,,,,,,,,,,"Second-pass ZIP-targeted search URL. Open link, verify official store ad/circular, then replace with confirmed source URL.",https://duckduckgo.com/?q=%22LUPITAS%20MEXICAN%20GROCERY%20II%22%20%2210466%22%20%28%22weekly%20ad%22%20OR%20circular%20OR%20flyer%20OR%20specials%29
747907,MARLEY 2 GROCERY,10466,,ZIP-targeted web search (manual verify),https://duckduckgo.com/?q=%22MARLEY%202%20GROCERY%22%20%2210466%22%20%28%22weekly%20ad%22%20OR%20circular%20OR%20flyer%20OR%20specials%29,advertised,,,,,,,,,,"Second-pass ZIP-targeted search URL. Open link, verify official store ad/circular, then replace with confirmed source URL.",https://duckduckgo.com/?q=%22MARLEY%202%20GROCERY%22%20%2210466%22%20%28%22weekly%20ad%22%20OR%20circular%20OR%20flyer%20OR%20specials%29
753606,SHOP FAIR SUPERMARKET,10466,2026-05-23,Shop Fair Weekly Circular,https://www.shopfairsupermarkets.com/Circular4Page.aspx,advertised,,,,,,,,,,Matched to chain circular/weekly-ad source.,https://duckduckgo.com/?q=%22SHOP%20FAIR%20SUPERMARKET%22%20%2210466%22%20%28%22weekly%20ad%22%20OR%20circular%20OR%20flyer%20OR%20specials%29
746105,SUNSHINE SUPERMARKET,10466,,ZIP-targeted web search (manual verify),https://duckduckgo.com/?q=%22SUNSHINE%20SUPERMARKET%22%20%2210466%22%20%28%22weekly%20ad%22%20OR%20circular%20OR%20flyer%20OR%20specials%29,advertised,,,,,,,,,,"Second-pass ZIP-targeted search URL. Open link, verify official store ad/circular, then replace with confirmed source URL.",https://duckduckgo.com/?q=%22SUNSHINE%20SUPERMARKET%22%20%2210466%22%20%28%22weekly%20ad%22%20OR%20circular%20OR%20flyer%20OR%20specials%29
758711,TIM LOTTERY AND GROCERY,10466,,ZIP-targeted web search (manual verify),https://duckduckgo.com/?q=%22TIM%20LOTTERY%20AND%20GROCERY%22%20%2210466%22%20%28%22weekly%20ad%22%20OR%20circular%20OR%20flyer%20OR%20specials%29,advertised,,,,,,,,,,"Second-pass ZIP-targeted search URL. Open link, verify official store ad/circular, then replace with confirmed source URL.",https://duckduckgo.com/?q=%22TIM%20LOTTERY%20AND%20GROCERY%22%20%2210466%22%20%28%22weekly%20ad%22%20OR%20circular%20OR%20flyer%20OR%20specials%29
750154,Y&K LARA GROCERY,10466,,ZIP-targeted web search (manual verify),https://duckduckgo.com/?q=%22Y%26K%20LARA%20GROCERY%22%20%2210466%22%20%28%22weekly%20ad%22%20OR%20circular%20OR%20flyer%20OR%20specials%29,advertised,,,,,,,,,,"Second-pass ZIP-targeted search URL. Open link, verify official store ad/circular, then replace with confirmed source URL.",https://duckduckgo.com/?q=%22Y%26K%20LARA%20GROCERY%22%20%2210466%22%20%28%22weekly%20ad%22%20OR%20circular%20OR%20flyer%20OR%20specials%29
736355,YAFAI GROCERY,10466,,ZIP-targeted web search (manual verify),https://duckduckgo.com/?q=%22YAFAI%20GROCERY%22%20%2210466%22%20%28%22weekly%20ad%22%20OR%20circular%20OR%20flyer%20OR%20specials%29,advertised,,,,,,,,,,"Second-pass ZIP-targeted search URL. Open link, verify official store ad/circular, then replace with confirmed source URL.",https://duckduckgo.com/?q=%22YAFAI%20GROCERY%22%20%2210466%22%20%28%22weekly%20ad%22%20OR%20circular%20OR%20flyer%20OR%20specials%29
703060,10 NEIGHBORHOOD CANDY GROCERY,10467,,ZIP-targeted web search (manual verify),https://duckduckgo.com/?q=%2210%20NEIGHBORHOOD%20CANDY%20GROCERY%22%20%2210467%22%20%28%22weekly%20ad%22%20OR%20circular%20OR%20flyer%20OR%20specials%29,advertised,,,,,,,,,,"Second-pass ZIP-targeted search URL. Open link, verify official store ad/circular, then replace with confirmed source URL.",https://duckduckgo.com/?q=%2210%20NEIGHBORHOOD%20CANDY%20GROCERY%22%20%2210467%22%20%28%22weekly%20ad%22%20OR%20circular%20OR%20flyer%20OR%20specials%29
706321,2363 ROSEWOOD GROCERY,10467,,ZIP-targeted web search (manual verify),https://duckduckgo.com/?q=%222363%20ROSEWOOD%20GROCERY%22%20%2210467%22%20%28%22weekly%20ad%22%20OR%20circular%20OR%20flyer%20OR%20specials%29,advertised,,,,,,,,,,"Second-pass ZIP-targeted search URL. Open link, verify official store ad/circular, then replace with confirmed source URL.",https://duckduckgo.com/?q=%222363%20ROSEWOOD%20GROCERY%22%20%2210467%22%20%28%22weekly%20ad%22%20OR%20circular%20OR%20flyer%20OR%20specials%29
729082,A & Y GROCERY,10467,,ZIP-targeted web search (manual verify),https://duckduckgo.com/?q=%22A%20%26%20Y%20GROCERY%22%20%2210467%22%20%28%22weekly%20ad%22%20OR%20circular%20OR%20flyer%20OR%20specials%29,advertised,,,,,,,,,,"Second-pass ZIP-targeted search URL. Open link, verify official store ad/circular, then replace with confirmed source URL.",https://duckduckgo.com/?q=%22A%20%26%20Y%20GROCERY%22%20%2210467%22%20%28%22weekly%20ad%22%20OR%20circular%20OR%20flyer%20OR%20specials%29
743363,AFAA AFRICAN SUPERMARKET,10467,,ZIP-targeted web search (manual verify),https://duckduckgo.com/?q=%22AFAA%20AFRICAN%20SUPERMARKET%22%20%2210467%22%20%28%22weekly%20ad%22%20OR%20circular%20OR%20flyer%20OR%20specials%29,advertised,,,,,,,,,,"Second-pass ZIP-targeted search URL. Open link, verify official store ad/circular, then replace with confirmed source URL.",https://duckduckgo.com/?q=%22AFAA%20AFRICAN%20SUPERMARKET%22%20%2210467%22%20%28%22weekly%20ad%22%20OR%20circular%20OR%20flyer%20OR%20specials%29
751372,ALLERTON GROCERY & CONVENIENCE,10467,,ZIP-targeted web search (manual verify),https://duckduckgo.com/?q=%22ALLERTON%20GROCERY%20%26%20CONVENIENCE%22%20%2210467%22%20%28%22weekly%20ad%22%20OR%20circular%20OR%20flyer%20OR%20specials%29,advertised,,,,,,,,,,"Second-pass ZIP-targeted search URL. Open link, verify official store ad/circular, then replace with confirmed source URL.",https://duckduckgo.com/?q=%22ALLERTON%20GROCERY%20%26%20CONVENIENCE%22%20%2210467%22%20%28%22weekly%20ad%22%20OR%20circular%20OR%20flyer%20OR%20specials%29
760050,C&S AFRICAN-CARIBBEAN SUPERMARKET,10467,,ZIP-targeted web search (manual verify),https://duckduckgo.com/?q=%22C%26S%20AFRICAN-CARIBBEAN%20SUPERMARKET%22%20%2210467%22%20%28%22weekly%20ad%22%20OR%20circular%20OR%20flyer%20OR%20specials%29,advertised,,,,,,,,,,"Second-pass ZIP-targeted search URL. Open link, verify official store ad/circular, then replace with confirmed source URL.",https://duckduckgo.com/?q=%22C%26S%20AFRICAN-CARIBBEAN%20SUPERMARKET%22%20%2210467%22%20%28%22weekly%20ad%22%20OR%20circular%20OR%20flyer%20OR%20specials%29
606115,DHAKA DISCOUNT&GROCERY,10467,,ZIP-targeted web search (manual verify),https://duckduckgo.com/?q=%22DHAKA%20DISCOUNT%26GROCERY%22%20%2210467%22%20%28%22weekly%20ad%22%20OR%20circular%20OR%20flyer%20OR%20specials%29,advertised,,,,,,,,,,"Second-pass ZIP-targeted search URL. Open link, verify official store ad/circular, then replace with confirmed source URL.",https://duckduckgo.com/?q=%22DHAKA%20DISCOUNT%26GROCERY%22%20%2210467%22%20%28%22weekly%20ad%22%20OR%20circular%20OR%20flyer%20OR%20specials%29
763011,ESTRELLA MEATS FRUITS & GROCERY 2,10467,,ZIP-targeted web search (manual verify),https://duckduckgo.com/?q=%22ESTRELLA%20MEATS%20FRUITS%20%26%20GROCERY%202%22%20%2210467%22%20%28%22weekly%20ad%22%20OR%20circular%20OR%20flyer%20OR%20specials%29,advertised,,,,,,,,,,"Second-pass ZIP-targeted search URL. Open link, verify official store ad/circular, then replace with confirmed source URL.",https://duckduckgo.com/?q=%22ESTRELLA%20MEATS%20FRUITS%20%26%20GROCERY%202%22%20%2210467%22%20%28%22weekly%20ad%22%20OR%20circular%20OR%20flyer%20OR%20specials%29
608992,FINE FARE SUPERMARKET,10467,2026-05-23,Fine Fare Store Site,https://www.finefaresupermarkets.com/,advertised,,,,,,,,,,Matched to chain circular/weekly-ad source.,https://duckduckgo.com/?q=%22FINE%20FARE%20SUPERMARKET%22%20%2210467%22%20%28%22weekly%20ad%22%20OR%20circular%20OR%20flyer%20OR%20specials%29
605622,FINE FARE SUPERMARKET,10467,2026-05-23,Fine Fare Store Site,https://www.finefaresupermarkets.com/,advertised,,,,,,,,,,Matched to chain circular/weekly-ad source.,https://duckduckgo.com/?q=%22FINE%20FARE%20SUPERMARKET%22%20%2210467%22%20%28%22weekly%20ad%22%20OR%20circular%20OR%20flyer%20OR%20specials%29
600998,FINE FARE SUPERMARKET,10467,2026-05-23,Fine Fare Store Site,https://www.finefaresupermarkets.com/,advertised,,,,,,,,,,Matched to chain circular/weekly-ad source.,https://duckduckgo.com/?q=%22FINE%20FARE%20SUPERMARKET%22%20%2210467%22%20%28%22weekly%20ad%22%20OR%20circular%20OR%20flyer%20OR%20specials%29
604092,FOODTOWN #647,10467,2026-05-23,Foodtown Weekly Circular,https://www.foodtown.com/,advertised,,,,,,,,,,Matched to chain circular/weekly-ad source.,https://duckduckgo.com/?q=%22FOODTOWN%20%23647%22%20%2210467%22%20%28%22weekly%20ad%22%20OR%20circular%20OR%20flyer%20OR%20specials%29
717610,IZZY GROCERY,10467,,ZIP-targeted web search (manual verify),https://duckduckgo.com/?q=%22IZZY%20GROCERY%22%20%2210467%22%20%28%22weekly%20ad%22%20OR%20circular%20OR%20flyer%20OR%20specials%29,advertised,,,,,,,,,,"Second-pass ZIP-targeted search URL. Open link, verify official store ad/circular, then replace with confirmed source URL.",https://duckduckgo.com/?q=%22IZZY%20GROCERY%22%20%2210467%22%20%28%22weekly%20ad%22%20OR%20circular%20OR%20flyer%20OR%20specials%29
753938,JAHANGIR GENERAL GROCERY,10467,,ZIP-targeted web search (manual verify),https://duckduckgo.com/?q=%22JAHANGIR%20GENERAL%20GROCERY%22%20%2210467%22%20%28%22weekly%20ad%22%20OR%20circular%20OR%20flyer%20OR%20specials%29,advertised,,,,,,,,,,"Second-pass ZIP-targeted search URL. Open link, verify official store ad/circular, then replace with confirmed source URL.",https://duckduckgo.com/?q=%22JAHANGIR%20GENERAL%20GROCERY%22%20%2210467%22%20%28%22weekly%20ad%22%20OR%20circular%20OR%20flyer%20OR%20specials%29
753651,KEY FOOD,10467,2026-05-23,Key Food / Food Universe Flyers,https://www.keyfood.com/flyers,advertised,,,,,,,,,,Matched to chain circular/weekly-ad source.,https://duckduckgo.com/?q=%22KEY%20FOOD%22%20%2210467%22%20%28%22weekly%20ad%22%20OR%20circular%20OR%20flyer%20OR%20specials%29
609116,LUPITAS MEXICAN GROCERY,10467,,ZIP-targeted web search (manual verify),https://duckduckgo.com/?q=%22LUPITAS%20MEXICAN%20GROCERY%22%20%2210467%22%20%28%22weekly%20ad%22%20OR%20circular%20OR%20flyer%20OR%20specials%29,advertised,,,,,,,,,,"Second-pass ZIP-targeted search URL. Open link, verify official store ad/circular, then replace with confirmed source URL.",https://duckduckgo.com/?q=%22LUPITAS%20MEXICAN%20GROCERY%22%20%2210467%22%20%28%22weekly%20ad%22%20OR%20circular%20OR%20flyer%20OR%20specials%29
704515,MERCEDES GROCERY,10467,,ZIP-targeted web search (manual verify),https://duckduckgo.com/?q=%22MERCEDES%20GROCERY%22%20%2210467%22%20%28%22weekly%20ad%22%20OR%20circular%20OR%20flyer%20OR%20specials%29,advertised,,,,,,,,,,"Second-pass ZIP-targeted search URL. Open link, verify official store ad/circular, then replace with confirmed source URL.",https://duckduckgo.com/?q=%22MERCEDES%20GROCERY%22%20%2210467%22%20%28%22weekly%20ad%22%20OR%20circular%20OR%20flyer%20OR%20specials%29
719777,MORONTAS SUPERMARKET,10467,,ZIP-targeted web search (manual verify),https://duckduckgo.com/?q=%22MORONTAS%20SUPERMARKET%22%20%2210467%22%20%28%22weekly%20ad%22%20OR%20circular%20OR%20flyer%20OR%20specials%29,advertised,,,,,,,,,,"Second-pass ZIP-targeted search URL. Open link, verify official store ad/circular, then replace with confirmed source URL.",https://duckduckgo.com/?q=%22MORONTAS%20SUPERMARKET%22%20%2210467%22%20%28%22weekly%20ad%22%20OR%20circular%20OR%20flyer%20OR%20specials%29
607475,MOSES CANDY & GROCERY,10467,,ZIP-targeted web search (manual verify),https://duckduckgo.com/?q=%22MOSES%20CANDY%20%26%20GROCERY%22%20%2210467%22%20%28%22weekly%20ad%22%20OR%20circular%20OR%20flyer%20OR%20specials%29,advertised,,,,,,,,,,"Second-pass ZIP-targeted search URL. Open link, verify official store ad/circular, then replace with confirmed source URL.",https://duckduckgo.com/?q=%22MOSES%20CANDY%20%26%20GROCERY%22%20%2210467%22%20%28%22weekly%20ad%22%20OR%20circular%20OR%20flyer%20OR%20specials%29
757821,PEACEFUL GROCERY MARKET,10467,,ZIP-targeted web search (manual verify),https://duckduckgo.com/?q=%22PEACEFUL%20GROCERY%20MARKET%22%20%2210467%22%20%28%22weekly%20ad%22%20OR%20circular%20OR%20flyer%20OR%20specials%29,advertised,,,,,,,,,,"Second-pass ZIP-targeted search URL. Open link, verify official store ad/circular, then replace with confirmed source URL.",https://duckduckgo.com/?q=%22PEACEFUL%20GROCERY%20MARKET%22%20%2210467%22%20%28%22weekly%20ad%22%20OR%20circular%20OR%20flyer%20OR%20specials%29
763585,PRIME GROCERY AND VEGETABLE,10467,,ZIP-targeted web search (manual verify),https://duckduckgo.com/?q=%22PRIME%20GROCERY%20AND%20VEGETABLE%22%20%2210467%22%20%28%22weekly%20ad%22%20OR%20circular%20OR%20flyer%20OR%20specials%29,advertised,,,,,,,,,,"Second-pass ZIP-targeted search URL. Open link, verify official store ad/circular, then replace with confirmed source URL.",https://duckduckgo.com/?q=%22PRIME%20GROCERY%20AND%20VEGETABLE%22%20%2210467%22%20%28%22weekly%20ad%22%20OR%20circular%20OR%20flyer%20OR%20specials%29
758171,TIMS CANDY & GROCERY,10467,,ZIP-targeted web search (manual verify),https://duckduckgo.com/?q=%22TIMS%20CANDY%20%26%20GROCERY%22%20%2210467%22%20%28%22weekly%20ad%22%20OR%20circular%20OR%20flyer%20OR%20specials%29,advertised,,,,,,,,,,"Second-pass ZIP-targeted search URL. Open link, verify official store ad/circular, then replace with confirmed source URL.",https://duckduckgo.com/?q=%22TIMS%20CANDY%20%26%20GROCERY%22%20%2210467%22%20%28%22weekly%20ad%22%20OR%20circular%20OR%20flyer%20OR%20specials%29
745003,WESTERN BEEF,10467,2026-05-23,Western Beef Weekly Sales,https://www.westernbeef.com/sales,advertised,,,,,,,,,,Matched to chain circular/weekly-ad source.,https://duckduckgo.com/?q=%22WESTERN%20BEEF%22%20%2210467%22%20%28%22weekly%20ad%22%20OR%20circular%20OR%20flyer%20OR%20specials%29
727658,2408 M & E GROCERY,10468,,ZIP-targeted web search (manual verify),https://duckduckgo.com/?q=%222408%20M%20%26%20E%20GROCERY%22%20%2210468%22%20%28%22weekly%20ad%22%20OR%20circular%20OR%20flyer%20OR%20specials%29,advertised,,,,,,,,,,"Second-pass ZIP-targeted search URL. Open link, verify official store ad/circular, then replace with confirmed source URL.",https://duckduckgo.com/?q=%222408%20M%20%26%20E%20GROCERY%22%20%2210468%22%20%28%22weekly%20ad%22%20OR%20circular%20OR%20flyer%20OR%20specials%29
605014,C-TOWN SUPERMARKET,10468,2026-05-23,CTown Weekly Ad,https://www.ctownsupermarkets.com/Weekly-Ad,advertised,,,,,,,,,,Matched to chain circular/weekly-ad source.,https://duckduckgo.com/?q=%22C-TOWN%20SUPERMARKET%22%20%2210468%22%20%28%22weekly%20ad%22%20OR%20circular%20OR%20flyer%20OR%20specials%29
603400,FINE FARE SUPERMARKET,10468,2026-05-23,Fine Fare Store Site,https://www.finefaresupermarkets.com/,advertised,,,,,,,,,,Matched to chain circular/weekly-ad source.,https://duckduckgo.com/?q=%22FINE%20FARE%20SUPERMARKET%22%20%2210468%22%20%28%22weekly%20ad%22%20OR%20circular%20OR%20flyer%20OR%20specials%29
758879,FM GROCERY & CANDY,10468,,ZIP-targeted web search (manual verify),https://duckduckgo.com/?q=%22FM%20GROCERY%20%26%20CANDY%22%20%2210468%22%20%28%22weekly%20ad%22%20OR%20circular%20OR%20flyer%20OR%20specials%29,advertised,,,,,,,,,,"Second-pass ZIP-targeted search URL. Open link, verify official store ad/circular, then replace with confirmed source URL.",https://duckduckgo.com/?q=%22FM%20GROCERY%20%26%20CANDY%22%20%2210468%22%20%28%22weekly%20ad%22%20OR%20circular%20OR%20flyer%20OR%20specials%29
607095,MANGO GROCERY&MEAT,10468,,ZIP-targeted web search (manual verify),https://duckduckgo.com/?q=%22MANGO%20GROCERY%26MEAT%22%20%2210468%22%20%28%22weekly%20ad%22%20OR%20circular%20OR%20flyer%20OR%20specials%29,advertised,,,,,,,,,,"Second-pass ZIP-targeted search URL. Open link, verify official store ad/circular, then replace with confirmed source URL.",https://duckduckgo.com/?q=%22MANGO%20GROCERY%26MEAT%22%20%2210468%22%20%28%22weekly%20ad%22%20OR%20circular%20OR%20flyer%20OR%20specials%29
754856,WEST FORDHAM GROCERY,10468,,ZIP-targeted web search (manual verify),https://duckduckgo.com/?q=%22WEST%20FORDHAM%20GROCERY%22%20%2210468%22%20%28%22weekly%20ad%22%20OR%20circular%20OR%20flyer%20OR%20specials%29,advertised,,,,,,,,,,"Second-pass ZIP-targeted search URL. Open link, verify official store ad/circular, then replace with confirmed source URL.",https://duckduckgo.com/?q=%22WEST%20FORDHAM%20GROCERY%22%20%2210468%22%20%28%22weekly%20ad%22%20OR%20circular%20OR%20flyer%20OR%20specials%29
748442,YANKEE SUPERMARKET,10468,,ZIP-targeted web search (manual verify),https://duckduckgo.com/?q=%22YANKEE%20SUPERMARKET%22%20%2210468%22%20%28%22weekly%20ad%22%20OR%20circular%20OR%20flyer%20OR%20specials%29,advertised,,,,,,,,,,"Second-pass ZIP-targeted search URL. Open link, verify official store ad/circular, then replace with confirmed source URL.",https://duckduckgo.com/?q=%22YANKEE%20SUPERMARKET%22%20%2210468%22%20%28%22weekly%20ad%22%20OR%20circular%20OR%20flyer%20OR%20specials%29
768373,2490 GROCERY HOUSEWARE,10469,,ZIP-targeted web search (manual verify),https://duckduckgo.com/?q=%222490%20GROCERY%20HOUSEWARE%22%20%2210469%22%20%28%22weekly%20ad%22%20OR%20circular%20OR%20flyer%20OR%20specials%29,advertised,,,,,,,,,,"Second-pass ZIP-targeted search URL. Open link, verify official store ad/circular, then replace with confirmed source URL.",https://duckduckgo.com/?q=%222490%20GROCERY%20HOUSEWARE%22%20%2210469%22%20%28%22weekly%20ad%22%20OR%20circular%20OR%20flyer%20OR%20specials%29
609420,ALDI #19,10469,2026-05-23,ALDI Weekly Ad,https://www.aldi.us/weekly-specials/our-weekly-ads/,advertised,,,,,,,,,,Matched to chain circular/weekly-ad source.,https://duckduckgo.com/?q=%22ALDI%20%2319%22%20%2210469%22%20%28%22weekly%20ad%22%20OR%20circular%20OR%20flyer%20OR%20specials%29
603275,FELU GROCERY,10469,,ZIP-targeted web search (manual verify),https://duckduckgo.com/?q=%22FELU%20GROCERY%22%20%2210469%22%20%28%22weekly%20ad%22%20OR%20circular%20OR%20flyer%20OR%20specials%29,advertised,,,,,,,,,,"Second-pass ZIP-targeted search URL. Open link, verify official store ad/circular, then replace with confirmed source URL.",https://duckduckgo.com/?q=%22FELU%20GROCERY%22%20%2210469%22%20%28%22weekly%20ad%22%20OR%20circular%20OR%20flyer%20OR%20specials%29
763136,FINE FARE SUPERMARKET,10469,2026-05-23,Fine Fare Store Site,https://www.finefaresupermarkets.com/,advertised,,,,,,,,,,Matched to chain circular/weekly-ad source.,https://duckduckgo.com/?q=%22FINE%20FARE%20SUPERMARKET%22%20%2210469%22%20%28%22weekly%20ad%22%20OR%20circular%20OR%20flyer%20OR%20specials%29
608943,FOODTOWN SUPERMARKET,10469,2026-05-23,Foodtown Weekly Circular,https://www.foodtown.com/,advertised,,,,,,,,,,Matched to chain circular/weekly-ad source.,https://duckduckgo.com/?q=%22FOODTOWN%20SUPERMARKET%22%20%2210469%22%20%28%22weekly%20ad%22%20OR%20circular%20OR%20flyer%20OR%20specials%29
754240,GNG EUROPEAN GROCERY,10469,,ZIP-targeted web search (manual verify),https://duckduckgo.com/?q=%22GNG%20EUROPEAN%20GROCERY%22%20%2210469%22%20%28%22weekly%20ad%22%20OR%20circular%20OR%20flyer%20OR%20specials%29,advertised,,,,,,,,,,"Second-pass ZIP-targeted search URL. Open link, verify official store ad/circular, then replace with confirmed source URL.",https://duckduckgo.com/?q=%22GNG%20EUROPEAN%20GROCERY%22%20%2210469%22%20%28%22weekly%20ad%22%20OR%20circular%20OR%20flyer%20OR%20specials%29
609488,ROMANA GROCERY,10469,,ZIP-targeted web search (manual verify),https://duckduckgo.com/?q=%22ROMANA%20GROCERY%22%20%2210469%22%20%28%22weekly%20ad%22%20OR%20circular%20OR%20flyer%20OR%20specials%29,advertised,,,,,,,,,,"Second-pass ZIP-targeted search URL. Open link, verify official store ad/circular, then replace with confirmed source URL.",https://duckduckgo.com/?q=%22ROMANA%20GROCERY%22%20%2210469%22%20%28%22weekly%20ad%22%20OR%20circular%20OR%20flyer%20OR%20specials%29
742074,B & R CANDY GROCERY,10470,,ZIP-targeted web search (manual verify),https://duckduckgo.com/?q=%22B%20%26%20R%20CANDY%20GROCERY%22%20%2210470%22%20%28%22weekly%20ad%22%20OR%20circular%20OR%20flyer%20OR%20specials%29,advertised,,,,,,,,,,"Second-pass ZIP-targeted search URL. Open link, verify official store ad/circular, then replace with confirmed source URL.",https://duckduckgo.com/?q=%22B%20%26%20R%20CANDY%20GROCERY%22%20%2210470%22%20%28%22weekly%20ad%22%20OR%20circular%20OR%20flyer%20OR%20specials%29
710422,C-TOWN SUPERMARKET,10470,2026-05-23,CTown Weekly Ad,https://www.ctownsupermarkets.com/Weekly-Ad,advertised,,,,,,,,,,Matched to chain circular/weekly-ad source.,https://duckduckgo.com/?q=%22C-TOWN%20SUPERMARKET%22%20%2210470%22%20%28%22weekly%20ad%22%20OR%20circular%20OR%20flyer%20OR%20specials%29
743955,MET FOOD,10470,2026-05-23,Met Foods Weekly Ad,https://www.metfoods.com/weekly-ad/,advertised,,,,,,,,,,Matched to chain circular/weekly-ad source.,https://duckduckgo.com/?q=%22MET%20FOOD%22%20%2210470%22%20%28%22weekly%20ad%22%20OR%20circular%20OR%20flyer%20OR%20specials%29
751495,SMA GROCERY,10470,,ZIP-targeted web search (manual verify),https://duckduckgo.com/?q=%22SMA%20GROCERY%22%20%2210470%22%20%28%22weekly%20ad%22%20OR%20circular%20OR%20flyer%20OR%20specials%29,advertised,,,,,,,,,,"Second-pass ZIP-targeted search URL. Open link, verify official store ad/circular, then replace with confirmed source URL.",https://duckduckgo.com/?q=%22SMA%20GROCERY%22%20%2210470%22%20%28%22weekly%20ad%22%20OR%20circular%20OR%20flyer%20OR%20specials%29
739700,C TOWN SUPERMARKET,10471,2026-05-23,CTown Weekly Ad,https://www.ctownsupermarkets.com/Weekly-Ad,advertised,,,,,,,,,,Matched to chain circular/weekly-ad source.,https://duckduckgo.com/?q=%22C%20TOWN%20SUPERMARKET%22%20%2210471%22%20%28%22weekly%20ad%22%20OR%20circular%20OR%20flyer%20OR%20specials%29
743704,KEY FOOD SUPERMARKET,10471,2026-05-23,Key Food / Food Universe Flyers,https://www.keyfood.com/flyers,advertised,,,,,,,,,,Matched to chain circular/weekly-ad source.,https://duckduckgo.com/?q=%22KEY%20FOOD%20SUPERMARKET%22%20%2210471%22%20%28%22weekly%20ad%22%20OR%20circular%20OR%20flyer%20OR%20specials%29
766017,1203 WEST INDIAN GROCERY,10472,,ZIP-targeted web search (manual verify),https://duckduckgo.com/?q=%221203%20WEST%20INDIAN%20GROCERY%22%20%2210472%22%20%28%22weekly%20ad%22%20OR%20circular%20OR%20flyer%20OR%20specials%29,advertised,,,,,,,,,,"Second-pass ZIP-targeted search URL. Open link, verify official store ad/circular, then replace with confirmed source URL.",https://duckduckgo.com/?q=%221203%20WEST%20INDIAN%20GROCERY%22%20%2210472%22%20%28%22weekly%20ad%22%20OR%20circular%20OR%20flyer%20OR%20specials%29
736203,1537 GROCERY,10472,,ZIP-targeted web search (manual verify),https://duckduckgo.com/?q=%221537%20GROCERY%22%20%2210472%22%20%28%22weekly%20ad%22%20OR%20circular%20OR%20flyer%20OR%20specials%29,advertised,,,,,,,,,,"Second-pass ZIP-targeted search URL. Open link, verify official store ad/circular, then replace with confirmed source URL.",https://duckduckgo.com/?q=%221537%20GROCERY%22%20%2210472%22%20%28%22weekly%20ad%22%20OR%20circular%20OR%20flyer%20OR%20specials%29
748105,1781 WESTCHESTER GROCERY & CANDY,10472,,ZIP-targeted web search (manual verify),https://duckduckgo.com/?q=%221781%20WESTCHESTER%20GROCERY%20%26%20CANDY%22%20%2210472%22%20%28%22weekly%20ad%22%20OR%20circular%20OR%20flyer%20OR%20specials%29,advertised,,,,,,,,,,"Second-pass ZIP-targeted search URL. Open link, verify official store ad/circular, then replace with confirmed source URL.",https://duckduckgo.com/?q=%221781%20WESTCHESTER%20GROCERY%20%26%20CANDY%22%20%2210472%22%20%28%22weekly%20ad%22%20OR%20circular%20OR%20flyer%20OR%20specials%29
750478,1791 SAN ANTONIO GROCERY,10472,,ZIP-targeted web search (manual verify),https://duckduckgo.com/?q=%221791%20SAN%20ANTONIO%20GROCERY%22%20%2210472%22%20%28%22weekly%20ad%22%20OR%20circular%20OR%20flyer%20OR%20specials%29,advertised,,,,,,,,,,"Second-pass ZIP-targeted search URL. Open link, verify official store ad/circular, then replace with confirmed source URL.",https://duckduckgo.com/?q=%221791%20SAN%20ANTONIO%20GROCERY%22%20%2210472%22%20%28%22weekly%20ad%22%20OR%20circular%20OR%20flyer%20OR%20specials%29
743950,3 HERMANOS GROCERY,10472,,ZIP-targeted web search (manual verify),https://duckduckgo.com/?q=%223%20HERMANOS%20GROCERY%22%20%2210472%22%20%28%22weekly%20ad%22%20OR%20circular%20OR%20flyer%20OR%20specials%29,advertised,,,,,,,,,,"Second-pass ZIP-targeted search URL. Open link, verify official store ad/circular, then replace with confirmed source URL.",https://duckduckgo.com/?q=%223%20HERMANOS%20GROCERY%22%20%2210472%22%20%28%22weekly%20ad%22%20OR%20circular%20OR%20flyer%20OR%20specials%29
741856,AGRAMONTE GROCERY STORE,10472,,ZIP-targeted web search (manual verify),https://duckduckgo.com/?q=%22AGRAMONTE%20GROCERY%20STORE%22%20%2210472%22%20%28%22weekly%20ad%22%20OR%20circular%20OR%20flyer%20OR%20specials%29,advertised,,,,,,,,,,"Second-pass ZIP-targeted search URL. Open link, verify official store ad/circular, then replace with confirmed source URL.",https://duckduckgo.com/?q=%22AGRAMONTE%20GROCERY%20STORE%22%20%2210472%22%20%28%22weekly%20ad%22%20OR%20circular%20OR%20flyer%20OR%20specials%29
602513,ASSOCIATED 867,10472,2026-05-23,Associated Supermarkets Weekly Ad,https://www.yapik.com/us/associated-supermarkets/weekly-ad,advertised,,,,,,,,,,Matched to third-party weekly-ad index for this chain; verify store-specific ad before final use.,https://duckduckgo.com/?q=%22ASSOCIATED%20867%22%20%2210472%22%20%28%22weekly%20ad%22%20OR%20circular%20OR%20flyer%20OR%20specials%29
609486,BANGLATOWN SUPERMARKET,10472,,ZIP-targeted web search (manual verify),https://duckduckgo.com/?q=%22BANGLATOWN%20SUPERMARKET%22%20%2210472%22%20%28%22weekly%20ad%22%20OR%20circular%20OR%20flyer%20OR%20specials%29,advertised,,,,,,,,,,"Second-pass ZIP-targeted search URL. Open link, verify official store ad/circular, then replace with confirmed source URL.",https://duckduckgo.com/?q=%22BANGLATOWN%20SUPERMARKET%22%20%2210472%22%20%28%22weekly%20ad%22%20OR%20circular%20OR%20flyer%20OR%20specials%29
608127,ELDER AVE #2 GROCERY,10472,,ZIP-targeted web search (manual verify),https://duckduckgo.com/?q=%22ELDER%20AVE%20%232%20GROCERY%22%20%2210472%22%20%28%22weekly%20ad%22%20OR%20circular%20OR%20flyer%20OR%20specials%29,advertised,,,,,,,,,,"Second-pass ZIP-targeted search URL. Open link, verify official store ad/circular, then replace with confirmed source URL.",https://duckduckgo.com/?q=%22ELDER%20AVE%20%232%20GROCERY%22%20%2210472%22%20%28%22weekly%20ad%22%20OR%20circular%20OR%20flyer%20OR%20specials%29
605815,FINE FARE SUPERMARKET,10472,2026-05-23,Fine Fare Store Site,https://www.finefaresupermarkets.com/,advertised,,,,,,,,,,Matched to chain circular/weekly-ad source.,https://duckduckgo.com/?q=%22FINE%20FARE%20SUPERMARKET%22%20%2210472%22%20%28%22weekly%20ad%22%20OR%20circular%20OR%20flyer%20OR%20specials%29
606112,JAS GROCERY STORE,10472,,ZIP-targeted web search (manual verify),https://duckduckgo.com/?q=%22JAS%20GROCERY%20STORE%22%20%2210472%22%20%28%22weekly%20ad%22%20OR%20circular%20OR%20flyer%20OR%20specials%29,advertised,,,,,,,,,,"Second-pass ZIP-targeted search URL. Open link, verify official store ad/circular, then replace with confirmed source URL.",https://duckduckgo.com/?q=%22JAS%20GROCERY%20STORE%22%20%2210472%22%20%28%22weekly%20ad%22%20OR%20circular%20OR%20flyer%20OR%20specials%29
755175,LALA'S GROCERY,10472,,ZIP-targeted web search (manual verify),https://duckduckgo.com/?q=%22LALA%27S%20GROCERY%22%20%2210472%22%20%28%22weekly%20ad%22%20OR%20circular%20OR%20flyer%20OR%20specials%29,advertised,,,,,,,,,,"Second-pass ZIP-targeted search URL. Open link, verify official store ad/circular, then replace with confirmed source URL.",https://duckduckgo.com/?q=%22LALA%27S%20GROCERY%22%20%2210472%22%20%28%22weekly%20ad%22%20OR%20circular%20OR%20flyer%20OR%20specials%29
724428,NEW MEXICAN FRUITS & GROCERY,10472,,ZIP-targeted web search (manual verify),https://duckduckgo.com/?q=%22NEW%20MEXICAN%20FRUITS%20%26%20GROCERY%22%20%2210472%22%20%28%22weekly%20ad%22%20OR%20circular%20OR%20flyer%20OR%20specials%29,advertised,,,,,,,,,,"Second-pass ZIP-targeted search URL. Open link, verify official store ad/circular, then replace with confirmed source URL.",https://duckduckgo.com/?q=%22NEW%20MEXICAN%20FRUITS%20%26%20GROCERY%22%20%2210472%22%20%28%22weekly%20ad%22%20OR%20circular%20OR%20flyer%20OR%20specials%29
713298,UNIVERSAL CANDY & GROCERY,10472,,ZIP-targeted web search (manual verify),https://duckduckgo.com/?q=%22UNIVERSAL%20CANDY%20%26%20GROCERY%22%20%2210472%22%20%28%22weekly%20ad%22%20OR%20circular%20OR%20flyer%20OR%20specials%29,advertised,,,,,,,,,,"Second-pass ZIP-targeted search URL. Open link, verify official store ad/circular, then replace with confirmed source URL.",https://duckduckgo.com/?q=%22UNIVERSAL%20CANDY%20%26%20GROCERY%22%20%2210472%22%20%28%22weekly%20ad%22%20OR%20circular%20OR%20flyer%20OR%20specials%29
754647,W & M GROCERY,10472,,ZIP-targeted web search (manual verify),https://duckduckgo.com/?q=%22W%20%26%20M%20GROCERY%22%20%2210472%22%20%28%22weekly%20ad%22%20OR%20circular%20OR%20flyer%20OR%20specials%29,advertised,,,,,,,,,,"Second-pass ZIP-targeted search URL. Open link, verify official store ad/circular, then replace with confirmed source URL.",https://duckduckgo.com/?q=%22W%20%26%20M%20GROCERY%22%20%2210472%22%20%28%22weekly%20ad%22%20OR%20circular%20OR%20flyer%20OR%20specials%29
717586,WESTERN BEEF STORE #062,10472,2026-05-23,Western Beef Weekly Sales,https://www.westernbeef.com/sales,advertised,,,,,,,,,,Matched to chain circular/weekly-ad source.,https://duckduckgo.com/?q=%22WESTERN%20BEEF%20STORE%20%23062%22%20%2210472%22%20%28%22weekly%20ad%22%20OR%20circular%20OR%20flyer%20OR%20specials%29
758855,ALDI #149 (10/18/23),10473,2026-05-23,ALDI Weekly Ad,https://www.aldi.us/weekly-specials/our-weekly-ads/,advertised,,,,,,,,,,Matched to chain circular/weekly-ad source.,https://duckduckgo.com/?q=%22ALDI%20%23149%20%2810/18/23%29%22%20%2210473%22%20%28%22weekly%20ad%22%20OR%20circular%20OR%20flyer%20OR%20specials%29
758103,BRUCKNER JUICE BAR & GROCERY,10473,,ZIP-targeted web search (manual verify),https://duckduckgo.com/?q=%22BRUCKNER%20JUICE%20BAR%20%26%20GROCERY%22%20%2210473%22%20%28%22weekly%20ad%22%20OR%20circular%20OR%20flyer%20OR%20specials%29,advertised,,,,,,,,,,"Second-pass ZIP-targeted search URL. Open link, verify official store ad/circular, then replace with confirmed source URL.",https://duckduckgo.com/?q=%22BRUCKNER%20JUICE%20BAR%20%26%20GROCERY%22%20%2210473%22%20%28%22weekly%20ad%22%20OR%20circular%20OR%20flyer%20OR%20specials%29
603841,KEY FOOD SUPERMARKET,10473,2026-05-23,Key Food / Food Universe Flyers,https://www.keyfood.com/flyers,advertised,,,,,,,,,,Matched to chain circular/weekly-ad source.,https://duckduckgo.com/?q=%22KEY%20FOOD%20SUPERMARKET%22%20%2210473%22%20%28%22weekly%20ad%22%20OR%20circular%20OR%20flyer%20OR%20specials%29
739150,LOS MORONTAS SUPERMARKET,10473,,ZIP-targeted web search (manual verify),https://duckduckgo.com/?q=%22LOS%20MORONTAS%20SUPERMARKET%22%20%2210473%22%20%28%22weekly%20ad%22%20OR%20circular%20OR%20flyer%20OR%20specials%29,advertised,,,,,,,,,,"Second-pass ZIP-targeted search URL. Open link, verify official store ad/circular, then replace with confirmed source URL.",https://duckduckgo.com/?q=%22LOS%20MORONTAS%20SUPERMARKET%22%20%2210473%22%20%28%22weekly%20ad%22%20OR%20circular%20OR%20flyer%20OR%20specials%29
606667,MAMA FIFI GROCERY,10473,,ZIP-targeted web search (manual verify),https://duckduckgo.com/?q=%22MAMA%20FIFI%20GROCERY%22%20%2210473%22%20%28%22weekly%20ad%22%20OR%20circular%20OR%20flyer%20OR%20specials%29,advertised,,,,,,,,,,"Second-pass ZIP-targeted search URL. Open link, verify official store ad/circular, then replace with confirmed source URL.",https://duckduckgo.com/?q=%22MAMA%20FIFI%20GROCERY%22%20%2210473%22%20%28%22weekly%20ad%22%20OR%20circular%20OR%20flyer%20OR%20specials%29
758118,MY WAY SUPERMARKET,10473,,ZIP-targeted web search (manual verify),https://duckduckgo.com/?q=%22MY%20WAY%20SUPERMARKET%22%20%2210473%22%20%28%22weekly%20ad%22%20OR%20circular%20OR%20flyer%20OR%20specials%29,advertised,,,,,,,,,,"Second-pass ZIP-targeted search URL. Open link, verify official store ad/circular, then replace with confirmed source URL.",https://duckduckgo.com/?q=%22MY%20WAY%20SUPERMARKET%22%20%2210473%22%20%28%22weekly%20ad%22%20OR%20circular%20OR%20flyer%20OR%20specials%29
759294,NATALIA GROCERY,10473,,ZIP-targeted web search (manual verify),https://duckduckgo.com/?q=%22NATALIA%20GROCERY%22%20%2210473%22%20%28%22weekly%20ad%22%20OR%20circular%20OR%20flyer%20OR%20specials%29,advertised,,,,,,,,,,"Second-pass ZIP-targeted search URL. Open link, verify official store ad/circular, then replace with confirmed source URL.",https://duckduckgo.com/?q=%22NATALIA%20GROCERY%22%20%2210473%22%20%28%22weekly%20ad%22%20OR%20circular%20OR%20flyer%20OR%20specials%29
734129,SHOPRITE OF BRUCKNER BLVD,10473,2026-05-23,ShopRite Weekly Circular,https://www.shoprite.com/sm/planning/rsid/473/circulars/,advertised,,,,,,,,,,Matched to chain circular/weekly-ad source.,https://duckduckgo.com/?q=%22SHOPRITE%20OF%20BRUCKNER%20BLVD%22%20%2210473%22%20%28%22weekly%20ad%22%20OR%20circular%20OR%20flyer%20OR%20specials%29
605580,WESTERN BEEF 35,10473,2026-05-23,Western Beef Weekly Sales,https://www.westernbeef.com/sales,advertised,,,,,,,,,,Matched to chain circular/weekly-ad source.,https://duckduckgo.com/?q=%22WESTERN%20BEEF%2035%22%20%2210473%22%20%28%22weekly%20ad%22%20OR%20circular%20OR%20flyer%20OR%20specials%29
718789,CT GROCERY NY,10474,,ZIP-targeted web search (manual verify),https://duckduckgo.com/?q=%22CT%20GROCERY%20NY%22%20%2210474%22%20%28%22weekly%20ad%22%20OR%20circular%20OR%20flyer%20OR%20specials%29,advertised,,,,,,,,,,"Second-pass ZIP-targeted search URL. Open link, verify official store ad/circular, then replace with confirmed source URL.",https://duckduckgo.com/?q=%22CT%20GROCERY%20NY%22%20%2210474%22%20%28%22weekly%20ad%22%20OR%20circular%20OR%20flyer%20OR%20specials%29
735130,SALCEDO SUPERMARKET,10474,,ZIP-targeted web search (manual verify),https://duckduckgo.com/?q=%22SALCEDO%20SUPERMARKET%22%20%2210474%22%20%28%22weekly%20ad%22%20OR%20circular%20OR%20flyer%20OR%20specials%29,advertised,,,,,,,,,,"Second-pass ZIP-targeted search URL. Open link, verify official store ad/circular, then replace with confirmed source URL.",https://duckduckgo.com/?q=%22SALCEDO%20SUPERMARKET%22%20%2210474%22%20%28%22weekly%20ad%22%20OR%20circular%20OR%20flyer%20OR%20specials%29
766161,YADIEL GROCERY STORE,10474,,ZIP-targeted web search (manual verify),https://duckduckgo.com/?q=%22YADIEL%20GROCERY%20STORE%22%20%2210474%22%20%28%22weekly%20ad%22%20OR%20circular%20OR%20flyer%20OR%20specials%29,advertised,,,,,,,,,,"Second-pass ZIP-targeted search URL. Open link, verify official store ad/circular, then replace with confirmed source URL.",https://duckduckgo.com/?q=%22YADIEL%20GROCERY%20STORE%22%20%2210474%22%20%28%22weekly%20ad%22%20OR%20circular%20OR%20flyer%20OR%20specials%29
764345,S&Y FISH & MEAT CARIBBEAN SUPERMARKET,10475,,ZIP-targeted web search (manual verify),https://duckduckgo.com/?q=%22S%26Y%20FISH%20%26%20MEAT%20CARIBBEAN%20SUPERMARKET%22%20%2210475%22%20%28%22weekly%20ad%22%20OR%20circular%20OR%20flyer%20OR%20specials%29,advertised,,,,,,,,,,"Second-pass ZIP-targeted search URL. Open link, verify official store ad/circular, then replace with confirmed source URL.",https://duckduckgo.com/?q=%22S%26Y%20FISH%20%26%20MEAT%20CARIBBEAN%20SUPERMARKET%22%20%2210475%22%20%28%22weekly%20ad%22%20OR%20circular%20OR%20flyer%20OR%20specials%29
765723,LIDL #1576,11004,2026-05-23,Lidl Weekly Ad,https://www.lidl.com/flyer,advertised,,,,,,,,,,Matched to chain circular/weekly-ad source.,https://duckduckgo.com/?q=%22LIDL%20%231576%22%20%2211004%22%20%28%22weekly%20ad%22%20OR%20circular%20OR%20flyer%20OR%20specials%29
741113,PREMIUM SUPERMARKET,11004,,ZIP-targeted web search (manual verify),https://duckduckgo.com/?q=%22PREMIUM%20SUPERMARKET%22%20%2211004%22%20%28%22weekly%20ad%22%20OR%20circular%20OR%20flyer%20OR%20specials%29,advertised,,,,,,,,,,"Second-pass ZIP-targeted search URL. Open link, verify official store ad/circular, then replace with confirmed source URL.",https://duckduckgo.com/?q=%22PREMIUM%20SUPERMARKET%22%20%2211004%22%20%28%22weekly%20ad%22%20OR%20circular%20OR%20flyer%20OR%20specials%29
754922,H MART,11101,2026-05-23,H Mart Weekly Sales,https://www.hmart.com/weekly-sales-and-events,advertised,,,,,,,,,,Matched to chain circular/weekly-ad source.,https://duckduckgo.com/?q=%22H%20MART%22%20%2211101%22%20%28%22weekly%20ad%22%20OR%20circular%20OR%20flyer%20OR%20specials%29
636891,KEY FOOD,11101,2026-05-23,Key Food / Food Universe Flyers,https://www.keyfood.com/flyers,advertised,,,,,,,,,,Matched to chain circular/weekly-ad source.,https://duckduckgo.com/?q=%22KEY%20FOOD%22%20%2211101%22%20%28%22weekly%20ad%22%20OR%20circular%20OR%20flyer%20OR%20specials%29
763947,MY NEIGHBORS GROCERY,11101,,ZIP-targeted web search (manual verify),https://duckduckgo.com/?q=%22MY%20NEIGHBORS%20GROCERY%22%20%2211101%22%20%28%22weekly%20ad%22%20OR%20circular%20OR%20flyer%20OR%20specials%29,advertised,,,,,,,,,,"Second-pass ZIP-targeted search URL. Open link, verify official store ad/circular, then replace with confirmed source URL.",https://duckduckgo.com/?q=%22MY%20NEIGHBORS%20GROCERY%22%20%2211101%22%20%28%22weekly%20ad%22%20OR%20circular%20OR%20flyer%20OR%20specials%29
758666,TRADER JOES #565,11101,2026-05-23,Trader Joe's Fearless Flyer,https://www.traderjoes.com/home/fearless-flyer,advertised,,,,,,,,,,Matched to chain circular/weekly-ad source.,https://duckduckgo.com/?q=%22TRADER%20JOES%20%23565%22%20%2211101%22%20%28%22weekly%20ad%22%20OR%20circular%20OR%20flyer%20OR%20specials%29
631521,KEY FOOD 564,11102,2026-05-23,Key Food / Food Universe Flyers,https://www.keyfood.com/flyers,advertised,,,,,,,,,,Matched to chain circular/weekly-ad source.,https://duckduckgo.com/?q=%22KEY%20FOOD%20564%22%20%2211102%22%20%28%22weekly%20ad%22%20OR%20circular%20OR%20flyer%20OR%20specials%29
728723,MARY'S GROCERY AND TAQUERIA,11102,,ZIP-targeted web search (manual verify),https://duckduckgo.com/?q=%22MARY%27S%20GROCERY%20AND%20TAQUERIA%22%20%2211102%22%20%28%22weekly%20ad%22%20OR%20circular%20OR%20flyer%20OR%20specials%29,advertised,,,,,,,,,,"Second-pass ZIP-targeted search URL. Open link, verify official store ad/circular, then replace with confirmed source URL.",https://duckduckgo.com/?q=%22MARY%27S%20GROCERY%20AND%20TAQUERIA%22%20%2211102%22%20%28%22weekly%20ad%22%20OR%20circular%20OR%20flyer%20OR%20specials%29
702487,NEW MARGARITA GROCERY,11102,,ZIP-targeted web search (manual verify),https://duckduckgo.com/?q=%22NEW%20MARGARITA%20GROCERY%22%20%2211102%22%20%28%22weekly%20ad%22%20OR%20circular%20OR%20flyer%20OR%20specials%29,advertised,,,,,,,,,,"Second-pass ZIP-targeted search URL. Open link, verify official store ad/circular, then replace with confirmed source URL.",https://duckduckgo.com/?q=%22NEW%20MARGARITA%20GROCERY%22%20%2211102%22%20%28%22weekly%20ad%22%20OR%20circular%20OR%20flyer%20OR%20specials%29
759066,PLATA GROCERY,11102,,ZIP-targeted web search (manual verify),https://duckduckgo.com/?q=%22PLATA%20GROCERY%22%20%2211102%22%20%28%22weekly%20ad%22%20OR%20circular%20OR%20flyer%20OR%20specials%29,advertised,,,,,,,,,,"Second-pass ZIP-targeted search URL. Open link, verify official store ad/circular, then replace with confirmed source URL.",https://duckduckgo.com/?q=%22PLATA%20GROCERY%22%20%2211102%22%20%28%22weekly%20ad%22%20OR%20circular%20OR%20flyer%20OR%20specials%29
764985,A&C WENDY GROCERY,11103,,ZIP-targeted web search (manual verify),https://duckduckgo.com/?q=%22A%26C%20WENDY%20GROCERY%22%20%2211103%22%20%28%22weekly%20ad%22%20OR%20circular%20OR%20flyer%20OR%20specials%29,advertised,,,,,,,,,,"Second-pass ZIP-targeted search URL. Open link, verify official store ad/circular, then replace with confirmed source URL.",https://duckduckgo.com/?q=%22A%26C%20WENDY%20GROCERY%22%20%2211103%22%20%28%22weekly%20ad%22%20OR%20circular%20OR%20flyer%20OR%20specials%29
632836,C TOWN SUPERMARKET,11103,2026-05-23,CTown Weekly Ad,https://www.ctownsupermarkets.com/Weekly-Ad,advertised,,,,,,,,,,Matched to chain circular/weekly-ad source.,https://duckduckgo.com/?q=%22C%20TOWN%20SUPERMARKET%22%20%2211103%22%20%28%22weekly%20ad%22%20OR%20circular%20OR%20flyer%20OR%20specials%29
636738,KEY FOOD SUPERMARKET,11103,2026-05-23,Key Food / Food Universe Flyers,https://www.keyfood.com/flyers,advertised,,,,,,,,,,Matched to chain circular/weekly-ad source.,https://duckduckgo.com/?q=%22KEY%20FOOD%20SUPERMARKET%22%20%2211103%22%20%28%22weekly%20ad%22%20OR%20circular%20OR%20flyer%20OR%20specials%29
633607,LA GROCERY,11103,,ZIP-targeted web search (manual verify),https://duckduckgo.com/?q=%22LA%20GROCERY%22%20%2211103%22%20%28%22weekly%20ad%22%20OR%20circular%20OR%20flyer%20OR%20specials%29,advertised,,,,,,,,,,"Second-pass ZIP-targeted search URL. Open link, verify official store ad/circular, then replace with confirmed source URL.",https://duckduckgo.com/?q=%22LA%20GROCERY%22%20%2211103%22%20%28%22weekly%20ad%22%20OR%20circular%20OR%20flyer%20OR%20specials%29
726195,ALWAYS SUNNY GROCERY,11104,,ZIP-targeted web search (manual verify),https://duckduckgo.com/?q=%22ALWAYS%20SUNNY%20GROCERY%22%20%2211104%22%20%28%22weekly%20ad%22%20OR%20circular%20OR%20flyer%20OR%20specials%29,advertised,,,,,,,,,,"Second-pass ZIP-targeted search URL. Open link, verify official store ad/circular, then replace with confirmed source URL.",https://duckduckgo.com/?q=%22ALWAYS%20SUNNY%20GROCERY%22%20%2211104%22%20%28%22weekly%20ad%22%20OR%20circular%20OR%20flyer%20OR%20specials%29
755517,BUDDHA GROCERY,11104,,ZIP-targeted web search (manual verify),https://duckduckgo.com/?q=%22BUDDHA%20GROCERY%22%20%2211104%22%20%28%22weekly%20ad%22%20OR%20circular%20OR%20flyer%20OR%20specials%29,advertised,,,,,,,,,,"Second-pass ZIP-targeted search URL. Open link, verify official store ad/circular, then replace with confirmed source URL.",https://duckduckgo.com/?q=%22BUDDHA%20GROCERY%22%20%2211104%22%20%28%22weekly%20ad%22%20OR%20circular%20OR%20flyer%20OR%20specials%29
634108,NUBE DE JESUS GROCERY 2,11104,,ZIP-targeted web search (manual verify),https://duckduckgo.com/?q=%22NUBE%20DE%20JESUS%20GROCERY%202%22%20%2211104%22%20%28%22weekly%20ad%22%20OR%20circular%20OR%20flyer%20OR%20specials%29,advertised,,,,,,,,,,"Second-pass ZIP-targeted search URL. Open link, verify official store ad/circular, then replace with confirmed source URL.",https://duckduckgo.com/?q=%22NUBE%20DE%20JESUS%20GROCERY%202%22%20%2211104%22%20%28%22weekly%20ad%22%20OR%20circular%20OR%20flyer%20OR%20specials%29
630808,TAJ MAHAL GROCERY,11104,,ZIP-targeted web search (manual verify),https://duckduckgo.com/?q=%22TAJ%20MAHAL%20GROCERY%22%20%2211104%22%20%28%22weekly%20ad%22%20OR%20circular%20OR%20flyer%20OR%20specials%29,advertised,,,,,,,,,,"Second-pass ZIP-targeted search URL. Open link, verify official store ad/circular, then replace with confirmed source URL.",https://duckduckgo.com/?q=%22TAJ%20MAHAL%20GROCERY%22%20%2211104%22%20%28%22weekly%20ad%22%20OR%20circular%20OR%20flyer%20OR%20specials%29
754538,DITMARS BLVD SUPERMARKET,11105,,ZIP-targeted web search (manual verify),https://duckduckgo.com/?q=%22DITMARS%20BLVD%20SUPERMARKET%22%20%2211105%22%20%28%22weekly%20ad%22%20OR%20circular%20OR%20flyer%20OR%20specials%29,advertised,,,,,,,,,,"Second-pass ZIP-targeted search URL. Open link, verify official store ad/circular, then replace with confirmed source URL.",https://duckduckgo.com/?q=%22DITMARS%20BLVD%20SUPERMARKET%22%20%2211105%22%20%28%22weekly%20ad%22%20OR%20circular%20OR%20flyer%20OR%20specials%29
635671,DITMARS CANDY & GROCERY,11105,,ZIP-targeted web search (manual verify),https://duckduckgo.com/?q=%22DITMARS%20CANDY%20%26%20GROCERY%22%20%2211105%22%20%28%22weekly%20ad%22%20OR%20circular%20OR%20flyer%20OR%20specials%29,advertised,,,,,,,,,,"Second-pass ZIP-targeted search URL. Open link, verify official store ad/circular, then replace with confirmed source URL.",https://duckduckgo.com/?q=%22DITMARS%20CANDY%20%26%20GROCERY%22%20%2211105%22%20%28%22weekly%20ad%22%20OR%20circular%20OR%20flyer%20OR%20specials%29
633079,KYRIAKOS GROCERY,11105,,ZIP-targeted web search (manual verify),https://duckduckgo.com/?q=%22KYRIAKOS%20GROCERY%22%20%2211105%22%20%28%22weekly%20ad%22%20OR%20circular%20OR%20flyer%20OR%20specials%29,advertised,,,,,,,,,,"Second-pass ZIP-targeted search URL. Open link, verify official store ad/circular, then replace with confirmed source URL.",https://duckduckgo.com/?q=%22KYRIAKOS%20GROCERY%22%20%2211105%22%20%28%22weekly%20ad%22%20OR%20circular%20OR%20flyer%20OR%20specials%29
751145,LIDL #8015,11105,2026-05-23,Lidl Weekly Ad,https://www.lidl.com/flyer,advertised,,,,,,,,,,Matched to chain circular/weekly-ad source.,https://duckduckgo.com/?q=%22LIDL%20%238015%22%20%2211105%22%20%28%22weekly%20ad%22%20OR%20circular%20OR%20flyer%20OR%20specials%29
753144,LUPITA GROCERY,11105,,ZIP-targeted web search (manual verify),https://duckduckgo.com/?q=%22LUPITA%20GROCERY%22%20%2211105%22%20%28%22weekly%20ad%22%20OR%20circular%20OR%20flyer%20OR%20specials%29,advertised,,,,,,,,,,"Second-pass ZIP-targeted search URL. Open link, verify official store ad/circular, then replace with confirmed source URL.",https://duckduckgo.com/?q=%22LUPITA%20GROCERY%22%20%2211105%22%20%28%22weekly%20ad%22%20OR%20circular%20OR%20flyer%20OR%20specials%29
637807,2502 BROADWAY GROCERY,11106,,ZIP-targeted web search (manual verify),https://duckduckgo.com/?q=%222502%20BROADWAY%20GROCERY%22%20%2211106%22%20%28%22weekly%20ad%22%20OR%20circular%20OR%20flyer%20OR%20specials%29,advertised,,,,,,,,,,"Second-pass ZIP-targeted search URL. Open link, verify official store ad/circular, then replace with confirmed source URL.",https://duckduckgo.com/?q=%222502%20BROADWAY%20GROCERY%22%20%2211106%22%20%28%22weekly%20ad%22%20OR%20circular%20OR%20flyer%20OR%20specials%29
725855,BRAVO SUPERMARKET,11106,2026-05-23,Bravo Supermarkets Weekly Circular,https://www.bravosupermarkets.com/weekly-circular,advertised,,,,,,,,,,Matched to chain circular/weekly-ad source.,https://duckduckgo.com/?q=%22BRAVO%20SUPERMARKET%22%20%2211106%22%20%28%22weekly%20ad%22%20OR%20circular%20OR%20flyer%20OR%20specials%29
670795,KEY FOOD,11106,2026-05-23,Key Food / Food Universe Flyers,https://www.keyfood.com/flyers,advertised,,,,,,,,,,Matched to chain circular/weekly-ad source.,https://duckduckgo.com/?q=%22KEY%20FOOD%22%20%2211106%22%20%28%22weekly%20ad%22%20OR%20circular%20OR%20flyer%20OR%20specials%29
767050,ALDI #212,11201,2026-05-23,ALDI Weekly Ad,https://www.aldi.us/weekly-specials/our-weekly-ads/,advertised,,,,,,,,,,Matched to chain circular/weekly-ad source.,https://duckduckgo.com/?q=%22ALDI%20%23212%22%20%2211201%22%20%28%22weekly%20ad%22%20OR%20circular%20OR%20flyer%20OR%20specials%29
617589,GRISTEDES 544,11201,2026-05-23,Gristedes Weekly Specials,https://gristedes.com/weekly-specials/,advertised,,,,,,,,,,Matched to chain circular/weekly-ad source.,https://duckduckgo.com/?q=%22GRISTEDES%20544%22%20%2211201%22%20%28%22weekly%20ad%22%20OR%20circular%20OR%20flyer%20OR%20specials%29
617700,KEY FOOD,11201,2026-05-23,Key Food / Food Universe Flyers,https://www.keyfood.com/flyers,advertised,,,,,,,,,,Matched to chain circular/weekly-ad source.,https://duckduckgo.com/?q=%22KEY%20FOOD%22%20%2211201%22%20%28%22weekly%20ad%22%20OR%20circular%20OR%20flyer%20OR%20specials%29
617124,KEY FOOD 1072,11201,2026-05-23,Key Food / Food Universe Flyers,https://www.keyfood.com/flyers,advertised,,,,,,,,,,Matched to chain circular/weekly-ad source.,https://duckduckgo.com/?q=%22KEY%20FOOD%201072%22%20%2211201%22%20%28%22weekly%20ad%22%20OR%20circular%20OR%20flyer%20OR%20specials%29
766191,LIDL #1579,11201,2026-05-23,Lidl Weekly Ad,https://www.lidl.com/flyer,advertised,,,,,,,,,,Matched to chain circular/weekly-ad source.,https://duckduckgo.com/?q=%22LIDL%20%231579%22%20%2211201%22%20%28%22weekly%20ad%22%20OR%20circular%20OR%20flyer%20OR%20specials%29
672068,M&E CANDY&GROCERY STORE,11201,,ZIP-targeted web search (manual verify),https://duckduckgo.com/?q=%22M%26E%20CANDY%26GROCERY%20STORE%22%20%2211201%22%20%28%22weekly%20ad%22%20OR%20circular%20OR%20flyer%20OR%20specials%29,advertised,,,,,,,,,,"Second-pass ZIP-targeted search URL. Open link, verify official store ad/circular, then replace with confirmed source URL.",https://duckduckgo.com/?q=%22M%26E%20CANDY%26GROCERY%20STORE%22%20%2211201%22%20%28%22weekly%20ad%22%20OR%20circular%20OR%20flyer%20OR%20specials%29
728061,TRADER JOE'S #547,11201,2026-05-23,Trader Joe's Fearless Flyer,https://www.traderjoes.com/home/fearless-flyer,advertised,,,,,,,,,,Matched to chain circular/weekly-ad source.,https://duckduckgo.com/?q=%22TRADER%20JOE%27S%20%23547%22%20%2211201%22%20%28%22weekly%20ad%22%20OR%20circular%20OR%20flyer%20OR%20specials%29
611105,TRADER JOES 558,11201,2026-05-23,Trader Joe's Fearless Flyer,https://www.traderjoes.com/home/fearless-flyer,advertised,,,,,,,,,,Matched to chain circular/weekly-ad source.,https://duckduckgo.com/?q=%22TRADER%20JOES%20558%22%20%2211201%22%20%28%22weekly%20ad%22%20OR%20circular%20OR%20flyer%20OR%20specials%29
610327,A&M GROCERY STORE,11203,,ZIP-targeted web search (manual verify),https://duckduckgo.com/?q=%22A%26M%20GROCERY%20STORE%22%20%2211203%22%20%28%22weekly%20ad%22%20OR%20circular%20OR%20flyer%20OR%20specials%29,advertised,,,,,,,,,,"Second-pass ZIP-targeted search URL. Open link, verify official store ad/circular, then replace with confirmed source URL.",https://duckduckgo.com/?q=%22A%26M%20GROCERY%20STORE%22%20%2211203%22%20%28%22weekly%20ad%22%20OR%20circular%20OR%20flyer%20OR%20specials%29
610912,ASSOCIATED,11203,2026-05-23,Associated Supermarkets Weekly Ad,https://www.yapik.com/us/associated-supermarkets/weekly-ad,advertised,,,,,,,,,,Matched to third-party weekly-ad index for this chain; verify store-specific ad before final use.,https://duckduckgo.com/?q=%22ASSOCIATED%22%20%2211203%22%20%28%22weekly%20ad%22%20OR%20circular%20OR%20flyer%20OR%20specials%29
751624,BFK GROCERY,11203,,ZIP-targeted web search (manual verify),https://duckduckgo.com/?q=%22BFK%20GROCERY%22%20%2211203%22%20%28%22weekly%20ad%22%20OR%20circular%20OR%20flyer%20OR%20specials%29,advertised,,,,,,,,,,"Second-pass ZIP-targeted search URL. Open link, verify official store ad/circular, then replace with confirmed source URL.",https://duckduckgo.com/?q=%22BFK%20GROCERY%22%20%2211203%22%20%28%22weekly%20ad%22%20OR%20circular%20OR%20flyer%20OR%20specials%29
671642,CARIBBEAN SUPERMARKET,11203,,ZIP-targeted web search (manual verify),https://duckduckgo.com/?q=%22CARIBBEAN%20SUPERMARKET%22%20%2211203%22%20%28%22weekly%20ad%22%20OR%20circular%20OR%20flyer%20OR%20specials%29,advertised,,,,,,,,,,"Second-pass ZIP-targeted search URL. Open link, verify official store ad/circular, then replace with confirmed source URL.",https://duckduckgo.com/?q=%22CARIBBEAN%20SUPERMARKET%22%20%2211203%22%20%28%22weekly%20ad%22%20OR%20circular%20OR%20flyer%20OR%20specials%29
619171,FATIMA GROCERY,11203,,ZIP-targeted web search (manual verify),https://duckduckgo.com/?q=%22FATIMA%20GROCERY%22%20%2211203%22%20%28%22weekly%20ad%22%20OR%20circular%20OR%20flyer%20OR%20specials%29,advertised,,,,,,,,,,"Second-pass ZIP-targeted search URL. Open link, verify official store ad/circular, then replace with confirmed source URL.",https://duckduckgo.com/?q=%22FATIMA%20GROCERY%22%20%2211203%22%20%28%22weekly%20ad%22%20OR%20circular%20OR%20flyer%20OR%20specials%29
615957,LOS BROTHER GROCERY,11203,,ZIP-targeted web search (manual verify),https://duckduckgo.com/?q=%22LOS%20BROTHER%20GROCERY%22%20%2211203%22%20%28%22weekly%20ad%22%20OR%20circular%20OR%20flyer%20OR%20specials%29,advertised,,,,,,,,,,"Second-pass ZIP-targeted search URL. Open link, verify official store ad/circular, then replace with confirmed source URL.",https://duckduckgo.com/?q=%22LOS%20BROTHER%20GROCERY%22%20%2211203%22%20%28%22weekly%20ad%22%20OR%20circular%20OR%20flyer%20OR%20specials%29
610550,PEREZ GROCERY,11203,,ZIP-targeted web search (manual verify),https://duckduckgo.com/?q=%22PEREZ%20GROCERY%22%20%2211203%22%20%28%22weekly%20ad%22%20OR%20circular%20OR%20flyer%20OR%20specials%29,advertised,,,,,,,,,,"Second-pass ZIP-targeted search URL. Open link, verify official store ad/circular, then replace with confirmed source URL.",https://duckduckgo.com/?q=%22PEREZ%20GROCERY%22%20%2211203%22%20%28%22weekly%20ad%22%20OR%20circular%20OR%20flyer%20OR%20specials%29
752501,STOP ONE SUPERMARKET 4023,11203,,ZIP-targeted web search (manual verify),https://duckduckgo.com/?q=%22STOP%20ONE%20SUPERMARKET%204023%22%20%2211203%22%20%28%22weekly%20ad%22%20OR%20circular%20OR%20flyer%20OR%20specials%29,advertised,,,,,,,,,,"Second-pass ZIP-targeted search URL. Open link, verify official store ad/circular, then replace with confirmed source URL.",https://duckduckgo.com/?q=%22STOP%20ONE%20SUPERMARKET%204023%22%20%2211203%22%20%28%22weekly%20ad%22%20OR%20circular%20OR%20flyer%20OR%20specials%29
755535,YEMEN AL KHAIR GROCERY,11203,,ZIP-targeted web search (manual verify),https://duckduckgo.com/?q=%22YEMEN%20AL%20KHAIR%20GROCERY%22%20%2211203%22%20%28%22weekly%20ad%22%20OR%20circular%20OR%20flyer%20OR%20specials%29,advertised,,,,,,,,,,"Second-pass ZIP-targeted search URL. Open link, verify official store ad/circular, then replace with confirmed source URL.",https://duckduckgo.com/?q=%22YEMEN%20AL%20KHAIR%20GROCERY%22%20%2211203%22%20%28%22weekly%20ad%22%20OR%20circular%20OR%20flyer%20OR%20specials%29
748337,AK GROCERY 59,11204,,ZIP-targeted web search (manual verify),https://duckduckgo.com/?q=%22AK%20GROCERY%2059%22%20%2211204%22%20%28%22weekly%20ad%22%20OR%20circular%20OR%20flyer%20OR%20specials%29,advertised,,,,,,,,,,"Second-pass ZIP-targeted search URL. Open link, verify official store ad/circular, then replace with confirmed source URL.",https://duckduckgo.com/?q=%22AK%20GROCERY%2059%22%20%2211204%22%20%28%22weekly%20ad%22%20OR%20circular%20OR%20flyer%20OR%20specials%29
614177,AVENUE O GROCERY,11204,,ZIP-targeted web search (manual verify),https://duckduckgo.com/?q=%22AVENUE%20O%20GROCERY%22%20%2211204%22%20%28%22weekly%20ad%22%20OR%20circular%20OR%20flyer%20OR%20specials%29,advertised,,,,,,,,,,"Second-pass ZIP-targeted search URL. Open link, verify official store ad/circular, then replace with confirmed source URL.",https://duckduckgo.com/?q=%22AVENUE%20O%20GROCERY%22%20%2211204%22%20%28%22weekly%20ad%22%20OR%20circular%20OR%20flyer%20OR%20specials%29
615808,B0ROUGH PK SUPERMARKET,11204,,ZIP-targeted web search (manual verify),https://duckduckgo.com/?q=%22B0ROUGH%20PK%20SUPERMARKET%22%20%2211204%22%20%28%22weekly%20ad%22%20OR%20circular%20OR%20flyer%20OR%20specials%29,advertised,,,,,,,,,,"Second-pass ZIP-targeted search URL. Open link, verify official store ad/circular, then replace with confirmed source URL.",https://duckduckgo.com/?q=%22B0ROUGH%20PK%20SUPERMARKET%22%20%2211204%22%20%28%22weekly%20ad%22%20OR%20circular%20OR%20flyer%20OR%20specials%29
764722,BEILE GROCERY INC,11204,,ZIP-targeted web search (manual verify),https://duckduckgo.com/?q=%22BEILE%20GROCERY%20INC%22%20%2211204%22%20%28%22weekly%20ad%22%20OR%20circular%20OR%20flyer%20OR%20specials%29,advertised,,,,,,,,,,"Second-pass ZIP-targeted search URL. Open link, verify official store ad/circular, then replace with confirmed source URL.",https://duckduckgo.com/?q=%22BEILE%20GROCERY%20INC%22%20%2211204%22%20%28%22weekly%20ad%22%20OR%20circular%20OR%20flyer%20OR%20specials%29
610292,BOCHNERS GROCERY,11204,,ZIP-targeted web search (manual verify),https://duckduckgo.com/?q=%22BOCHNERS%20GROCERY%22%20%2211204%22%20%28%22weekly%20ad%22%20OR%20circular%20OR%20flyer%20OR%20specials%29,advertised,,,,,,,,,,"Second-pass ZIP-targeted search URL. Open link, verify official store ad/circular, then replace with confirmed source URL.",https://duckduckgo.com/?q=%22BOCHNERS%20GROCERY%22%20%2211204%22%20%28%22weekly%20ad%22%20OR%20circular%20OR%20flyer%20OR%20specials%29
619224,CARLOS GROCERY,11204,,ZIP-targeted web search (manual verify),https://duckduckgo.com/?q=%22CARLOS%20GROCERY%22%20%2211204%22%20%28%22weekly%20ad%22%20OR%20circular%20OR%20flyer%20OR%20specials%29,advertised,,,,,,,,,,"Second-pass ZIP-targeted search URL. Open link, verify official store ad/circular, then replace with confirmed source URL.",https://duckduckgo.com/?q=%22CARLOS%20GROCERY%22%20%2211204%22%20%28%22weekly%20ad%22%20OR%20circular%20OR%20flyer%20OR%20specials%29
617679,GOLDBERGS GROCERY,11204,,ZIP-targeted web search (manual verify),https://duckduckgo.com/?q=%22GOLDBERGS%20GROCERY%22%20%2211204%22%20%28%22weekly%20ad%22%20OR%20circular%20OR%20flyer%20OR%20specials%29,advertised,,,,,,,,,,"Second-pass ZIP-targeted search URL. Open link, verify official store ad/circular, then replace with confirmed source URL.",https://duckduckgo.com/?q=%22GOLDBERGS%20GROCERY%22%20%2211204%22%20%28%22weekly%20ad%22%20OR%20circular%20OR%20flyer%20OR%20specials%29
611691,GREAT GREEN SUPERMARKET,11204,,ZIP-targeted web search (manual verify),https://duckduckgo.com/?q=%22GREAT%20GREEN%20SUPERMARKET%22%20%2211204%22%20%28%22weekly%20ad%22%20OR%20circular%20OR%20flyer%20OR%20specials%29,advertised,,,,,,,,,,"Second-pass ZIP-targeted search URL. Open link, verify official store ad/circular, then replace with confirmed source URL.",https://duckduckgo.com/?q=%22GREAT%20GREEN%20SUPERMARKET%22%20%2211204%22%20%28%22weekly%20ad%22%20OR%20circular%20OR%20flyer%20OR%20specials%29
721803,JUDITH GROCERY,11204,,ZIP-targeted web search (manual verify),https://duckduckgo.com/?q=%22JUDITH%20GROCERY%22%20%2211204%22%20%28%22weekly%20ad%22%20OR%20circular%20OR%20flyer%20OR%20specials%29,advertised,,,,,,,,,,"Second-pass ZIP-targeted search URL. Open link, verify official store ad/circular, then replace with confirmed source URL.",https://duckduckgo.com/?q=%22JUDITH%20GROCERY%22%20%2211204%22%20%28%22weekly%20ad%22%20OR%20circular%20OR%20flyer%20OR%20specials%29
671908,KANG SHENG GROCERY,11204,,ZIP-targeted web search (manual verify),https://duckduckgo.com/?q=%22KANG%20SHENG%20GROCERY%22%20%2211204%22%20%28%22weekly%20ad%22%20OR%20circular%20OR%20flyer%20OR%20specials%29,advertised,,,,,,,,,,"Second-pass ZIP-targeted search URL. Open link, verify official store ad/circular, then replace with confirmed source URL.",https://duckduckgo.com/?q=%22KANG%20SHENG%20GROCERY%22%20%2211204%22%20%28%22weekly%20ad%22%20OR%20circular%20OR%20flyer%20OR%20specials%29
610696,LANDAUS SUPERMARKET,11204,,ZIP-targeted web search (manual verify),https://duckduckgo.com/?q=%22LANDAUS%20SUPERMARKET%22%20%2211204%22%20%28%22weekly%20ad%22%20OR%20circular%20OR%20flyer%20OR%20specials%29,advertised,,,,,,,,,,"Second-pass ZIP-targeted search URL. Open link, verify official store ad/circular, then replace with confirmed source URL.",https://duckduckgo.com/?q=%22LANDAUS%20SUPERMARKET%22%20%2211204%22%20%28%22weekly%20ad%22%20OR%20circular%20OR%20flyer%20OR%20specials%29
610260,MOISHES FRUIT&GROCERY,11204,,ZIP-targeted web search (manual verify),https://duckduckgo.com/?q=%22MOISHES%20FRUIT%26GROCERY%22%20%2211204%22%20%28%22weekly%20ad%22%20OR%20circular%20OR%20flyer%20OR%20specials%29,advertised,,,,,,,,,,"Second-pass ZIP-targeted search URL. Open link, verify official store ad/circular, then replace with confirmed source URL.",https://duckduckgo.com/?q=%22MOISHES%20FRUIT%26GROCERY%22%20%2211204%22%20%28%22weekly%20ad%22%20OR%20circular%20OR%20flyer%20OR%20specials%29
610641,QUEEN AA GROCERY,11204,,ZIP-targeted web search (manual verify),https://duckduckgo.com/?q=%22QUEEN%20AA%20GROCERY%22%20%2211204%22%20%28%22weekly%20ad%22%20OR%20circular%20OR%20flyer%20OR%20specials%29,advertised,,,,,,,,,,"Second-pass ZIP-targeted search URL. Open link, verify official store ad/circular, then replace with confirmed source URL.",https://duckduckgo.com/?q=%22QUEEN%20AA%20GROCERY%22%20%2211204%22%20%28%22weekly%20ad%22%20OR%20circular%20OR%20flyer%20OR%20specials%29
707478,ROSNERS GROCERY,11204,,ZIP-targeted web search (manual verify),https://duckduckgo.com/?q=%22ROSNERS%20GROCERY%22%20%2211204%22%20%28%22weekly%20ad%22%20OR%20circular%20OR%20flyer%20OR%20specials%29,advertised,,,,,,,,,,"Second-pass ZIP-targeted search URL. Open link, verify official store ad/circular, then replace with confirmed source URL.",https://duckduckgo.com/?q=%22ROSNERS%20GROCERY%22%20%2211204%22%20%28%22weekly%20ad%22%20OR%20circular%20OR%20flyer%20OR%20specials%29
619765,WIESNERS SUPERMARKET,11204,,ZIP-targeted web search (manual verify),https://duckduckgo.com/?q=%22WIESNERS%20SUPERMARKET%22%20%2211204%22%20%28%22weekly%20ad%22%20OR%20circular%20OR%20flyer%20OR%20specials%29,advertised,,,,,,,,,,"Second-pass ZIP-targeted search URL. Open link, verify official store ad/circular, then replace with confirmed source URL.",https://duckduckgo.com/?q=%22WIESNERS%20SUPERMARKET%22%20%2211204%22%20%28%22weekly%20ad%22%20OR%20circular%20OR%20flyer%20OR%20specials%29
740032,XIN RONG GROCERY,11204,,ZIP-targeted web search (manual verify),https://duckduckgo.com/?q=%22XIN%20RONG%20GROCERY%22%20%2211204%22%20%28%22weekly%20ad%22%20OR%20circular%20OR%20flyer%20OR%20specials%29,advertised,,,,,,,,,,"Second-pass ZIP-targeted search URL. Open link, verify official store ad/circular, then replace with confirmed source URL.",https://duckduckgo.com/?q=%22XIN%20RONG%20GROCERY%22%20%2211204%22%20%28%22weekly%20ad%22%20OR%20circular%20OR%20flyer%20OR%20specials%29
715069,YOU JIA GROCERY,11204,,ZIP-targeted web search (manual verify),https://duckduckgo.com/?q=%22YOU%20JIA%20GROCERY%22%20%2211204%22%20%28%22weekly%20ad%22%20OR%20circular%20OR%20flyer%20OR%20specials%29,advertised,,,,,,,,,,"Second-pass ZIP-targeted search URL. Open link, verify official store ad/circular, then replace with confirmed source URL.",https://duckduckgo.com/?q=%22YOU%20JIA%20GROCERY%22%20%2211204%22%20%28%22weekly%20ad%22%20OR%20circular%20OR%20flyer%20OR%20specials%29
722575,147 FRIENDS GROCERY,11205,,ZIP-targeted web search (manual verify),https://duckduckgo.com/?q=%22147%20FRIENDS%20GROCERY%22%20%2211205%22%20%28%22weekly%20ad%22%20OR%20circular%20OR%20flyer%20OR%20specials%29,advertised,,,,,,,,,,"Second-pass ZIP-targeted search URL. Open link, verify official store ad/circular, then replace with confirmed source URL.",https://duckduckgo.com/?q=%22147%20FRIENDS%20GROCERY%22%20%2211205%22%20%28%22weekly%20ad%22%20OR%20circular%20OR%20flyer%20OR%20specials%29
755060,322 MUBAREZ GROCERY,11205,,ZIP-targeted web search (manual verify),https://duckduckgo.com/?q=%22322%20MUBAREZ%20GROCERY%22%20%2211205%22%20%28%22weekly%20ad%22%20OR%20circular%20OR%20flyer%20OR%20specials%29,advertised,,,,,,,,,,"Second-pass ZIP-targeted search URL. Open link, verify official store ad/circular, then replace with confirmed source URL.",https://duckduckgo.com/?q=%22322%20MUBAREZ%20GROCERY%22%20%2211205%22%20%28%22weekly%20ad%22%20OR%20circular%20OR%20flyer%20OR%20specials%29
749497,A-ROD GROCERY,11205,,ZIP-targeted web search (manual verify),https://duckduckgo.com/?q=%22A-ROD%20GROCERY%22%20%2211205%22%20%28%22weekly%20ad%22%20OR%20circular%20OR%20flyer%20OR%20specials%29,advertised,,,,,,,,,,"Second-pass ZIP-targeted search URL. Open link, verify official store ad/circular, then replace with confirmed source URL.",https://duckduckgo.com/?q=%22A-ROD%20GROCERY%22%20%2211205%22%20%28%22weekly%20ad%22%20OR%20circular%20OR%20flyer%20OR%20specials%29
761308,ACAI BAR AT HATZLACHA SUPERMARKET,11205,,ZIP-targeted web search (manual verify),https://duckduckgo.com/?q=%22ACAI%20BAR%20AT%20HATZLACHA%20SUPERMARKET%22%20%2211205%22%20%28%22weekly%20ad%22%20OR%20circular%20OR%20flyer%20OR%20specials%29,advertised,,,,,,,,,,"Second-pass ZIP-targeted search URL. Open link, verify official store ad/circular, then replace with confirmed source URL.",https://duckduckgo.com/?q=%22ACAI%20BAR%20AT%20HATZLACHA%20SUPERMARKET%22%20%2211205%22%20%28%22weekly%20ad%22%20OR%20circular%20OR%20flyer%20OR%20specials%29
616785,BRAVO SUPERMARKET,11205,2026-05-23,Bravo Supermarkets Weekly Circular,https://www.bravosupermarkets.com/weekly-circular,advertised,,,,,,,,,,Matched to chain circular/weekly-ad source.,https://duckduckgo.com/?q=%22BRAVO%20SUPERMARKET%22%20%2211205%22%20%28%22weekly%20ad%22%20OR%20circular%20OR%20flyer%20OR%20specials%29
613257,BRAVO SUPERMARKET,11205,2026-05-23,Bravo Supermarkets Weekly Circular,https://www.bravosupermarkets.com/weekly-circular,advertised,,,,,,,,,,Matched to chain circular/weekly-ad source.,https://duckduckgo.com/?q=%22BRAVO%20SUPERMARKET%22%20%2211205%22%20%28%22weekly%20ad%22%20OR%20circular%20OR%20flyer%20OR%20specials%29
703469,GREENFRESH SUPERMARKET,11205,,ZIP-targeted web search (manual verify),https://duckduckgo.com/?q=%22GREENFRESH%20SUPERMARKET%22%20%2211205%22%20%28%22weekly%20ad%22%20OR%20circular%20OR%20flyer%20OR%20specials%29,advertised,,,,,,,,,,"Second-pass ZIP-targeted search URL. Open link, verify official store ad/circular, then replace with confirmed source URL.",https://duckduckgo.com/?q=%22GREENFRESH%20SUPERMARKET%22%20%2211205%22%20%28%22weekly%20ad%22%20OR%20circular%20OR%20flyer%20OR%20specials%29
672051,JASMIN GROCERY STORE,11205,,ZIP-targeted web search (manual verify),https://duckduckgo.com/?q=%22JASMIN%20GROCERY%20STORE%22%20%2211205%22%20%28%22weekly%20ad%22%20OR%20circular%20OR%20flyer%20OR%20specials%29,advertised,,,,,,,,,,"Second-pass ZIP-targeted search URL. Open link, verify official store ad/circular, then replace with confirmed source URL.",https://duckduckgo.com/?q=%22JASMIN%20GROCERY%20STORE%22%20%2211205%22%20%28%22weekly%20ad%22%20OR%20circular%20OR%20flyer%20OR%20specials%29
719203,KEY FOOD,11205,2026-05-23,Key Food / Food Universe Flyers,https://www.keyfood.com/flyers,advertised,,,,,,,,,,Matched to chain circular/weekly-ad source.,https://duckduckgo.com/?q=%22KEY%20FOOD%22%20%2211205%22%20%28%22weekly%20ad%22%20OR%20circular%20OR%20flyer%20OR%20specials%29
615917,KOSHER SUPERMARKET,11205,,ZIP-targeted web search (manual verify),https://duckduckgo.com/?q=%22KOSHER%20SUPERMARKET%22%20%2211205%22%20%28%22weekly%20ad%22%20OR%20circular%20OR%20flyer%20OR%20specials%29,advertised,,,,,,,,,,"Second-pass ZIP-targeted search URL. Open link, verify official store ad/circular, then replace with confirmed source URL.",https://duckduckgo.com/?q=%22KOSHER%20SUPERMARKET%22%20%2211205%22%20%28%22weekly%20ad%22%20OR%20circular%20OR%20flyer%20OR%20specials%29
618851,LEE GARDENS SUPERMARKET,11205,,ZIP-targeted web search (manual verify),https://duckduckgo.com/?q=%22LEE%20GARDENS%20SUPERMARKET%22%20%2211205%22%20%28%22weekly%20ad%22%20OR%20circular%20OR%20flyer%20OR%20specials%29,advertised,,,,,,,,,,"Second-pass ZIP-targeted search URL. Open link, verify official store ad/circular, then replace with confirmed source URL.",https://duckduckgo.com/?q=%22LEE%20GARDENS%20SUPERMARKET%22%20%2211205%22%20%28%22weekly%20ad%22%20OR%20circular%20OR%20flyer%20OR%20specials%29
723617,VILLA TAPIA CITI FRESH SUPERMARKET,11205,,ZIP-targeted web search (manual verify),https://duckduckgo.com/?q=%22VILLA%20TAPIA%20CITI%20FRESH%20SUPERMARKET%22%20%2211205%22%20%28%22weekly%20ad%22%20OR%20circular%20OR%20flyer%20OR%20specials%29,advertised,,,,,,,,,,"Second-pass ZIP-targeted search URL. Open link, verify official store ad/circular, then replace with confirmed source URL.",https://duckduckgo.com/?q=%22VILLA%20TAPIA%20CITI%20FRESH%20SUPERMARKET%22%20%2211205%22%20%28%22weekly%20ad%22%20OR%20circular%20OR%20flyer%20OR%20specials%29
613343,VILLA TAPIA GROCERY NY,11205,,ZIP-targeted web search (manual verify),https://duckduckgo.com/?q=%22VILLA%20TAPIA%20GROCERY%20NY%22%20%2211205%22%20%28%22weekly%20ad%22%20OR%20circular%20OR%20flyer%20OR%20specials%29,advertised,,,,,,,,,,"Second-pass ZIP-targeted search URL. Open link, verify official store ad/circular, then replace with confirmed source URL.",https://duckduckgo.com/?q=%22VILLA%20TAPIA%20GROCERY%20NY%22%20%2211205%22%20%28%22weekly%20ad%22%20OR%20circular%20OR%20flyer%20OR%20specials%29
727741,7 SEAS GROCERY,11206,,ZIP-targeted web search (manual verify),https://duckduckgo.com/?q=%227%20SEAS%20GROCERY%22%20%2211206%22%20%28%22weekly%20ad%22%20OR%20circular%20OR%20flyer%20OR%20specials%29,advertised,,,,,,,,,,"Second-pass ZIP-targeted search URL. Open link, verify official store ad/circular, then replace with confirmed source URL.",https://duckduckgo.com/?q=%227%20SEAS%20GROCERY%22%20%2211206%22%20%28%22weekly%20ad%22%20OR%20circular%20OR%20flyer%20OR%20specials%29
708484,BRAVO SUPERMARKET,11206,2026-05-23,Bravo Supermarkets Weekly Circular,https://www.bravosupermarkets.com/weekly-circular,advertised,,,,,,,,,,Matched to chain circular/weekly-ad source.,https://duckduckgo.com/?q=%22BRAVO%20SUPERMARKET%22%20%2211206%22%20%28%22weekly%20ad%22%20OR%20circular%20OR%20flyer%20OR%20specials%29
702575,COCONUT KOSHER SUPERMARKET,11206,,ZIP-targeted web search (manual verify),https://duckduckgo.com/?q=%22COCONUT%20KOSHER%20SUPERMARKET%22%20%2211206%22%20%28%22weekly%20ad%22%20OR%20circular%20OR%20flyer%20OR%20specials%29,advertised,,,,,,,,,,"Second-pass ZIP-targeted search URL. Open link, verify official store ad/circular, then replace with confirmed source URL.",https://duckduckgo.com/?q=%22COCONUT%20KOSHER%20SUPERMARKET%22%20%2211206%22%20%28%22weekly%20ad%22%20OR%20circular%20OR%20flyer%20OR%20specials%29
762832,ETHANS GROCERY,11206,,ZIP-targeted web search (manual verify),https://duckduckgo.com/?q=%22ETHANS%20GROCERY%22%20%2211206%22%20%28%22weekly%20ad%22%20OR%20circular%20OR%20flyer%20OR%20specials%29,advertised,,,,,,,,,,"Second-pass ZIP-targeted search URL. Open link, verify official store ad/circular, then replace with confirmed source URL.",https://duckduckgo.com/?q=%22ETHANS%20GROCERY%22%20%2211206%22%20%28%22weekly%20ad%22%20OR%20circular%20OR%20flyer%20OR%20specials%29
759096,FOOD BAZAAR,11206,2026-05-23,Food Bazaar Weekly Ad,https://www.foodbazaar.com/weekly-ad/,advertised,,,,,,,,,,Matched to chain circular/weekly-ad source.,https://duckduckgo.com/?q=%22FOOD%20BAZAAR%22%20%2211206%22%20%28%22weekly%20ad%22%20OR%20circular%20OR%20flyer%20OR%20specials%29
611095,FOOD BAZAAR,11206,2026-05-23,Food Bazaar Weekly Ad,https://www.foodbazaar.com/weekly-ad/,advertised,,,,,,,,,,Matched to chain circular/weekly-ad source.,https://duckduckgo.com/?q=%22FOOD%20BAZAAR%22%20%2211206%22%20%28%22weekly%20ad%22%20OR%20circular%20OR%20flyer%20OR%20specials%29
759924,FOODTOWN OF NOLL STREET,11206,2026-05-23,Foodtown Weekly Circular,https://www.foodtown.com/,advertised,,,,,,,,,,Matched to chain circular/weekly-ad source.,https://duckduckgo.com/?q=%22FOODTOWN%20OF%20NOLL%20STREET%22%20%2211206%22%20%28%22weekly%20ad%22%20OR%20circular%20OR%20flyer%20OR%20specials%29
703442,GROCERY & MEAT MARKET,11206,,ZIP-targeted web search (manual verify),https://duckduckgo.com/?q=%22GROCERY%20%26%20MEAT%20MARKET%22%20%2211206%22%20%28%22weekly%20ad%22%20OR%20circular%20OR%20flyer%20OR%20specials%29,advertised,,,,,,,,,,"Second-pass ZIP-targeted search URL. Open link, verify official store ad/circular, then replace with confirmed source URL.",https://duckduckgo.com/?q=%22GROCERY%20%26%20MEAT%20MARKET%22%20%2211206%22%20%28%22weekly%20ad%22%20OR%20circular%20OR%20flyer%20OR%20specials%29
613883,HERMANOS ACOSTA GROCERY,11206,,ZIP-targeted web search (manual verify),https://duckduckgo.com/?q=%22HERMANOS%20ACOSTA%20GROCERY%22%20%2211206%22%20%28%22weekly%20ad%22%20OR%20circular%20OR%20flyer%20OR%20specials%29,advertised,,,,,,,,,,"Second-pass ZIP-targeted search URL. Open link, verify official store ad/circular, then replace with confirmed source URL.",https://duckduckgo.com/?q=%22HERMANOS%20ACOSTA%20GROCERY%22%20%2211206%22%20%28%22weekly%20ad%22%20OR%20circular%20OR%20flyer%20OR%20specials%29
708221,LA UNION FRUIT AND GROCERY,11206,,ZIP-targeted web search (manual verify),https://duckduckgo.com/?q=%22LA%20UNION%20FRUIT%20AND%20GROCERY%22%20%2211206%22%20%28%22weekly%20ad%22%20OR%20circular%20OR%20flyer%20OR%20specials%29,advertised,,,,,,,,,,"Second-pass ZIP-targeted search URL. Open link, verify official store ad/circular, then replace with confirmed source URL.",https://duckduckgo.com/?q=%22LA%20UNION%20FRUIT%20AND%20GROCERY%22%20%2211206%22%20%28%22weekly%20ad%22%20OR%20circular%20OR%20flyer%20OR%20specials%29
711423,LICEY GROCERY,11206,,ZIP-targeted web search (manual verify),https://duckduckgo.com/?q=%22LICEY%20GROCERY%22%20%2211206%22%20%28%22weekly%20ad%22%20OR%20circular%20OR%20flyer%20OR%20specials%29,advertised,,,,,,,,,,"Second-pass ZIP-targeted search URL. Open link, verify official store ad/circular, then replace with confirmed source URL.",https://duckduckgo.com/?q=%22LICEY%20GROCERY%22%20%2211206%22%20%28%22weekly%20ad%22%20OR%20circular%20OR%20flyer%20OR%20specials%29
762583,LOS 7 VALENCIAS GROCERY,11206,,ZIP-targeted web search (manual verify),https://duckduckgo.com/?q=%22LOS%207%20VALENCIAS%20GROCERY%22%20%2211206%22%20%28%22weekly%20ad%22%20OR%20circular%20OR%20flyer%20OR%20specials%29,advertised,,,,,,,,,,"Second-pass ZIP-targeted search URL. Open link, verify official store ad/circular, then replace with confirmed source URL.",https://duckduckgo.com/?q=%22LOS%207%20VALENCIAS%20GROCERY%22%20%2211206%22%20%28%22weekly%20ad%22%20OR%20circular%20OR%20flyer%20OR%20specials%29
615495,LOS PRIMOS GROCERY,11206,,ZIP-targeted web search (manual verify),https://duckduckgo.com/?q=%22LOS%20PRIMOS%20GROCERY%22%20%2211206%22%20%28%22weekly%20ad%22%20OR%20circular%20OR%20flyer%20OR%20specials%29,advertised,,,,,,,,,,"Second-pass ZIP-targeted search URL. Open link, verify official store ad/circular, then replace with confirmed source URL.",https://duckduckgo.com/?q=%22LOS%20PRIMOS%20GROCERY%22%20%2211206%22%20%28%22weekly%20ad%22%20OR%20circular%20OR%20flyer%20OR%20specials%29
750340,SHOP FAIR SUPERMARKET,11206,2026-05-23,Shop Fair Weekly Circular,https://www.shopfairsupermarkets.com/Circular4Page.aspx,advertised,,,,,,,,,,Matched to chain circular/weekly-ad source.,https://duckduckgo.com/?q=%22SHOP%20FAIR%20SUPERMARKET%22%20%2211206%22%20%28%22weekly%20ad%22%20OR%20circular%20OR%20flyer%20OR%20specials%29
616570,WESTERN BEEF,11206,2026-05-23,Western Beef Weekly Sales,https://www.westernbeef.com/sales,advertised,,,,,,,,,,Matched to chain circular/weekly-ad source.,https://duckduckgo.com/?q=%22WESTERN%20BEEF%22%20%2211206%22%20%28%22weekly%20ad%22%20OR%20circular%20OR%20flyer%20OR%20specials%29
758660,146 COOPER GROCERY,11207,,ZIP-targeted web search (manual verify),https://duckduckgo.com/?q=%22146%20COOPER%20GROCERY%22%20%2211207%22%20%28%22weekly%20ad%22%20OR%20circular%20OR%20flyer%20OR%20specials%29,advertised,,,,,,,,,,"Second-pass ZIP-targeted search URL. Open link, verify official store ad/circular, then replace with confirmed source URL.",https://duckduckgo.com/?q=%22146%20COOPER%20GROCERY%22%20%2211207%22%20%28%22weekly%20ad%22%20OR%20circular%20OR%20flyer%20OR%20specials%29
738297,ASSOCIATED FRESH,11207,2026-05-23,Associated Supermarkets Weekly Ad,https://www.yapik.com/us/associated-supermarkets/weekly-ad,advertised,,,,,,,,,,Matched to third-party weekly-ad index for this chain; verify store-specific ad before final use.,https://duckduckgo.com/?q=%22ASSOCIATED%20FRESH%22%20%2211207%22%20%28%22weekly%20ad%22%20OR%20circular%20OR%20flyer%20OR%20specials%29
616640,BRAVO SUPERMARKET,11207,2026-05-23,Bravo Supermarkets Weekly Circular,https://www.bravosupermarkets.com/weekly-circular,advertised,,,,,,,,,,Matched to chain circular/weekly-ad source.,https://duckduckgo.com/?q=%22BRAVO%20SUPERMARKET%22%20%2211207%22%20%28%22weekly%20ad%22%20OR%20circular%20OR%20flyer%20OR%20specials%29
759042,BUY & GO GROCERY,11207,,ZIP-targeted web search (manual verify),https://duckduckgo.com/?q=%22BUY%20%26%20GO%20GROCERY%22%20%2211207%22%20%28%22weekly%20ad%22%20OR%20circular%20OR%20flyer%20OR%20specials%29,advertised,,,,,,,,,,"Second-pass ZIP-targeted search URL. Open link, verify official store ad/circular, then replace with confirmed source URL.",https://duckduckgo.com/?q=%22BUY%20%26%20GO%20GROCERY%22%20%2211207%22%20%28%22weekly%20ad%22%20OR%20circular%20OR%20flyer%20OR%20specials%29
741811,C-TOWN SUPERMARKET,11207,2026-05-23,CTown Weekly Ad,https://www.ctownsupermarkets.com/Weekly-Ad,advertised,,,,,,,,,,Matched to chain circular/weekly-ad source.,https://duckduckgo.com/?q=%22C-TOWN%20SUPERMARKET%22%20%2211207%22%20%28%22weekly%20ad%22%20OR%20circular%20OR%20flyer%20OR%20specials%29
718428,DOM GROCERY,11207,,ZIP-targeted web search (manual verify),https://duckduckgo.com/?q=%22DOM%20GROCERY%22%20%2211207%22%20%28%22weekly%20ad%22%20OR%20circular%20OR%20flyer%20OR%20specials%29,advertised,,,,,,,,,,"Second-pass ZIP-targeted search URL. Open link, verify official store ad/circular, then replace with confirmed source URL.",https://duckduckgo.com/?q=%22DOM%20GROCERY%22%20%2211207%22%20%28%22weekly%20ad%22%20OR%20circular%20OR%20flyer%20OR%20specials%29
752772,DON ELIGO GROCERY,11207,,ZIP-targeted web search (manual verify),https://duckduckgo.com/?q=%22DON%20ELIGO%20GROCERY%22%20%2211207%22%20%28%22weekly%20ad%22%20OR%20circular%20OR%20flyer%20OR%20specials%29,advertised,,,,,,,,,,"Second-pass ZIP-targeted search URL. Open link, verify official store ad/circular, then replace with confirmed source URL.",https://duckduckgo.com/?q=%22DON%20ELIGO%20GROCERY%22%20%2211207%22%20%28%22weekly%20ad%22%20OR%20circular%20OR%20flyer%20OR%20specials%29
616599,G&R GROCERY STORE,11207,,ZIP-targeted web search (manual verify),https://duckduckgo.com/?q=%22G%26R%20GROCERY%20STORE%22%20%2211207%22%20%28%22weekly%20ad%22%20OR%20circular%20OR%20flyer%20OR%20specials%29,advertised,,,,,,,,,,"Second-pass ZIP-targeted search URL. Open link, verify official store ad/circular, then replace with confirmed source URL.",https://duckduckgo.com/?q=%22G%26R%20GROCERY%20STORE%22%20%2211207%22%20%28%22weekly%20ad%22%20OR%20circular%20OR%20flyer%20OR%20specials%29
753674,HAMZAH GROCERY,11207,,ZIP-targeted web search (manual verify),https://duckduckgo.com/?q=%22HAMZAH%20GROCERY%22%20%2211207%22%20%28%22weekly%20ad%22%20OR%20circular%20OR%20flyer%20OR%20specials%29,advertised,,,,,,,,,,"Second-pass ZIP-targeted search URL. Open link, verify official store ad/circular, then replace with confirmed source URL.",https://duckduckgo.com/?q=%22HAMZAH%20GROCERY%22%20%2211207%22%20%28%22weekly%20ad%22%20OR%20circular%20OR%20flyer%20OR%20specials%29
755179,HIGHLAND PARK GROCERY,11207,,ZIP-targeted web search (manual verify),https://duckduckgo.com/?q=%22HIGHLAND%20PARK%20GROCERY%22%20%2211207%22%20%28%22weekly%20ad%22%20OR%20circular%20OR%20flyer%20OR%20specials%29,advertised,,,,,,,,,,"Second-pass ZIP-targeted search URL. Open link, verify official store ad/circular, then replace with confirmed source URL.",https://duckduckgo.com/?q=%22HIGHLAND%20PARK%20GROCERY%22%20%2211207%22%20%28%22weekly%20ad%22%20OR%20circular%20OR%20flyer%20OR%20specials%29
734355,LA CUESTA GROCERY,11207,,ZIP-targeted web search (manual verify),https://duckduckgo.com/?q=%22LA%20CUESTA%20GROCERY%22%20%2211207%22%20%28%22weekly%20ad%22%20OR%20circular%20OR%20flyer%20OR%20specials%29,advertised,,,,,,,,,,"Second-pass ZIP-targeted search URL. Open link, verify official store ad/circular, then replace with confirmed source URL.",https://duckduckgo.com/?q=%22LA%20CUESTA%20GROCERY%22%20%2211207%22%20%28%22weekly%20ad%22%20OR%20circular%20OR%20flyer%20OR%20specials%29
752582,LA TOMA GROCERY,11207,,ZIP-targeted web search (manual verify),https://duckduckgo.com/?q=%22LA%20TOMA%20GROCERY%22%20%2211207%22%20%28%22weekly%20ad%22%20OR%20circular%20OR%20flyer%20OR%20specials%29,advertised,,,,,,,,,,"Second-pass ZIP-targeted search URL. Open link, verify official store ad/circular, then replace with confirmed source URL.",https://duckduckgo.com/?q=%22LA%20TOMA%20GROCERY%22%20%2211207%22%20%28%22weekly%20ad%22%20OR%20circular%20OR%20flyer%20OR%20specials%29
612080,LEANDRO GROCERY,11207,,ZIP-targeted web search (manual verify),https://duckduckgo.com/?q=%22LEANDRO%20GROCERY%22%20%2211207%22%20%28%22weekly%20ad%22%20OR%20circular%20OR%20flyer%20OR%20specials%29,advertised,,,,,,,,,,"Second-pass ZIP-targeted search URL. Open link, verify official store ad/circular, then replace with confirmed source URL.",https://duckduckgo.com/?q=%22LEANDRO%20GROCERY%22%20%2211207%22%20%28%22weekly%20ad%22%20OR%20circular%20OR%20flyer%20OR%20specials%29
743277,LIVONIA DISCOUNT&GROCERY,11207,,ZIP-targeted web search (manual verify),https://duckduckgo.com/?q=%22LIVONIA%20DISCOUNT%26GROCERY%22%20%2211207%22%20%28%22weekly%20ad%22%20OR%20circular%20OR%20flyer%20OR%20specials%29,advertised,,,,,,,,,,"Second-pass ZIP-targeted search URL. Open link, verify official store ad/circular, then replace with confirmed source URL.",https://duckduckgo.com/?q=%22LIVONIA%20DISCOUNT%26GROCERY%22%20%2211207%22%20%28%22weekly%20ad%22%20OR%20circular%20OR%20flyer%20OR%20specials%29
730898,LIVONIA EXPRESS GROCERY,11207,,ZIP-targeted web search (manual verify),https://duckduckgo.com/?q=%22LIVONIA%20EXPRESS%20GROCERY%22%20%2211207%22%20%28%22weekly%20ad%22%20OR%20circular%20OR%20flyer%20OR%20specials%29,advertised,,,,,,,,,,"Second-pass ZIP-targeted search URL. Open link, verify official store ad/circular, then replace with confirmed source URL.",https://duckduckgo.com/?q=%22LIVONIA%20EXPRESS%20GROCERY%22%20%2211207%22%20%28%22weekly%20ad%22%20OR%20circular%20OR%20flyer%20OR%20specials%29
610796,LIVONIA GROCERY,11207,,ZIP-targeted web search (manual verify),https://duckduckgo.com/?q=%22LIVONIA%20GROCERY%22%20%2211207%22%20%28%22weekly%20ad%22%20OR%20circular%20OR%20flyer%20OR%20specials%29,advertised,,,,,,,,,,"Second-pass ZIP-targeted search URL. Open link, verify official store ad/circular, then replace with confirmed source URL.",https://duckduckgo.com/?q=%22LIVONIA%20GROCERY%22%20%2211207%22%20%28%22weekly%20ad%22%20OR%20circular%20OR%20flyer%20OR%20specials%29
619352,MARIEN GROCERY,11207,,ZIP-targeted web search (manual verify),https://duckduckgo.com/?q=%22MARIEN%20GROCERY%22%20%2211207%22%20%28%22weekly%20ad%22%20OR%20circular%20OR%20flyer%20OR%20specials%29,advertised,,,,,,,,,,"Second-pass ZIP-targeted search URL. Open link, verify official store ad/circular, then replace with confirmed source URL.",https://duckduckgo.com/?q=%22MARIEN%20GROCERY%22%20%2211207%22%20%28%22weekly%20ad%22%20OR%20circular%20OR%20flyer%20OR%20specials%29
718675,MI PUEBLO GROCERY,11207,,ZIP-targeted web search (manual verify),https://duckduckgo.com/?q=%22MI%20PUEBLO%20GROCERY%22%20%2211207%22%20%28%22weekly%20ad%22%20OR%20circular%20OR%20flyer%20OR%20specials%29,advertised,,,,,,,,,,"Second-pass ZIP-targeted search URL. Open link, verify official store ad/circular, then replace with confirmed source URL.",https://duckduckgo.com/?q=%22MI%20PUEBLO%20GROCERY%22%20%2211207%22%20%28%22weekly%20ad%22%20OR%20circular%20OR%20flyer%20OR%20specials%29
739455,NEW JERSEY GROCERY,11207,,ZIP-targeted web search (manual verify),https://duckduckgo.com/?q=%22NEW%20JERSEY%20GROCERY%22%20%2211207%22%20%28%22weekly%20ad%22%20OR%20circular%20OR%20flyer%20OR%20specials%29,advertised,,,,,,,,,,"Second-pass ZIP-targeted search URL. Open link, verify official store ad/circular, then replace with confirmed source URL.",https://duckduckgo.com/?q=%22NEW%20JERSEY%20GROCERY%22%20%2211207%22%20%28%22weekly%20ad%22%20OR%20circular%20OR%20flyer%20OR%20specials%29
710809,PIONER FRESH SUPERMARKET,11207,,ZIP-targeted web search (manual verify),https://duckduckgo.com/?q=%22PIONER%20FRESH%20SUPERMARKET%22%20%2211207%22%20%28%22weekly%20ad%22%20OR%20circular%20OR%20flyer%20OR%20specials%29,advertised,,,,,,,,,,"Second-pass ZIP-targeted search URL. Open link, verify official store ad/circular, then replace with confirmed source URL.",https://duckduckgo.com/?q=%22PIONER%20FRESH%20SUPERMARKET%22%20%2211207%22%20%28%22weekly%20ad%22%20OR%20circular%20OR%20flyer%20OR%20specials%29
763984,ROSE & NAOMI PRODUCE GROCERY MEAT MARKET,11207,,ZIP-targeted web search (manual verify),https://duckduckgo.com/?q=%22ROSE%20%26%20NAOMI%20PRODUCE%20GROCERY%20MEAT%20MARKET%22%20%2211207%22%20%28%22weekly%20ad%22%20OR%20circular%20OR%20flyer%20OR%20specials%29,advertised,,,,,,,,,,"Second-pass ZIP-targeted search URL. Open link, verify official store ad/circular, then replace with confirmed source URL.",https://duckduckgo.com/?q=%22ROSE%20%26%20NAOMI%20PRODUCE%20GROCERY%20MEAT%20MARKET%22%20%2211207%22%20%28%22weekly%20ad%22%20OR%20circular%20OR%20flyer%20OR%20specials%29
755935,SHOP FAIR SUPERMARKET,11207,2026-05-23,Shop Fair Weekly Circular,https://www.shopfairsupermarkets.com/Circular4Page.aspx,advertised,,,,,,,,,,Matched to chain circular/weekly-ad source.,https://duckduckgo.com/?q=%22SHOP%20FAIR%20SUPERMARKET%22%20%2211207%22%20%28%22weekly%20ad%22%20OR%20circular%20OR%20flyer%20OR%20specials%29
728706,SHOP FAIR SUPERMARKET,11207,2026-05-23,Shop Fair Weekly Circular,https://www.shopfairsupermarkets.com/Circular4Page.aspx,advertised,,,,,,,,,,Matched to chain circular/weekly-ad source.,https://duckduckgo.com/?q=%22SHOP%20FAIR%20SUPERMARKET%22%20%2211207%22%20%28%22weekly%20ad%22%20OR%20circular%20OR%20flyer%20OR%20specials%29
764674,SHOP HERE GROCERY,11207,,ZIP-targeted web search (manual verify),https://duckduckgo.com/?q=%22SHOP%20HERE%20GROCERY%22%20%2211207%22%20%28%22weekly%20ad%22%20OR%20circular%20OR%20flyer%20OR%20specials%29,advertised,,,,,,,,,,"Second-pass ZIP-targeted search URL. Open link, verify official store ad/circular, then replace with confirmed source URL.",https://duckduckgo.com/?q=%22SHOP%20HERE%20GROCERY%22%20%2211207%22%20%28%22weekly%20ad%22%20OR%20circular%20OR%20flyer%20OR%20specials%29
751849,STOP ONE SUPERMARKET,11207,,ZIP-targeted web search (manual verify),https://duckduckgo.com/?q=%22STOP%20ONE%20SUPERMARKET%22%20%2211207%22%20%28%22weekly%20ad%22%20OR%20circular%20OR%20flyer%20OR%20specials%29,advertised,,,,,,,,,,"Second-pass ZIP-targeted search URL. Open link, verify official store ad/circular, then replace with confirmed source URL.",https://duckduckgo.com/?q=%22STOP%20ONE%20SUPERMARKET%22%20%2211207%22%20%28%22weekly%20ad%22%20OR%20circular%20OR%20flyer%20OR%20specials%29
718035,STOP ONE SUPERMARKET,11207,,ZIP-targeted web search (manual verify),https://duckduckgo.com/?q=%22STOP%20ONE%20SUPERMARKET%22%20%2211207%22%20%28%22weekly%20ad%22%20OR%20circular%20OR%20flyer%20OR%20specials%29,advertised,,,,,,,,,,"Second-pass ZIP-targeted search URL. Open link, verify official store ad/circular, then replace with confirmed source URL.",https://duckduckgo.com/?q=%22STOP%20ONE%20SUPERMARKET%22%20%2211207%22%20%28%22weekly%20ad%22%20OR%20circular%20OR%20flyer%20OR%20specials%29
727324,UNITED GROCERY FRESH FOOD,11207,,ZIP-targeted web search (manual verify),https://duckduckgo.com/?q=%22UNITED%20GROCERY%20FRESH%20FOOD%22%20%2211207%22%20%28%22weekly%20ad%22%20OR%20circular%20OR%20flyer%20OR%20specials%29,advertised,,,,,,,,,,"Second-pass ZIP-targeted search URL. Open link, verify official store ad/circular, then replace with confirmed source URL.",https://duckduckgo.com/?q=%22UNITED%20GROCERY%20FRESH%20FOOD%22%20%2211207%22%20%28%22weekly%20ad%22%20OR%20circular%20OR%20flyer%20OR%20specials%29
735679,1149 YAMASA GROCERY,11208,,ZIP-targeted web search (manual verify),https://duckduckgo.com/?q=%221149%20YAMASA%20GROCERY%22%20%2211208%22%20%28%22weekly%20ad%22%20OR%20circular%20OR%20flyer%20OR%20specials%29,advertised,,,,,,,,,,"Second-pass ZIP-targeted search URL. Open link, verify official store ad/circular, then replace with confirmed source URL.",https://duckduckgo.com/?q=%221149%20YAMASA%20GROCERY%22%20%2211208%22%20%28%22weekly%20ad%22%20OR%20circular%20OR%20flyer%20OR%20specials%29
748488,534 GRANT GROCERY,11208,,ZIP-targeted web search (manual verify),https://duckduckgo.com/?q=%22534%20GRANT%20GROCERY%22%20%2211208%22%20%28%22weekly%20ad%22%20OR%20circular%20OR%20flyer%20OR%20specials%29,advertised,,,,,,,,,,"Second-pass ZIP-targeted search URL. Open link, verify official store ad/circular, then replace with confirmed source URL.",https://duckduckgo.com/?q=%22534%20GRANT%20GROCERY%22%20%2211208%22%20%28%22weekly%20ad%22%20OR%20circular%20OR%20flyer%20OR%20specials%29
747601,A&F GROCERY,11208,,ZIP-targeted web search (manual verify),https://duckduckgo.com/?q=%22A%26F%20GROCERY%22%20%2211208%22%20%28%22weekly%20ad%22%20OR%20circular%20OR%20flyer%20OR%20specials%29,advertised,,,,,,,,,,"Second-pass ZIP-targeted search URL. Open link, verify official store ad/circular, then replace with confirmed source URL.",https://duckduckgo.com/?q=%22A%26F%20GROCERY%22%20%2211208%22%20%28%22weekly%20ad%22%20OR%20circular%20OR%20flyer%20OR%20specials%29
711247,ASIAN SUPERMARKET,11208,,ZIP-targeted web search (manual verify),https://duckduckgo.com/?q=%22ASIAN%20SUPERMARKET%22%20%2211208%22%20%28%22weekly%20ad%22%20OR%20circular%20OR%20flyer%20OR%20specials%29,advertised,,,,,,,,,,"Second-pass ZIP-targeted search URL. Open link, verify official store ad/circular, then replace with confirmed source URL.",https://duckduckgo.com/?q=%22ASIAN%20SUPERMARKET%22%20%2211208%22%20%28%22weekly%20ad%22%20OR%20circular%20OR%20flyer%20OR%20specials%29
618272,ASSOCIATED,11208,2026-05-23,Associated Supermarkets Weekly Ad,https://www.yapik.com/us/associated-supermarkets/weekly-ad,advertised,,,,,,,,,,Matched to third-party weekly-ad index for this chain; verify store-specific ad before final use.,https://duckduckgo.com/?q=%22ASSOCIATED%22%20%2211208%22%20%28%22weekly%20ad%22%20OR%20circular%20OR%20flyer%20OR%20specials%29
744634,BANANA SUPERMARKET,11208,,ZIP-targeted web search (manual verify),https://duckduckgo.com/?q=%22BANANA%20SUPERMARKET%22%20%2211208%22%20%28%22weekly%20ad%22%20OR%20circular%20OR%20flyer%20OR%20specials%29,advertised,,,,,,,,,,"Second-pass ZIP-targeted search URL. Open link, verify official store ad/circular, then replace with confirmed source URL.",https://duckduckgo.com/?q=%22BANANA%20SUPERMARKET%22%20%2211208%22%20%28%22weekly%20ad%22%20OR%20circular%20OR%20flyer%20OR%20specials%29
732265,BANGAL GROCERY,11208,,ZIP-targeted web search (manual verify),https://duckduckgo.com/?q=%22BANGAL%20GROCERY%22%20%2211208%22%20%28%22weekly%20ad%22%20OR%20circular%20OR%20flyer%20OR%20specials%29,advertised,,,,,,,,,,"Second-pass ZIP-targeted search URL. Open link, verify official store ad/circular, then replace with confirmed source URL.",https://duckduckgo.com/?q=%22BANGAL%20GROCERY%22%20%2211208%22%20%28%22weekly%20ad%22%20OR%20circular%20OR%20flyer%20OR%20specials%29
758875,BANGLA SUPERMARKET,11208,,ZIP-targeted web search (manual verify),https://duckduckgo.com/?q=%22BANGLA%20SUPERMARKET%22%20%2211208%22%20%28%22weekly%20ad%22%20OR%20circular%20OR%20flyer%20OR%20specials%29,advertised,,,,,,,,,,"Second-pass ZIP-targeted search URL. Open link, verify official store ad/circular, then replace with confirmed source URL.",https://duckduckgo.com/?q=%22BANGLA%20SUPERMARKET%22%20%2211208%22%20%28%22weekly%20ad%22%20OR%20circular%20OR%20flyer%20OR%20specials%29
615168,CHARO WEST INDIAN AND AMERICAN GROCERY,11208,,ZIP-targeted web search (manual verify),https://duckduckgo.com/?q=%22CHARO%20WEST%20INDIAN%20AND%20AMERICAN%20GROCERY%22%20%2211208%22%20%28%22weekly%20ad%22%20OR%20circular%20OR%20flyer%20OR%20specials%29,advertised,,,,,,,,,,"Second-pass ZIP-targeted search URL. Open link, verify official store ad/circular, then replace with confirmed source URL.",https://duckduckgo.com/?q=%22CHARO%20WEST%20INDIAN%20AND%20AMERICAN%20GROCERY%22%20%2211208%22%20%28%22weekly%20ad%22%20OR%20circular%20OR%20flyer%20OR%20specials%29
707594,CHIQUITA GROCERY,11208,,ZIP-targeted web search (manual verify),https://duckduckgo.com/?q=%22CHIQUITA%20GROCERY%22%20%2211208%22%20%28%22weekly%20ad%22%20OR%20circular%20OR%20flyer%20OR%20specials%29,advertised,,,,,,,,,,"Second-pass ZIP-targeted search URL. Open link, verify official store ad/circular, then replace with confirmed source URL.",https://duckduckgo.com/?q=%22CHIQUITA%20GROCERY%22%20%2211208%22%20%28%22weekly%20ad%22%20OR%20circular%20OR%20flyer%20OR%20specials%29
617916,DARIS GROCERY,11208,,ZIP-targeted web search (manual verify),https://duckduckgo.com/?q=%22DARIS%20GROCERY%22%20%2211208%22%20%28%22weekly%20ad%22%20OR%20circular%20OR%20flyer%20OR%20specials%29,advertised,,,,,,,,,,"Second-pass ZIP-targeted search URL. Open link, verify official store ad/circular, then replace with confirmed source URL.",https://duckduckgo.com/?q=%22DARIS%20GROCERY%22%20%2211208%22%20%28%22weekly%20ad%22%20OR%20circular%20OR%20flyer%20OR%20specials%29
735969,EL MERCADITO GROCERY 2,11208,,ZIP-targeted web search (manual verify),https://duckduckgo.com/?q=%22EL%20MERCADITO%20GROCERY%202%22%20%2211208%22%20%28%22weekly%20ad%22%20OR%20circular%20OR%20flyer%20OR%20specials%29,advertised,,,,,,,,,,"Second-pass ZIP-targeted search URL. Open link, verify official store ad/circular, then replace with confirmed source URL.",https://duckduckgo.com/?q=%22EL%20MERCADITO%20GROCERY%202%22%20%2211208%22%20%28%22weekly%20ad%22%20OR%20circular%20OR%20flyer%20OR%20specials%29
764476,EMDAD SUPERMARKET,11208,,ZIP-targeted web search (manual verify),https://duckduckgo.com/?q=%22EMDAD%20SUPERMARKET%22%20%2211208%22%20%28%22weekly%20ad%22%20OR%20circular%20OR%20flyer%20OR%20specials%29,advertised,,,,,,,,,,"Second-pass ZIP-targeted search URL. Open link, verify official store ad/circular, then replace with confirmed source URL.",https://duckduckgo.com/?q=%22EMDAD%20SUPERMARKET%22%20%2211208%22%20%28%22weekly%20ad%22%20OR%20circular%20OR%20flyer%20OR%20specials%29
616766,FIRST STOP GROCERY,11208,,ZIP-targeted web search (manual verify),https://duckduckgo.com/?q=%22FIRST%20STOP%20GROCERY%22%20%2211208%22%20%28%22weekly%20ad%22%20OR%20circular%20OR%20flyer%20OR%20specials%29,advertised,,,,,,,,,,"Second-pass ZIP-targeted search URL. Open link, verify official store ad/circular, then replace with confirmed source URL.",https://duckduckgo.com/?q=%22FIRST%20STOP%20GROCERY%22%20%2211208%22%20%28%22weekly%20ad%22%20OR%20circular%20OR%20flyer%20OR%20specials%29
766870,FOOD BAZAAR,11208,2026-05-23,Food Bazaar Weekly Ad,https://www.foodbazaar.com/weekly-ad/,advertised,,,,,,,,,,Matched to chain circular/weekly-ad source.,https://duckduckgo.com/?q=%22FOOD%20BAZAAR%22%20%2211208%22%20%28%22weekly%20ad%22%20OR%20circular%20OR%20flyer%20OR%20specials%29
764290,FORBELL GROCERY,11208,,ZIP-targeted web search (manual verify),https://duckduckgo.com/?q=%22FORBELL%20GROCERY%22%20%2211208%22%20%28%22weekly%20ad%22%20OR%20circular%20OR%20flyer%20OR%20specials%29,advertised,,,,,,,,,,"Second-pass ZIP-targeted search URL. Open link, verify official store ad/circular, then replace with confirmed source URL.",https://duckduckgo.com/?q=%22FORBELL%20GROCERY%22%20%2211208%22%20%28%22weekly%20ad%22%20OR%20circular%20OR%20flyer%20OR%20specials%29
763960,FULTON 3158 GROCERY STORE,11208,,ZIP-targeted web search (manual verify),https://duckduckgo.com/?q=%22FULTON%203158%20GROCERY%20STORE%22%20%2211208%22%20%28%22weekly%20ad%22%20OR%20circular%20OR%20flyer%20OR%20specials%29,advertised,,,,,,,,,,"Second-pass ZIP-targeted search URL. Open link, verify official store ad/circular, then replace with confirmed source URL.",https://duckduckgo.com/?q=%22FULTON%203158%20GROCERY%20STORE%22%20%2211208%22%20%28%22weekly%20ad%22%20OR%20circular%20OR%20flyer%20OR%20specials%29
748196,FULTON BEBE GROCERY STORE,11208,,ZIP-targeted web search (manual verify),https://duckduckgo.com/?q=%22FULTON%20BEBE%20GROCERY%20STORE%22%20%2211208%22%20%28%22weekly%20ad%22%20OR%20circular%20OR%20flyer%20OR%20specials%29,advertised,,,,,,,,,,"Second-pass ZIP-targeted search URL. Open link, verify official store ad/circular, then replace with confirmed source URL.",https://duckduckgo.com/?q=%22FULTON%20BEBE%20GROCERY%20STORE%22%20%2211208%22%20%28%22weekly%20ad%22%20OR%20circular%20OR%20flyer%20OR%20specials%29
614625,KEY FOOD,11208,2026-05-23,Key Food / Food Universe Flyers,https://www.keyfood.com/flyers,advertised,,,,,,,,,,Matched to chain circular/weekly-ad source.,https://duckduckgo.com/?q=%22KEY%20FOOD%22%20%2211208%22%20%28%22weekly%20ad%22%20OR%20circular%20OR%20flyer%20OR%20specials%29
613005,KEY FOOD,11208,2026-05-23,Key Food / Food Universe Flyers,https://www.keyfood.com/flyers,advertised,,,,,,,,,,Matched to chain circular/weekly-ad source.,https://duckduckgo.com/?q=%22KEY%20FOOD%22%20%2211208%22%20%28%22weekly%20ad%22%20OR%20circular%20OR%20flyer%20OR%20specials%29
737930,KIWI GROCERY 2,11208,,ZIP-targeted web search (manual verify),https://duckduckgo.com/?q=%22KIWI%20GROCERY%202%22%20%2211208%22%20%28%22weekly%20ad%22%20OR%20circular%20OR%20flyer%20OR%20specials%29,advertised,,,,,,,,,,"Second-pass ZIP-targeted search URL. Open link, verify official store ad/circular, then replace with confirmed source URL.",https://duckduckgo.com/?q=%22KIWI%20GROCERY%202%22%20%2211208%22%20%28%22weekly%20ad%22%20OR%20circular%20OR%20flyer%20OR%20specials%29
611496,LA FAMILIA GROCERY,11208,,ZIP-targeted web search (manual verify),https://duckduckgo.com/?q=%22LA%20FAMILIA%20GROCERY%22%20%2211208%22%20%28%22weekly%20ad%22%20OR%20circular%20OR%20flyer%20OR%20specials%29,advertised,,,,,,,,,,"Second-pass ZIP-targeted search URL. Open link, verify official store ad/circular, then replace with confirmed source URL.",https://duckduckgo.com/?q=%22LA%20FAMILIA%20GROCERY%22%20%2211208%22%20%28%22weekly%20ad%22%20OR%20circular%20OR%20flyer%20OR%20specials%29
671524,LA PAZ GROCERY,11208,,ZIP-targeted web search (manual verify),https://duckduckgo.com/?q=%22LA%20PAZ%20GROCERY%22%20%2211208%22%20%28%22weekly%20ad%22%20OR%20circular%20OR%20flyer%20OR%20specials%29,advertised,,,,,,,,,,"Second-pass ZIP-targeted search URL. Open link, verify official store ad/circular, then replace with confirmed source URL.",https://duckduckgo.com/?q=%22LA%20PAZ%20GROCERY%22%20%2211208%22%20%28%22weekly%20ad%22%20OR%20circular%20OR%20flyer%20OR%20specials%29
752394,LA SIRENA SUPERMARKET,11208,,ZIP-targeted web search (manual verify),https://duckduckgo.com/?q=%22LA%20SIRENA%20SUPERMARKET%22%20%2211208%22%20%28%22weekly%20ad%22%20OR%20circular%20OR%20flyer%20OR%20specials%29,advertised,,,,,,,,,,"Second-pass ZIP-targeted search URL. Open link, verify official store ad/circular, then replace with confirmed source URL.",https://duckduckgo.com/?q=%22LA%20SIRENA%20SUPERMARKET%22%20%2211208%22%20%28%22weekly%20ad%22%20OR%20circular%20OR%20flyer%20OR%20specials%29
619832,LUNA GROCERY STORE,11208,,ZIP-targeted web search (manual verify),https://duckduckgo.com/?q=%22LUNA%20GROCERY%20STORE%22%20%2211208%22%20%28%22weekly%20ad%22%20OR%20circular%20OR%20flyer%20OR%20specials%29,advertised,,,,,,,,,,"Second-pass ZIP-targeted search URL. Open link, verify official store ad/circular, then replace with confirmed source URL.",https://duckduckgo.com/?q=%22LUNA%20GROCERY%20STORE%22%20%2211208%22%20%28%22weekly%20ad%22%20OR%20circular%20OR%20flyer%20OR%20specials%29
718145,MOCA GROCERY NY,11208,,ZIP-targeted web search (manual verify),https://duckduckgo.com/?q=%22MOCA%20GROCERY%20NY%22%20%2211208%22%20%28%22weekly%20ad%22%20OR%20circular%20OR%20flyer%20OR%20specials%29,advertised,,,,,,,,,,"Second-pass ZIP-targeted search URL. Open link, verify official store ad/circular, then replace with confirmed source URL.",https://duckduckgo.com/?q=%22MOCA%20GROCERY%20NY%22%20%2211208%22%20%28%22weekly%20ad%22%20OR%20circular%20OR%20flyer%20OR%20specials%29
764239,MOYNAMATI SUPERMARKET,11208,,ZIP-targeted web search (manual verify),https://duckduckgo.com/?q=%22MOYNAMATI%20SUPERMARKET%22%20%2211208%22%20%28%22weekly%20ad%22%20OR%20circular%20OR%20flyer%20OR%20specials%29,advertised,,,,,,,,,,"Second-pass ZIP-targeted search URL. Open link, verify official store ad/circular, then replace with confirmed source URL.",https://duckduckgo.com/?q=%22MOYNAMATI%20SUPERMARKET%22%20%2211208%22%20%28%22weekly%20ad%22%20OR%20circular%20OR%20flyer%20OR%20specials%29
616765,MY NEIGHBORHOOD GROCERY,11208,,ZIP-targeted web search (manual verify),https://duckduckgo.com/?q=%22MY%20NEIGHBORHOOD%20GROCERY%22%20%2211208%22%20%28%22weekly%20ad%22%20OR%20circular%20OR%20flyer%20OR%20specials%29,advertised,,,,,,,,,,"Second-pass ZIP-targeted search URL. Open link, verify official store ad/circular, then replace with confirmed source URL.",https://duckduckgo.com/?q=%22MY%20NEIGHBORHOOD%20GROCERY%22%20%2211208%22%20%28%22weekly%20ad%22%20OR%20circular%20OR%20flyer%20OR%20specials%29
709418,NATALIES GROCERY STORE,11208,,ZIP-targeted web search (manual verify),https://duckduckgo.com/?q=%22NATALIES%20GROCERY%20STORE%22%20%2211208%22%20%28%22weekly%20ad%22%20OR%20circular%20OR%20flyer%20OR%20specials%29,advertised,,,,,,,,,,"Second-pass ZIP-targeted search URL. Open link, verify official store ad/circular, then replace with confirmed source URL.",https://duckduckgo.com/?q=%22NATALIES%20GROCERY%20STORE%22%20%2211208%22%20%28%22weekly%20ad%22%20OR%20circular%20OR%20flyer%20OR%20specials%29
616268,NOLBERTO GROCERY,11208,,ZIP-targeted web search (manual verify),https://duckduckgo.com/?q=%22NOLBERTO%20GROCERY%22%20%2211208%22%20%28%22weekly%20ad%22%20OR%20circular%20OR%20flyer%20OR%20specials%29,advertised,,,,,,,,,,"Second-pass ZIP-targeted search URL. Open link, verify official store ad/circular, then replace with confirmed source URL.",https://duckduckgo.com/?q=%22NOLBERTO%20GROCERY%22%20%2211208%22%20%28%22weekly%20ad%22%20OR%20circular%20OR%20flyer%20OR%20specials%29
743386,PREMIUM SUPERMARKET,11208,,ZIP-targeted web search (manual verify),https://duckduckgo.com/?q=%22PREMIUM%20SUPERMARKET%22%20%2211208%22%20%28%22weekly%20ad%22%20OR%20circular%20OR%20flyer%20OR%20specials%29,advertised,,,,,,,,,,"Second-pass ZIP-targeted search URL. Open link, verify official store ad/circular, then replace with confirmed source URL.",https://duckduckgo.com/?q=%22PREMIUM%20SUPERMARKET%22%20%2211208%22%20%28%22weekly%20ad%22%20OR%20circular%20OR%20flyer%20OR%20specials%29
611576,RANDY SUPERMARKET,11208,,ZIP-targeted web search (manual verify),https://duckduckgo.com/?q=%22RANDY%20SUPERMARKET%22%20%2211208%22%20%28%22weekly%20ad%22%20OR%20circular%20OR%20flyer%20OR%20specials%29,advertised,,,,,,,,,,"Second-pass ZIP-targeted search URL. Open link, verify official store ad/circular, then replace with confirmed source URL.",https://duckduckgo.com/?q=%22RANDY%20SUPERMARKET%22%20%2211208%22%20%28%22weekly%20ad%22%20OR%20circular%20OR%20flyer%20OR%20specials%29
748249,SABOR LATINO GROCERY,11208,,ZIP-targeted web search (manual verify),https://duckduckgo.com/?q=%22SABOR%20LATINO%20GROCERY%22%20%2211208%22%20%28%22weekly%20ad%22%20OR%20circular%20OR%20flyer%20OR%20specials%29,advertised,,,,,,,,,,"Second-pass ZIP-targeted search URL. Open link, verify official store ad/circular, then replace with confirmed source URL.",https://duckduckgo.com/?q=%22SABOR%20LATINO%20GROCERY%22%20%2211208%22%20%28%22weekly%20ad%22%20OR%20circular%20OR%20flyer%20OR%20specials%29
614936,SM 534 GROCERY,11208,,ZIP-targeted web search (manual verify),https://duckduckgo.com/?q=%22SM%20534%20GROCERY%22%20%2211208%22%20%28%22weekly%20ad%22%20OR%20circular%20OR%20flyer%20OR%20specials%29,advertised,,,,,,,,,,"Second-pass ZIP-targeted search URL. Open link, verify official store ad/circular, then replace with confirmed source URL.",https://duckduckgo.com/?q=%22SM%20534%20GROCERY%22%20%2211208%22%20%28%22weekly%20ad%22%20OR%20circular%20OR%20flyer%20OR%20specials%29
615652,SUSY GROCERY,11208,,ZIP-targeted web search (manual verify),https://duckduckgo.com/?q=%22SUSY%20GROCERY%22%20%2211208%22%20%28%22weekly%20ad%22%20OR%20circular%20OR%20flyer%20OR%20specials%29,advertised,,,,,,,,,,"Second-pass ZIP-targeted search URL. Open link, verify official store ad/circular, then replace with confirmed source URL.",https://duckduckgo.com/?q=%22SUSY%20GROCERY%22%20%2211208%22%20%28%22weekly%20ad%22%20OR%20circular%20OR%20flyer%20OR%20specials%29
613416,SUTTER GROCERY STORE,11208,,ZIP-targeted web search (manual verify),https://duckduckgo.com/?q=%22SUTTER%20GROCERY%20STORE%22%20%2211208%22%20%28%22weekly%20ad%22%20OR%20circular%20OR%20flyer%20OR%20specials%29,advertised,,,,,,,,,,"Second-pass ZIP-targeted search URL. Open link, verify official store ad/circular, then replace with confirmed source URL.",https://duckduckgo.com/?q=%22SUTTER%20GROCERY%20STORE%22%20%2211208%22%20%28%22weekly%20ad%22%20OR%20circular%20OR%20flyer%20OR%20specials%29
612583,WESTERN BEEF,11208,2026-05-23,Western Beef Weekly Sales,https://www.westernbeef.com/sales,advertised,,,,,,,,,,Matched to chain circular/weekly-ad source.,https://duckduckgo.com/?q=%22WESTERN%20BEEF%22%20%2211208%22%20%28%22weekly%20ad%22%20OR%20circular%20OR%20flyer%20OR%20specials%29
762545,YOLANDA GROCERY STORE,11208,,ZIP-targeted web search (manual verify),https://duckduckgo.com/?q=%22YOLANDA%20GROCERY%20STORE%22%20%2211208%22%20%28%22weekly%20ad%22%20OR%20circular%20OR%20flyer%20OR%20specials%29,advertised,,,,,,,,,,"Second-pass ZIP-targeted search URL. Open link, verify official store ad/circular, then replace with confirmed source URL.",https://duckduckgo.com/?q=%22YOLANDA%20GROCERY%20STORE%22%20%2211208%22%20%28%22weekly%20ad%22%20OR%20circular%20OR%20flyer%20OR%20specials%29
703224,A L COLUCCIO ITALIAN FAMILY GROCERY AND,11209,,ZIP-targeted web search (manual verify),https://duckduckgo.com/?q=%22A%20L%20COLUCCIO%20ITALIAN%20FAMILY%20GROCERY%20AND%22%20%2211209%22%20%28%22weekly%20ad%22%20OR%20circular%20OR%20flyer%20OR%20specials%29,advertised,,,,,,,,,,"Second-pass ZIP-targeted search URL. Open link, verify official store ad/circular, then replace with confirmed source URL.",https://duckduckgo.com/?q=%22A%20L%20COLUCCIO%20ITALIAN%20FAMILY%20GROCERY%20AND%22%20%2211209%22%20%28%22weekly%20ad%22%20OR%20circular%20OR%20flyer%20OR%20specials%29
719266,BAY RIDGE 99 STORE & GROCERY,11209,,ZIP-targeted web search (manual verify),https://duckduckgo.com/?q=%22BAY%20RIDGE%2099%20STORE%20%26%20GROCERY%22%20%2211209%22%20%28%22weekly%20ad%22%20OR%20circular%20OR%20flyer%20OR%20specials%29,advertised,,,,,,,,,,"Second-pass ZIP-targeted search URL. Open link, verify official store ad/circular, then replace with confirmed source URL.",https://duckduckgo.com/?q=%22BAY%20RIDGE%2099%20STORE%20%26%20GROCERY%22%20%2211209%22%20%28%22weekly%20ad%22%20OR%20circular%20OR%20flyer%20OR%20specials%29
617425,GOURMET GROCERY,11209,,ZIP-targeted web search (manual verify),https://duckduckgo.com/?q=%22GOURMET%20GROCERY%22%20%2211209%22%20%28%22weekly%20ad%22%20OR%20circular%20OR%20flyer%20OR%20specials%29,advertised,,,,,,,,,,"Second-pass ZIP-targeted search URL. Open link, verify official store ad/circular, then replace with confirmed source URL.",https://duckduckgo.com/?q=%22GOURMET%20GROCERY%22%20%2211209%22%20%28%22weekly%20ad%22%20OR%20circular%20OR%20flyer%20OR%20specials%29
708239,JIMY CANDY GROCERY,11209,,ZIP-targeted web search (manual verify),https://duckduckgo.com/?q=%22JIMY%20CANDY%20GROCERY%22%20%2211209%22%20%28%22weekly%20ad%22%20OR%20circular%20OR%20flyer%20OR%20specials%29,advertised,,,,,,,,,,"Second-pass ZIP-targeted search URL. Open link, verify official store ad/circular, then replace with confirmed source URL.",https://duckduckgo.com/?q=%22JIMY%20CANDY%20GROCERY%22%20%2211209%22%20%28%22weekly%20ad%22%20OR%20circular%20OR%20flyer%20OR%20specials%29
714914,KEY FOOD,11209,2026-05-23,Key Food / Food Universe Flyers,https://www.keyfood.com/flyers,advertised,,,,,,,,,,Matched to chain circular/weekly-ad source.,https://duckduckgo.com/?q=%22KEY%20FOOD%22%20%2211209%22%20%28%22weekly%20ad%22%20OR%20circular%20OR%20flyer%20OR%20specials%29
612650,MANDATO FRUITS&GROCERY,11209,,ZIP-targeted web search (manual verify),https://duckduckgo.com/?q=%22MANDATO%20FRUITS%26GROCERY%22%20%2211209%22%20%28%22weekly%20ad%22%20OR%20circular%20OR%20flyer%20OR%20specials%29,advertised,,,,,,,,,,"Second-pass ZIP-targeted search URL. Open link, verify official store ad/circular, then replace with confirmed source URL.",https://duckduckgo.com/?q=%22MANDATO%20FRUITS%26GROCERY%22%20%2211209%22%20%28%22weekly%20ad%22%20OR%20circular%20OR%20flyer%20OR%20specials%29
705994,MET FOOD,11209,2026-05-23,Met Foods Weekly Ad,https://www.metfoods.com/weekly-ad/,advertised,,,,,,,,,,Matched to chain circular/weekly-ad source.,https://duckduckgo.com/?q=%22MET%20FOOD%22%20%2211209%22%20%28%22weekly%20ad%22%20OR%20circular%20OR%20flyer%20OR%20specials%29
706966,MET FRESH SUPERMARKET,11209,2026-05-23,Met Foods Weekly Ad,https://www.metfoods.com/weekly-ad/,advertised,,,,,,,,,,Matched to chain circular/weekly-ad source.,https://duckduckgo.com/?q=%22MET%20FRESH%20SUPERMARKET%22%20%2211209%22%20%28%22weekly%20ad%22%20OR%20circular%20OR%20flyer%20OR%20specials%29
670498,POLBRIDGE GROCERY STORE,11209,,ZIP-targeted web search (manual verify),https://duckduckgo.com/?q=%22POLBRIDGE%20GROCERY%20STORE%22%20%2211209%22%20%28%22weekly%20ad%22%20OR%20circular%20OR%20flyer%20OR%20specials%29,advertised,,,,,,,,,,"Second-pass ZIP-targeted search URL. Open link, verify official store ad/circular, then replace with confirmed source URL.",https://duckduckgo.com/?q=%22POLBRIDGE%20GROCERY%20STORE%22%20%2211209%22%20%28%22weekly%20ad%22%20OR%20circular%20OR%20flyer%20OR%20specials%29
752677,ALDI #114,11210,2026-05-23,ALDI Weekly Ad,https://www.aldi.us/weekly-specials/our-weekly-ads/,advertised,,,,,,,,,,Matched to chain circular/weekly-ad source.,https://duckduckgo.com/?q=%22ALDI%20%23114%22%20%2211210%22%20%28%22weekly%20ad%22%20OR%20circular%20OR%20flyer%20OR%20specials%29
613607,DORA GROCERY,11210,,ZIP-targeted web search (manual verify),https://duckduckgo.com/?q=%22DORA%20GROCERY%22%20%2211210%22%20%28%22weekly%20ad%22%20OR%20circular%20OR%20flyer%20OR%20specials%29,advertised,,,,,,,,,,"Second-pass ZIP-targeted search URL. Open link, verify official store ad/circular, then replace with confirmed source URL.",https://duckduckgo.com/?q=%22DORA%20GROCERY%22%20%2211210%22%20%28%22weekly%20ad%22%20OR%20circular%20OR%20flyer%20OR%20specials%29
749756,FINE FARE SUPERMARKET,11210,2026-05-23,Fine Fare Store Site,https://www.finefaresupermarkets.com/,advertised,,,,,,,,,,Matched to chain circular/weekly-ad source.,https://duckduckgo.com/?q=%22FINE%20FARE%20SUPERMARKET%22%20%2211210%22%20%28%22weekly%20ad%22%20OR%20circular%20OR%20flyer%20OR%20specials%29
705146,FLOR DE ATLIXCO GROCERY STORE,11210,,ZIP-targeted web search (manual verify),https://duckduckgo.com/?q=%22FLOR%20DE%20ATLIXCO%20GROCERY%20STORE%22%20%2211210%22%20%28%22weekly%20ad%22%20OR%20circular%20OR%20flyer%20OR%20specials%29,advertised,,,,,,,,,,"Second-pass ZIP-targeted search URL. Open link, verify official store ad/circular, then replace with confirmed source URL.",https://duckduckgo.com/?q=%22FLOR%20DE%20ATLIXCO%20GROCERY%20STORE%22%20%2211210%22%20%28%22weekly%20ad%22%20OR%20circular%20OR%20flyer%20OR%20specials%29
703320,GOLDEN VEGE & GROCERY AT FLATBUSH,11210,,ZIP-targeted web search (manual verify),https://duckduckgo.com/?q=%22GOLDEN%20VEGE%20%26%20GROCERY%20AT%20FLATBUSH%22%20%2211210%22%20%28%22weekly%20ad%22%20OR%20circular%20OR%20flyer%20OR%20specials%29,advertised,,,,,,,,,,"Second-pass ZIP-targeted search URL. Open link, verify official store ad/circular, then replace with confirmed source URL.",https://duckduckgo.com/?q=%22GOLDEN%20VEGE%20%26%20GROCERY%20AT%20FLATBUSH%22%20%2211210%22%20%28%22weekly%20ad%22%20OR%20circular%20OR%20flyer%20OR%20specials%29
619438,KEY FOOD SUPERMARKET 1290,11210,2026-05-23,Key Food / Food Universe Flyers,https://www.keyfood.com/flyers,advertised,,,,,,,,,,Matched to chain circular/weekly-ad source.,https://duckduckgo.com/?q=%22KEY%20FOOD%20SUPERMARKET%201290%22%20%2211210%22%20%28%22weekly%20ad%22%20OR%20circular%20OR%20flyer%20OR%20specials%29
725445,MSR DISCOUNT AND GROCERY,11210,,ZIP-targeted web search (manual verify),https://duckduckgo.com/?q=%22MSR%20DISCOUNT%20AND%20GROCERY%22%20%2211210%22%20%28%22weekly%20ad%22%20OR%20circular%20OR%20flyer%20OR%20specials%29,advertised,,,,,,,,,,"Second-pass ZIP-targeted search URL. Open link, verify official store ad/circular, then replace with confirmed source URL.",https://duckduckgo.com/?q=%22MSR%20DISCOUNT%20AND%20GROCERY%22%20%2211210%22%20%28%22weekly%20ad%22%20OR%20circular%20OR%20flyer%20OR%20specials%29
702118,NEW STANLEY'S GROCERY INC,11210,,ZIP-targeted web search (manual verify),https://duckduckgo.com/?q=%22NEW%20STANLEY%27S%20GROCERY%20INC%22%20%2211210%22%20%28%22weekly%20ad%22%20OR%20circular%20OR%20flyer%20OR%20specials%29,advertised,,,,,,,,,,"Second-pass ZIP-targeted search URL. Open link, verify official store ad/circular, then replace with confirmed source URL.",https://duckduckgo.com/?q=%22NEW%20STANLEY%27S%20GROCERY%20INC%22%20%2211210%22%20%28%22weekly%20ad%22%20OR%20circular%20OR%20flyer%20OR%20specials%29
615064,SHOP SMART SUPERMARKET,11210,,ZIP-targeted web search (manual verify),https://duckduckgo.com/?q=%22SHOP%20SMART%20SUPERMARKET%22%20%2211210%22%20%28%22weekly%20ad%22%20OR%20circular%20OR%20flyer%20OR%20specials%29,advertised,,,,,,,,,,"Second-pass ZIP-targeted search URL. Open link, verify official store ad/circular, then replace with confirmed source URL.",https://duckduckgo.com/?q=%22SHOP%20SMART%20SUPERMARKET%22%20%2211210%22%20%28%22weekly%20ad%22%20OR%20circular%20OR%20flyer%20OR%20specials%29
613878,WOLFS GROCERY,11210,,ZIP-targeted web search (manual verify),https://duckduckgo.com/?q=%22WOLFS%20GROCERY%22%20%2211210%22%20%28%22weekly%20ad%22%20OR%20circular%20OR%20flyer%20OR%20specials%29,advertised,,,,,,,,,,"Second-pass ZIP-targeted search URL. Open link, verify official store ad/circular, then replace with confirmed source URL.",https://duckduckgo.com/?q=%22WOLFS%20GROCERY%22%20%2211210%22%20%28%22weekly%20ad%22%20OR%20circular%20OR%20flyer%20OR%20specials%29
748194,ALEX GROCERY & NEWS,11211,,ZIP-targeted web search (manual verify),https://duckduckgo.com/?q=%22ALEX%20GROCERY%20%26%20NEWS%22%20%2211211%22%20%28%22weekly%20ad%22%20OR%20circular%20OR%20flyer%20OR%20specials%29,advertised,,,,,,,,,,"Second-pass ZIP-targeted search URL. Open link, verify official store ad/circular, then replace with confirmed source URL.",https://duckduckgo.com/?q=%22ALEX%20GROCERY%20%26%20NEWS%22%20%2211211%22%20%28%22weekly%20ad%22%20OR%20circular%20OR%20flyer%20OR%20specials%29
617044,ALL FRESH SUPERMARKET,11211,,ZIP-targeted web search (manual verify),https://duckduckgo.com/?q=%22ALL%20FRESH%20SUPERMARKET%22%20%2211211%22%20%28%22weekly%20ad%22%20OR%20circular%20OR%20flyer%20OR%20specials%29,advertised,,,,,,,,,,"Second-pass ZIP-targeted search URL. Open link, verify official store ad/circular, then replace with confirmed source URL.",https://duckduckgo.com/?q=%22ALL%20FRESH%20SUPERMARKET%22%20%2211211%22%20%28%22weekly%20ad%22%20OR%20circular%20OR%20flyer%20OR%20specials%29
743845,BONDOS GROCERY,11211,,ZIP-targeted web search (manual verify),https://duckduckgo.com/?q=%22BONDOS%20GROCERY%22%20%2211211%22%20%28%22weekly%20ad%22%20OR%20circular%20OR%20flyer%20OR%20specials%29,advertised,,,,,,,,,,"Second-pass ZIP-targeted search URL. Open link, verify official store ad/circular, then replace with confirmed source URL.",https://duckduckgo.com/?q=%22BONDOS%20GROCERY%22%20%2211211%22%20%28%22weekly%20ad%22%20OR%20circular%20OR%20flyer%20OR%20specials%29
738311,BRAVO SUPERMARKET,11211,2026-05-23,Bravo Supermarkets Weekly Circular,https://www.bravosupermarkets.com/weekly-circular,advertised,,,,,,,,,,Matched to chain circular/weekly-ad source.,https://duckduckgo.com/?q=%22BRAVO%20SUPERMARKET%22%20%2211211%22%20%28%22weekly%20ad%22%20OR%20circular%20OR%20flyer%20OR%20specials%29
610300,C TOWN SUPERMARKET,11211,2026-05-23,CTown Weekly Ad,https://www.ctownsupermarkets.com/Weekly-Ad,advertised,,,,,,,,,,Matched to chain circular/weekly-ad source.,https://duckduckgo.com/?q=%22C%20TOWN%20SUPERMARKET%22%20%2211211%22%20%28%22weekly%20ad%22%20OR%20circular%20OR%20flyer%20OR%20specials%29
614216,C-TOWN,11211,2026-05-23,CTown Weekly Ad,https://www.ctownsupermarkets.com/Weekly-Ad,advertised,,,,,,,,,,Matched to chain circular/weekly-ad source.,https://duckduckgo.com/?q=%22C-TOWN%22%20%2211211%22%20%28%22weekly%20ad%22%20OR%20circular%20OR%20flyer%20OR%20specials%29
751172,D&J GROCERY SPANISH FOOD INC,11211,,ZIP-targeted web search (manual verify),https://duckduckgo.com/?q=%22D%26J%20GROCERY%20SPANISH%20FOOD%20INC%22%20%2211211%22%20%28%22weekly%20ad%22%20OR%20circular%20OR%20flyer%20OR%20specials%29,advertised,,,,,,,,,,"Second-pass ZIP-targeted search URL. Open link, verify official store ad/circular, then replace with confirmed source URL.",https://duckduckgo.com/?q=%22D%26J%20GROCERY%20SPANISH%20FOOD%20INC%22%20%2211211%22%20%28%22weekly%20ad%22%20OR%20circular%20OR%20flyer%20OR%20specials%29
758854,FOODTOWN,11211,2026-05-23,Foodtown Weekly Circular,https://www.foodtown.com/,advertised,,,,,,,,,,Matched to chain circular/weekly-ad source.,https://duckduckgo.com/?q=%22FOODTOWN%22%20%2211211%22%20%28%22weekly%20ad%22%20OR%20circular%20OR%20flyer%20OR%20specials%29
744361,FOODTOWN,11211,2026-05-23,Foodtown Weekly Circular,https://www.foodtown.com/,advertised,,,,,,,,,,Matched to chain circular/weekly-ad source.,https://duckduckgo.com/?q=%22FOODTOWN%22%20%2211211%22%20%28%22weekly%20ad%22%20OR%20circular%20OR%20flyer%20OR%20specials%29
619451,FOODTOWN,11211,2026-05-23,Foodtown Weekly Circular,https://www.foodtown.com/,advertised,,,,,,,,,,Matched to chain circular/weekly-ad source.,https://duckduckgo.com/?q=%22FOODTOWN%22%20%2211211%22%20%28%22weekly%20ad%22%20OR%20circular%20OR%20flyer%20OR%20specials%29
731493,GOLDBERGERS GROCERY,11211,,ZIP-targeted web search (manual verify),https://duckduckgo.com/?q=%22GOLDBERGERS%20GROCERY%22%20%2211211%22%20%28%22weekly%20ad%22%20OR%20circular%20OR%20flyer%20OR%20specials%29,advertised,,,,,,,,,,"Second-pass ZIP-targeted search URL. Open link, verify official store ad/circular, then replace with confirmed source URL.",https://duckduckgo.com/?q=%22GOLDBERGERS%20GROCERY%22%20%2211211%22%20%28%22weekly%20ad%22%20OR%20circular%20OR%20flyer%20OR%20specials%29
614616,LA CENISA CRUZ GROCERY,11211,,ZIP-targeted web search (manual verify),https://duckduckgo.com/?q=%22LA%20CENISA%20CRUZ%20GROCERY%22%20%2211211%22%20%28%22weekly%20ad%22%20OR%20circular%20OR%20flyer%20OR%20specials%29,advertised,,,,,,,,,,"Second-pass ZIP-targeted search URL. Open link, verify official store ad/circular, then replace with confirmed source URL.",https://duckduckgo.com/?q=%22LA%20CENISA%20CRUZ%20GROCERY%22%20%2211211%22%20%28%22weekly%20ad%22%20OR%20circular%20OR%20flyer%20OR%20specials%29
613473,LANDAU SUPERMARKET,11211,,ZIP-targeted web search (manual verify),https://duckduckgo.com/?q=%22LANDAU%20SUPERMARKET%22%20%2211211%22%20%28%22weekly%20ad%22%20OR%20circular%20OR%20flyer%20OR%20specials%29,advertised,,,,,,,,,,"Second-pass ZIP-targeted search URL. Open link, verify official store ad/circular, then replace with confirmed source URL.",https://duckduckgo.com/?q=%22LANDAU%20SUPERMARKET%22%20%2211211%22%20%28%22weekly%20ad%22%20OR%20circular%20OR%20flyer%20OR%20specials%29
612323,LEE AVE SUPERMARKET,11211,,ZIP-targeted web search (manual verify),https://duckduckgo.com/?q=%22LEE%20AVE%20SUPERMARKET%22%20%2211211%22%20%28%22weekly%20ad%22%20OR%20circular%20OR%20flyer%20OR%20specials%29,advertised,,,,,,,,,,"Second-pass ZIP-targeted search URL. Open link, verify official store ad/circular, then replace with confirmed source URL.",https://duckduckgo.com/?q=%22LEE%20AVE%20SUPERMARKET%22%20%2211211%22%20%28%22weekly%20ad%22%20OR%20circular%20OR%20flyer%20OR%20specials%29
619208,MARCY GROCERY,11211,,ZIP-targeted web search (manual verify),https://duckduckgo.com/?q=%22MARCY%20GROCERY%22%20%2211211%22%20%28%22weekly%20ad%22%20OR%20circular%20OR%20flyer%20OR%20specials%29,advertised,,,,,,,,,,"Second-pass ZIP-targeted search URL. Open link, verify official store ad/circular, then replace with confirmed source URL.",https://duckduckgo.com/?q=%22MARCY%20GROCERY%22%20%2211211%22%20%28%22weekly%20ad%22%20OR%20circular%20OR%20flyer%20OR%20specials%29
762042,MEXICO 2000 GROCERY,11211,,ZIP-targeted web search (manual verify),https://duckduckgo.com/?q=%22MEXICO%202000%20GROCERY%22%20%2211211%22%20%28%22weekly%20ad%22%20OR%20circular%20OR%20flyer%20OR%20specials%29,advertised,,,,,,,,,,"Second-pass ZIP-targeted search URL. Open link, verify official store ad/circular, then replace with confirmed source URL.",https://duckduckgo.com/?q=%22MEXICO%202000%20GROCERY%22%20%2211211%22%20%28%22weekly%20ad%22%20OR%20circular%20OR%20flyer%20OR%20specials%29
764186,ROSENFELDS GROCERY,11211,,ZIP-targeted web search (manual verify),https://duckduckgo.com/?q=%22ROSENFELDS%20GROCERY%22%20%2211211%22%20%28%22weekly%20ad%22%20OR%20circular%20OR%20flyer%20OR%20specials%29,advertised,,,,,,,,,,"Second-pass ZIP-targeted search URL. Open link, verify official store ad/circular, then replace with confirmed source URL.",https://duckduckgo.com/?q=%22ROSENFELDS%20GROCERY%22%20%2211211%22%20%28%22weekly%20ad%22%20OR%20circular%20OR%20flyer%20OR%20specials%29
610595,SCHWARTZ GROCERY,11211,,ZIP-targeted web search (manual verify),https://duckduckgo.com/?q=%22SCHWARTZ%20GROCERY%22%20%2211211%22%20%28%22weekly%20ad%22%20OR%20circular%20OR%20flyer%20OR%20specials%29,advertised,,,,,,,,,,"Second-pass ZIP-targeted search URL. Open link, verify official store ad/circular, then replace with confirmed source URL.",https://duckduckgo.com/?q=%22SCHWARTZ%20GROCERY%22%20%2211211%22%20%28%22weekly%20ad%22%20OR%20circular%20OR%20flyer%20OR%20specials%29
716969,SOUTHSIDE GROCERY,11211,,ZIP-targeted web search (manual verify),https://duckduckgo.com/?q=%22SOUTHSIDE%20GROCERY%22%20%2211211%22%20%28%22weekly%20ad%22%20OR%20circular%20OR%20flyer%20OR%20specials%29,advertised,,,,,,,,,,"Second-pass ZIP-targeted search URL. Open link, verify official store ad/circular, then replace with confirmed source URL.",https://duckduckgo.com/?q=%22SOUTHSIDE%20GROCERY%22%20%2211211%22%20%28%22weekly%20ad%22%20OR%20circular%20OR%20flyer%20OR%20specials%29
761722,TORIBIO GROCERY STORE,11211,,ZIP-targeted web search (manual verify),https://duckduckgo.com/?q=%22TORIBIO%20GROCERY%20STORE%22%20%2211211%22%20%28%22weekly%20ad%22%20OR%20circular%20OR%20flyer%20OR%20specials%29,advertised,,,,,,,,,,"Second-pass ZIP-targeted search URL. Open link, verify official store ad/circular, then replace with confirmed source URL.",https://duckduckgo.com/?q=%22TORIBIO%20GROCERY%20STORE%22%20%2211211%22%20%28%22weekly%20ad%22%20OR%20circular%20OR%20flyer%20OR%20specials%29
612137,TORIBIOS GROCERY,11211,,ZIP-targeted web search (manual verify),https://duckduckgo.com/?q=%22TORIBIOS%20GROCERY%22%20%2211211%22%20%28%22weekly%20ad%22%20OR%20circular%20OR%20flyer%20OR%20specials%29,advertised,,,,,,,,,,"Second-pass ZIP-targeted search URL. Open link, verify official store ad/circular, then replace with confirmed source URL.",https://duckduckgo.com/?q=%22TORIBIOS%20GROCERY%22%20%2211211%22%20%28%22weekly%20ad%22%20OR%20circular%20OR%20flyer%20OR%20specials%29
757614,1078 D'EMPANADA GROCERY,11212,,ZIP-targeted web search (manual verify),https://duckduckgo.com/?q=%221078%20D%27EMPANADA%20GROCERY%22%20%2211212%22%20%28%22weekly%20ad%22%20OR%20circular%20OR%20flyer%20OR%20specials%29,advertised,,,,,,,,,,"Second-pass ZIP-targeted search URL. Open link, verify official store ad/circular, then replace with confirmed source URL.",https://duckduckgo.com/?q=%221078%20D%27EMPANADA%20GROCERY%22%20%2211212%22%20%28%22weekly%20ad%22%20OR%20circular%20OR%20flyer%20OR%20specials%29
708818,ASSOCIATED,11212,2026-05-23,Associated Supermarkets Weekly Ad,https://www.yapik.com/us/associated-supermarkets/weekly-ad,advertised,,,,,,,,,,Matched to third-party weekly-ad index for this chain; verify store-specific ad before final use.,https://duckduckgo.com/?q=%22ASSOCIATED%22%20%2211212%22%20%28%22weekly%20ad%22%20OR%20circular%20OR%20flyer%20OR%20specials%29
618981,BRAVO SUPERMARKET,11212,2026-05-23,Bravo Supermarkets Weekly Circular,https://www.bravosupermarkets.com/weekly-circular,advertised,,,,,,,,,,Matched to chain circular/weekly-ad source.,https://duckduckgo.com/?q=%22BRAVO%20SUPERMARKET%22%20%2211212%22%20%28%22weekly%20ad%22%20OR%20circular%20OR%20flyer%20OR%20specials%29
765512,DACS GROCERY,11212,,ZIP-targeted web search (manual verify),https://duckduckgo.com/?q=%22DACS%20GROCERY%22%20%2211212%22%20%28%22weekly%20ad%22%20OR%20circular%20OR%20flyer%20OR%20specials%29,advertised,,,,,,,,,,"Second-pass ZIP-targeted search URL. Open link, verify official store ad/circular, then replace with confirmed source URL.",https://duckduckgo.com/?q=%22DACS%20GROCERY%22%20%2211212%22%20%28%22weekly%20ad%22%20OR%20circular%20OR%20flyer%20OR%20specials%29
610100,EL VACILON GROCERY,11212,,ZIP-targeted web search (manual verify),https://duckduckgo.com/?q=%22EL%20VACILON%20GROCERY%22%20%2211212%22%20%28%22weekly%20ad%22%20OR%20circular%20OR%20flyer%20OR%20specials%29,advertised,,,,,,,,,,"Second-pass ZIP-targeted search URL. Open link, verify official store ad/circular, then replace with confirmed source URL.",https://duckduckgo.com/?q=%22EL%20VACILON%20GROCERY%22%20%2211212%22%20%28%22weekly%20ad%22%20OR%20circular%20OR%20flyer%20OR%20specials%29
670108,FINE FARE SUPERMARKET,11212,2026-05-23,Fine Fare Store Site,https://www.finefaresupermarkets.com/,advertised,,,,,,,,,,Matched to chain circular/weekly-ad source.,https://duckduckgo.com/?q=%22FINE%20FARE%20SUPERMARKET%22%20%2211212%22%20%28%22weekly%20ad%22%20OR%20circular%20OR%20flyer%20OR%20specials%29
616150,FINEFARE SUPERMARKET,11212,2026-05-23,Fine Fare Store Site,https://www.finefaresupermarkets.com/,advertised,,,,,,,,,,Matched to chain circular/weekly-ad source.,https://duckduckgo.com/?q=%22FINEFARE%20SUPERMARKET%22%20%2211212%22%20%28%22weekly%20ad%22%20OR%20circular%20OR%20flyer%20OR%20specials%29
756444,GOLDEN FOOD AND GROCERY,11212,,ZIP-targeted web search (manual verify),https://duckduckgo.com/?q=%22GOLDEN%20FOOD%20AND%20GROCERY%22%20%2211212%22%20%28%22weekly%20ad%22%20OR%20circular%20OR%20flyer%20OR%20specials%29,advertised,,,,,,,,,,"Second-pass ZIP-targeted search URL. Open link, verify official store ad/circular, then replace with confirmed source URL.",https://duckduckgo.com/?q=%22GOLDEN%20FOOD%20AND%20GROCERY%22%20%2211212%22%20%28%22weekly%20ad%22%20OR%20circular%20OR%20flyer%20OR%20specials%29
758621,GRAB & GO GROCERY,11212,,ZIP-targeted web search (manual verify),https://duckduckgo.com/?q=%22GRAB%20%26%20GO%20GROCERY%22%20%2211212%22%20%28%22weekly%20ad%22%20OR%20circular%20OR%20flyer%20OR%20specials%29,advertised,,,,,,,,,,"Second-pass ZIP-targeted search URL. Open link, verify official store ad/circular, then replace with confirmed source URL.",https://duckduckgo.com/?q=%22GRAB%20%26%20GO%20GROCERY%22%20%2211212%22%20%28%22weekly%20ad%22%20OR%20circular%20OR%20flyer%20OR%20specials%29
732643,GREEN VILLAGE SUPERMARKET,11212,,ZIP-targeted web search (manual verify),https://duckduckgo.com/?q=%22GREEN%20VILLAGE%20SUPERMARKET%22%20%2211212%22%20%28%22weekly%20ad%22%20OR%20circular%20OR%20flyer%20OR%20specials%29,advertised,,,,,,,,,,"Second-pass ZIP-targeted search URL. Open link, verify official store ad/circular, then replace with confirmed source URL.",https://duckduckgo.com/?q=%22GREEN%20VILLAGE%20SUPERMARKET%22%20%2211212%22%20%28%22weekly%20ad%22%20OR%20circular%20OR%20flyer%20OR%20specials%29
616589,KEY FOOD,11212,2026-05-23,Key Food / Food Universe Flyers,https://www.keyfood.com/flyers,advertised,,,,,,,,,,Matched to chain circular/weekly-ad source.,https://duckduckgo.com/?q=%22KEY%20FOOD%22%20%2211212%22%20%28%22weekly%20ad%22%20OR%20circular%20OR%20flyer%20OR%20specials%29
732142,LA VAKANA GROCERY,11212,,ZIP-targeted web search (manual verify),https://duckduckgo.com/?q=%22LA%20VAKANA%20GROCERY%22%20%2211212%22%20%28%22weekly%20ad%22%20OR%20circular%20OR%20flyer%20OR%20specials%29,advertised,,,,,,,,,,"Second-pass ZIP-targeted search URL. Open link, verify official store ad/circular, then replace with confirmed source URL.",https://duckduckgo.com/?q=%22LA%20VAKANA%20GROCERY%22%20%2211212%22%20%28%22weekly%20ad%22%20OR%20circular%20OR%20flyer%20OR%20specials%29
614945,LOS PRIMOS GROCERY,11212,,ZIP-targeted web search (manual verify),https://duckduckgo.com/?q=%22LOS%20PRIMOS%20GROCERY%22%20%2211212%22%20%28%22weekly%20ad%22%20OR%20circular%20OR%20flyer%20OR%20specials%29,advertised,,,,,,,,,,"Second-pass ZIP-targeted search URL. Open link, verify official store ad/circular, then replace with confirmed source URL.",https://duckduckgo.com/?q=%22LOS%20PRIMOS%20GROCERY%22%20%2211212%22%20%28%22weekly%20ad%22%20OR%20circular%20OR%20flyer%20OR%20specials%29
735616,MATTHEW GROCERY STORE,11212,,ZIP-targeted web search (manual verify),https://duckduckgo.com/?q=%22MATTHEW%20GROCERY%20STORE%22%20%2211212%22%20%28%22weekly%20ad%22%20OR%20circular%20OR%20flyer%20OR%20specials%29,advertised,,,,,,,,,,"Second-pass ZIP-targeted search URL. Open link, verify official store ad/circular, then replace with confirmed source URL.",https://duckduckgo.com/?q=%22MATTHEW%20GROCERY%20STORE%22%20%2211212%22%20%28%22weekly%20ad%22%20OR%20circular%20OR%20flyer%20OR%20specials%29
714101,NICOLASA GROCERY,11212,,ZIP-targeted web search (manual verify),https://duckduckgo.com/?q=%22NICOLASA%20GROCERY%22%20%2211212%22%20%28%22weekly%20ad%22%20OR%20circular%20OR%20flyer%20OR%20specials%29,advertised,,,,,,,,,,"Second-pass ZIP-targeted search URL. Open link, verify official store ad/circular, then replace with confirmed source URL.",https://duckduckgo.com/?q=%22NICOLASA%20GROCERY%22%20%2211212%22%20%28%22weekly%20ad%22%20OR%20circular%20OR%20flyer%20OR%20specials%29
731662,NOVA GROCERY,11212,,ZIP-targeted web search (manual verify),https://duckduckgo.com/?q=%22NOVA%20GROCERY%22%20%2211212%22%20%28%22weekly%20ad%22%20OR%20circular%20OR%20flyer%20OR%20specials%29,advertised,,,,,,,,,,"Second-pass ZIP-targeted search URL. Open link, verify official store ad/circular, then replace with confirmed source URL.",https://duckduckgo.com/?q=%22NOVA%20GROCERY%22%20%2211212%22%20%28%22weekly%20ad%22%20OR%20circular%20OR%20flyer%20OR%20specials%29
758652,RODRIGUEZ FAMILY GROCERY,11212,,ZIP-targeted web search (manual verify),https://duckduckgo.com/?q=%22RODRIGUEZ%20FAMILY%20GROCERY%22%20%2211212%22%20%28%22weekly%20ad%22%20OR%20circular%20OR%20flyer%20OR%20specials%29,advertised,,,,,,,,,,"Second-pass ZIP-targeted search URL. Open link, verify official store ad/circular, then replace with confirmed source URL.",https://duckduckgo.com/?q=%22RODRIGUEZ%20FAMILY%20GROCERY%22%20%2211212%22%20%28%22weekly%20ad%22%20OR%20circular%20OR%20flyer%20OR%20specials%29
738200,S&D GROCERY STORE,11212,,ZIP-targeted web search (manual verify),https://duckduckgo.com/?q=%22S%26D%20GROCERY%20STORE%22%20%2211212%22%20%28%22weekly%20ad%22%20OR%20circular%20OR%20flyer%20OR%20specials%29,advertised,,,,,,,,,,"Second-pass ZIP-targeted search URL. Open link, verify official store ad/circular, then replace with confirmed source URL.",https://duckduckgo.com/?q=%22S%26D%20GROCERY%20STORE%22%20%2211212%22%20%28%22weekly%20ad%22%20OR%20circular%20OR%20flyer%20OR%20specials%29
749937,VICTORIA GROCERY NY,11212,,ZIP-targeted web search (manual verify),https://duckduckgo.com/?q=%22VICTORIA%20GROCERY%20NY%22%20%2211212%22%20%28%22weekly%20ad%22%20OR%20circular%20OR%20flyer%20OR%20specials%29,advertised,,,,,,,,,,"Second-pass ZIP-targeted search URL. Open link, verify official store ad/circular, then replace with confirmed source URL.",https://duckduckgo.com/?q=%22VICTORIA%20GROCERY%20NY%22%20%2211212%22%20%28%22weekly%20ad%22%20OR%20circular%20OR%20flyer%20OR%20specials%29
615258,CLARI GROCERY,11213,,ZIP-targeted web search (manual verify),https://duckduckgo.com/?q=%22CLARI%20GROCERY%22%20%2211213%22%20%28%22weekly%20ad%22%20OR%20circular%20OR%20flyer%20OR%20specials%29,advertised,,,,,,,,,,"Second-pass ZIP-targeted search URL. Open link, verify official store ad/circular, then replace with confirmed source URL.",https://duckduckgo.com/?q=%22CLARI%20GROCERY%22%20%2211213%22%20%28%22weekly%20ad%22%20OR%20circular%20OR%20flyer%20OR%20specials%29
748136,GREENLAND AND SUPERMARKET,11213,,ZIP-targeted web search (manual verify),https://duckduckgo.com/?q=%22GREENLAND%20AND%20SUPERMARKET%22%20%2211213%22%20%28%22weekly%20ad%22%20OR%20circular%20OR%20flyer%20OR%20specials%29,advertised,,,,,,,,,,"Second-pass ZIP-targeted search URL. Open link, verify official store ad/circular, then replace with confirmed source URL.",https://duckduckgo.com/?q=%22GREENLAND%20AND%20SUPERMARKET%22%20%2211213%22%20%28%22weekly%20ad%22%20OR%20circular%20OR%20flyer%20OR%20specials%29
751581,JAIDEN GROCERY,11213,,ZIP-targeted web search (manual verify),https://duckduckgo.com/?q=%22JAIDEN%20GROCERY%22%20%2211213%22%20%28%22weekly%20ad%22%20OR%20circular%20OR%20flyer%20OR%20specials%29,advertised,,,,,,,,,,"Second-pass ZIP-targeted search URL. Open link, verify official store ad/circular, then replace with confirmed source URL.",https://duckduckgo.com/?q=%22JAIDEN%20GROCERY%22%20%2211213%22%20%28%22weekly%20ad%22%20OR%20circular%20OR%20flyer%20OR%20specials%29
742509,L & E GROCERY,11213,,ZIP-targeted web search (manual verify),https://duckduckgo.com/?q=%22L%20%26%20E%20GROCERY%22%20%2211213%22%20%28%22weekly%20ad%22%20OR%20circular%20OR%20flyer%20OR%20specials%29,advertised,,,,,,,,,,"Second-pass ZIP-targeted search URL. Open link, verify official store ad/circular, then replace with confirmed source URL.",https://duckduckgo.com/?q=%22L%20%26%20E%20GROCERY%22%20%2211213%22%20%28%22weekly%20ad%22%20OR%20circular%20OR%20flyer%20OR%20specials%29
743382,MUNECO GROCERY,11213,,ZIP-targeted web search (manual verify),https://duckduckgo.com/?q=%22MUNECO%20GROCERY%22%20%2211213%22%20%28%22weekly%20ad%22%20OR%20circular%20OR%20flyer%20OR%20specials%29,advertised,,,,,,,,,,"Second-pass ZIP-targeted search URL. Open link, verify official store ad/circular, then replace with confirmed source URL.",https://duckduckgo.com/?q=%22MUNECO%20GROCERY%22%20%2211213%22%20%28%22weekly%20ad%22%20OR%20circular%20OR%20flyer%20OR%20specials%29
616147,WEST INDIAN GROCERY,11213,,ZIP-targeted web search (manual verify),https://duckduckgo.com/?q=%22WEST%20INDIAN%20GROCERY%22%20%2211213%22%20%28%22weekly%20ad%22%20OR%20circular%20OR%20flyer%20OR%20specials%29,advertised,,,,,,,,,,"Second-pass ZIP-targeted search URL. Open link, verify official store ad/circular, then replace with confirmed source URL.",https://duckduckgo.com/?q=%22WEST%20INDIAN%20GROCERY%22%20%2211213%22%20%28%22weekly%20ad%22%20OR%20circular%20OR%20flyer%20OR%20specials%29
748286,18 AVE SUPERMARKET,11214,,ZIP-targeted web search (manual verify),https://duckduckgo.com/?q=%2218%20AVE%20SUPERMARKET%22%20%2211214%22%20%28%22weekly%20ad%22%20OR%20circular%20OR%20flyer%20OR%20specials%29,advertised,,,,,,,,,,"Second-pass ZIP-targeted search URL. Open link, verify official store ad/circular, then replace with confirmed source URL.",https://duckduckgo.com/?q=%2218%20AVE%20SUPERMARKET%22%20%2211214%22%20%28%22weekly%20ad%22%20OR%20circular%20OR%20flyer%20OR%20specials%29
747272,20TH AVE SUPERMARKET,11214,,ZIP-targeted web search (manual verify),https://duckduckgo.com/?q=%2220TH%20AVE%20SUPERMARKET%22%20%2211214%22%20%28%22weekly%20ad%22%20OR%20circular%20OR%20flyer%20OR%20specials%29,advertised,,,,,,,,,,"Second-pass ZIP-targeted search URL. Open link, verify official store ad/circular, then replace with confirmed source URL.",https://duckduckgo.com/?q=%2220TH%20AVE%20SUPERMARKET%22%20%2211214%22%20%28%22weekly%20ad%22%20OR%20circular%20OR%20flyer%20OR%20specials%29
617468,86 B'KLYN GROCERY,11214,,ZIP-targeted web search (manual verify),https://duckduckgo.com/?q=%2286%20B%27KLYN%20GROCERY%22%20%2211214%22%20%28%22weekly%20ad%22%20OR%20circular%20OR%20flyer%20OR%20specials%29,advertised,,,,,,,,,,"Second-pass ZIP-targeted search URL. Open link, verify official store ad/circular, then replace with confirmed source URL.",https://duckduckgo.com/?q=%2286%20B%27KLYN%20GROCERY%22%20%2211214%22%20%28%22weekly%20ad%22%20OR%20circular%20OR%20flyer%20OR%20specials%29
613597,86TH ST GROCERY&SNACKS,11214,,ZIP-targeted web search (manual verify),https://duckduckgo.com/?q=%2286TH%20ST%20GROCERY%26SNACKS%22%20%2211214%22%20%28%22weekly%20ad%22%20OR%20circular%20OR%20flyer%20OR%20specials%29,advertised,,,,,,,,,,"Second-pass ZIP-targeted search URL. Open link, verify official store ad/circular, then replace with confirmed source URL.",https://duckduckgo.com/?q=%2286TH%20ST%20GROCERY%26SNACKS%22%20%2211214%22%20%28%22weekly%20ad%22%20OR%20circular%20OR%20flyer%20OR%20specials%29
737952,88 LUCKY GROCERY,11214,,ZIP-targeted web search (manual verify),https://duckduckgo.com/?q=%2288%20LUCKY%20GROCERY%22%20%2211214%22%20%28%22weekly%20ad%22%20OR%20circular%20OR%20flyer%20OR%20specials%29,advertised,,,,,,,,,,"Second-pass ZIP-targeted search URL. Open link, verify official store ad/circular, then replace with confirmed source URL.",https://duckduckgo.com/?q=%2288%20LUCKY%20GROCERY%22%20%2211214%22%20%28%22weekly%20ad%22%20OR%20circular%20OR%20flyer%20OR%20specials%29
738362,A&J GROCERY,11214,,ZIP-targeted web search (manual verify),https://duckduckgo.com/?q=%22A%26J%20GROCERY%22%20%2211214%22%20%28%22weekly%20ad%22%20OR%20circular%20OR%20flyer%20OR%20specials%29,advertised,,,,,,,,,,"Second-pass ZIP-targeted search URL. Open link, verify official store ad/circular, then replace with confirmed source URL.",https://duckduckgo.com/?q=%22A%26J%20GROCERY%22%20%2211214%22%20%28%22weekly%20ad%22%20OR%20circular%20OR%20flyer%20OR%20specials%29
722043,ABASSI MIDDLE EASTERN GROCERY,11214,,ZIP-targeted web search (manual verify),https://duckduckgo.com/?q=%22ABASSI%20MIDDLE%20EASTERN%20GROCERY%22%20%2211214%22%20%28%22weekly%20ad%22%20OR%20circular%20OR%20flyer%20OR%20specials%29,advertised,,,,,,,,,,"Second-pass ZIP-targeted search URL. Open link, verify official store ad/circular, then replace with confirmed source URL.",https://duckduckgo.com/?q=%22ABASSI%20MIDDLE%20EASTERN%20GROCERY%22%20%2211214%22%20%28%22weekly%20ad%22%20OR%20circular%20OR%20flyer%20OR%20specials%29
619747,BARRON GROCERY STORE,11214,,ZIP-targeted web search (manual verify),https://duckduckgo.com/?q=%22BARRON%20GROCERY%20STORE%22%20%2211214%22%20%28%22weekly%20ad%22%20OR%20circular%20OR%20flyer%20OR%20specials%29,advertised,,,,,,,,,,"Second-pass ZIP-targeted search URL. Open link, verify official store ad/circular, then replace with confirmed source URL.",https://duckduckgo.com/?q=%22BARRON%20GROCERY%20STORE%22%20%2211214%22%20%28%22weekly%20ad%22%20OR%20circular%20OR%20flyer%20OR%20specials%29
736665,BAY 31 SUPERMARKET,11214,,ZIP-targeted web search (manual verify),https://duckduckgo.com/?q=%22BAY%2031%20SUPERMARKET%22%20%2211214%22%20%28%22weekly%20ad%22%20OR%20circular%20OR%20flyer%20OR%20specials%29,advertised,,,,,,,,,,"Second-pass ZIP-targeted search URL. Open link, verify official store ad/circular, then replace with confirmed source URL.",https://duckduckgo.com/?q=%22BAY%2031%20SUPERMARKET%22%20%2211214%22%20%28%22weekly%20ad%22%20OR%20circular%20OR%20flyer%20OR%20specials%29
760450,BAY 35 ST GROCERY,11214,,ZIP-targeted web search (manual verify),https://duckduckgo.com/?q=%22BAY%2035%20ST%20GROCERY%22%20%2211214%22%20%28%22weekly%20ad%22%20OR%20circular%20OR%20flyer%20OR%20specials%29,advertised,,,,,,,,,,"Second-pass ZIP-targeted search URL. Open link, verify official store ad/circular, then replace with confirmed source URL.",https://duckduckgo.com/?q=%22BAY%2035%20ST%20GROCERY%22%20%2211214%22%20%28%22weekly%20ad%22%20OR%20circular%20OR%20flyer%20OR%20specials%29
720883,BAY PKWY GROCERY CANDY,11214,,ZIP-targeted web search (manual verify),https://duckduckgo.com/?q=%22BAY%20PKWY%20GROCERY%20CANDY%22%20%2211214%22%20%28%22weekly%20ad%22%20OR%20circular%20OR%20flyer%20OR%20specials%29,advertised,,,,,,,,,,"Second-pass ZIP-targeted search URL. Open link, verify official store ad/circular, then replace with confirmed source URL.",https://duckduckgo.com/?q=%22BAY%20PKWY%20GROCERY%20CANDY%22%20%2211214%22%20%28%22weekly%20ad%22%20OR%20circular%20OR%20flyer%20OR%20specials%29
765354,BISMILLAH SUPERMARKET 1,11214,,ZIP-targeted web search (manual verify),https://duckduckgo.com/?q=%22BISMILLAH%20SUPERMARKET%201%22%20%2211214%22%20%28%22weekly%20ad%22%20OR%20circular%20OR%20flyer%20OR%20specials%29,advertised,,,,,,,,,,"Second-pass ZIP-targeted search URL. Open link, verify official store ad/circular, then replace with confirmed source URL.",https://duckduckgo.com/?q=%22BISMILLAH%20SUPERMARKET%201%22%20%2211214%22%20%28%22weekly%20ad%22%20OR%20circular%20OR%20flyer%20OR%20specials%29
728402,CANDY GROCERY LOTTO,11214,,ZIP-targeted web search (manual verify),https://duckduckgo.com/?q=%22CANDY%20GROCERY%20LOTTO%22%20%2211214%22%20%28%22weekly%20ad%22%20OR%20circular%20OR%20flyer%20OR%20specials%29,advertised,,,,,,,,,,"Second-pass ZIP-targeted search URL. Open link, verify official store ad/circular, then replace with confirmed source URL.",https://duckduckgo.com/?q=%22CANDY%20GROCERY%20LOTTO%22%20%2211214%22%20%28%22weekly%20ad%22%20OR%20circular%20OR%20flyer%20OR%20specials%29
751492,FRAGRANCE GROCERY & 99C PLUS,11214,,ZIP-targeted web search (manual verify),https://duckduckgo.com/?q=%22FRAGRANCE%20GROCERY%20%26%2099C%20PLUS%22%20%2211214%22%20%28%22weekly%20ad%22%20OR%20circular%20OR%20flyer%20OR%20specials%29,advertised,,,,,,,,,,"Second-pass ZIP-targeted search URL. Open link, verify official store ad/circular, then replace with confirmed source URL.",https://duckduckgo.com/?q=%22FRAGRANCE%20GROCERY%20%26%2099C%20PLUS%22%20%2211214%22%20%28%22weekly%20ad%22%20OR%20circular%20OR%20flyer%20OR%20specials%29
723852,GOLDEN CITY SUPERMARKET 1,11214,,ZIP-targeted web search (manual verify),https://duckduckgo.com/?q=%22GOLDEN%20CITY%20SUPERMARKET%201%22%20%2211214%22%20%28%22weekly%20ad%22%20OR%20circular%20OR%20flyer%20OR%20specials%29,advertised,,,,,,,,,,"Second-pass ZIP-targeted search URL. Open link, verify official store ad/circular, then replace with confirmed source URL.",https://duckduckgo.com/?q=%22GOLDEN%20CITY%20SUPERMARKET%201%22%20%2211214%22%20%28%22weekly%20ad%22%20OR%20circular%20OR%20flyer%20OR%20specials%29
724152,HONG DA SUPERMARKET,11214,,ZIP-targeted web search (manual verify),https://duckduckgo.com/?q=%22HONG%20DA%20SUPERMARKET%22%20%2211214%22%20%28%22weekly%20ad%22%20OR%20circular%20OR%20flyer%20OR%20specials%29,advertised,,,,,,,,,,"Second-pass ZIP-targeted search URL. Open link, verify official store ad/circular, then replace with confirmed source URL.",https://duckduckgo.com/?q=%22HONG%20DA%20SUPERMARKET%22%20%2211214%22%20%28%22weekly%20ad%22%20OR%20circular%20OR%20flyer%20OR%20specials%29
754490,K&K GROCERY NY,11214,,ZIP-targeted web search (manual verify),https://duckduckgo.com/?q=%22K%26K%20GROCERY%20NY%22%20%2211214%22%20%28%22weekly%20ad%22%20OR%20circular%20OR%20flyer%20OR%20specials%29,advertised,,,,,,,,,,"Second-pass ZIP-targeted search URL. Open link, verify official store ad/circular, then replace with confirmed source URL.",https://duckduckgo.com/?q=%22K%26K%20GROCERY%20NY%22%20%2211214%22%20%28%22weekly%20ad%22%20OR%20circular%20OR%20flyer%20OR%20specials%29
619479,KEY FOOD 1160,11214,2026-05-23,Key Food / Food Universe Flyers,https://www.keyfood.com/flyers,advertised,,,,,,,,,,Matched to chain circular/weekly-ad source.,https://duckduckgo.com/?q=%22KEY%20FOOD%201160%22%20%2211214%22%20%28%22weekly%20ad%22%20OR%20circular%20OR%20flyer%20OR%20specials%29
753795,KEY FOOD FRESH SUPERMARKET,11214,2026-05-23,Key Food / Food Universe Flyers,https://www.keyfood.com/flyers,advertised,,,,,,,,,,Matched to chain circular/weekly-ad source.,https://duckduckgo.com/?q=%22KEY%20FOOD%20FRESH%20SUPERMARKET%22%20%2211214%22%20%28%22weekly%20ad%22%20OR%20circular%20OR%20flyer%20OR%20specials%29
767262,KL GROCERY,11214,,ZIP-targeted web search (manual verify),https://duckduckgo.com/?q=%22KL%20GROCERY%22%20%2211214%22%20%28%22weekly%20ad%22%20OR%20circular%20OR%20flyer%20OR%20specials%29,advertised,,,,,,,,,,"Second-pass ZIP-targeted search URL. Open link, verify official store ad/circular, then replace with confirmed source URL.",https://duckduckgo.com/?q=%22KL%20GROCERY%22%20%2211214%22%20%28%22weekly%20ad%22%20OR%20circular%20OR%20flyer%20OR%20specials%29
724412,LAI FU 88 GROCERY,11214,,ZIP-targeted web search (manual verify),https://duckduckgo.com/?q=%22LAI%20FU%2088%20GROCERY%22%20%2211214%22%20%28%22weekly%20ad%22%20OR%20circular%20OR%20flyer%20OR%20specials%29,advertised,,,,,,,,,,"Second-pass ZIP-targeted search URL. Open link, verify official store ad/circular, then replace with confirmed source URL.",https://duckduckgo.com/?q=%22LAI%20FU%2088%20GROCERY%22%20%2211214%22%20%28%22weekly%20ad%22%20OR%20circular%20OR%20flyer%20OR%20specials%29
727789,MONG KOK SUPERMARKET,11214,,ZIP-targeted web search (manual verify),https://duckduckgo.com/?q=%22MONG%20KOK%20SUPERMARKET%22%20%2211214%22%20%28%22weekly%20ad%22%20OR%20circular%20OR%20flyer%20OR%20specials%29,advertised,,,,,,,,,,"Second-pass ZIP-targeted search URL. Open link, verify official store ad/circular, then replace with confirmed source URL.",https://duckduckgo.com/?q=%22MONG%20KOK%20SUPERMARKET%22%20%2211214%22%20%28%22weekly%20ad%22%20OR%20circular%20OR%20flyer%20OR%20specials%29
759106,NEW JOJO GROCERY,11214,,ZIP-targeted web search (manual verify),https://duckduckgo.com/?q=%22NEW%20JOJO%20GROCERY%22%20%2211214%22%20%28%22weekly%20ad%22%20OR%20circular%20OR%20flyer%20OR%20specials%29,advertised,,,,,,,,,,"Second-pass ZIP-targeted search URL. Open link, verify official store ad/circular, then replace with confirmed source URL.",https://duckduckgo.com/?q=%22NEW%20JOJO%20GROCERY%22%20%2211214%22%20%28%22weekly%20ad%22%20OR%20circular%20OR%20flyer%20OR%20specials%29
751491,PARADISE 786 GROCERY,11214,,ZIP-targeted web search (manual verify),https://duckduckgo.com/?q=%22PARADISE%20786%20GROCERY%22%20%2211214%22%20%28%22weekly%20ad%22%20OR%20circular%20OR%20flyer%20OR%20specials%29,advertised,,,,,,,,,,"Second-pass ZIP-targeted search URL. Open link, verify official store ad/circular, then replace with confirmed source URL.",https://duckduckgo.com/?q=%22PARADISE%20786%20GROCERY%22%20%2211214%22%20%28%22weekly%20ad%22%20OR%20circular%20OR%20flyer%20OR%20specials%29
741764,SKYWAY SUPERMARKET,11214,,ZIP-targeted web search (manual verify),https://duckduckgo.com/?q=%22SKYWAY%20SUPERMARKET%22%20%2211214%22%20%28%22weekly%20ad%22%20OR%20circular%20OR%20flyer%20OR%20specials%29,advertised,,,,,,,,,,"Second-pass ZIP-targeted search URL. Open link, verify official store ad/circular, then replace with confirmed source URL.",https://duckduckgo.com/?q=%22SKYWAY%20SUPERMARKET%22%20%2211214%22%20%28%22weekly%20ad%22%20OR%20circular%20OR%20flyer%20OR%20specials%29
765361,SUSHI MARU (INSIDE KEY FOOD),11214,2026-05-23,Key Food / Food Universe Flyers,https://www.keyfood.com/flyers,advertised,,,,,,,,,,Matched to chain circular/weekly-ad source.,https://duckduckgo.com/?q=%22SUSHI%20MARU%20%28INSIDE%20KEY%20FOOD%29%22%20%2211214%22%20%28%22weekly%20ad%22%20OR%20circular%20OR%20flyer%20OR%20specials%29
713134,UNITED GROCERY FOOD STORE,11214,,ZIP-targeted web search (manual verify),https://duckduckgo.com/?q=%22UNITED%20GROCERY%20FOOD%20STORE%22%20%2211214%22%20%28%22weekly%20ad%22%20OR%20circular%20OR%20flyer%20OR%20specials%29,advertised,,,,,,,,,,"Second-pass ZIP-targeted search URL. Open link, verify official store ad/circular, then replace with confirmed source URL.",https://duckduckgo.com/?q=%22UNITED%20GROCERY%20FOOD%20STORE%22%20%2211214%22%20%28%22weekly%20ad%22%20OR%20circular%20OR%20flyer%20OR%20specials%29
754155,V&W SUPERMARKET NY,11214,,ZIP-targeted web search (manual verify),https://duckduckgo.com/?q=%22V%26W%20SUPERMARKET%20NY%22%20%2211214%22%20%28%22weekly%20ad%22%20OR%20circular%20OR%20flyer%20OR%20specials%29,advertised,,,,,,,,,,"Second-pass ZIP-targeted search URL. Open link, verify official store ad/circular, then replace with confirmed source URL.",https://duckduckgo.com/?q=%22V%26W%20SUPERMARKET%20NY%22%20%2211214%22%20%28%22weekly%20ad%22%20OR%20circular%20OR%20flyer%20OR%20specials%29
618437,WHITE MOUNTAIN GROCERY,11214,,ZIP-targeted web search (manual verify),https://duckduckgo.com/?q=%22WHITE%20MOUNTAIN%20GROCERY%22%20%2211214%22%20%28%22weekly%20ad%22%20OR%20circular%20OR%20flyer%20OR%20specials%29,advertised,,,,,,,,,,"Second-pass ZIP-targeted search URL. Open link, verify official store ad/circular, then replace with confirmed source URL.",https://duckduckgo.com/?q=%22WHITE%20MOUNTAIN%20GROCERY%22%20%2211214%22%20%28%22weekly%20ad%22%20OR%20circular%20OR%20flyer%20OR%20specials%29
611943,ASSOCIATED,11215,2026-05-23,Associated Supermarkets Weekly Ad,https://www.yapik.com/us/associated-supermarkets/weekly-ad,advertised,,,,,,,,,,Matched to third-party weekly-ad index for this chain; verify store-specific ad before final use.,https://duckduckgo.com/?q=%22ASSOCIATED%22%20%2211215%22%20%28%22weekly%20ad%22%20OR%20circular%20OR%20flyer%20OR%20specials%29
610107,BD FOOD SUPERMARKET,11215,,ZIP-targeted web search (manual verify),https://duckduckgo.com/?q=%22BD%20FOOD%20SUPERMARKET%22%20%2211215%22%20%28%22weekly%20ad%22%20OR%20circular%20OR%20flyer%20OR%20specials%29,advertised,,,,,,,,,,"Second-pass ZIP-targeted search URL. Open link, verify official store ad/circular, then replace with confirmed source URL.",https://duckduckgo.com/?q=%22BD%20FOOD%20SUPERMARKET%22%20%2211215%22%20%28%22weekly%20ad%22%20OR%20circular%20OR%20flyer%20OR%20specials%29
614950,DOLEHS SUPERMARKET,11215,,ZIP-targeted web search (manual verify),https://duckduckgo.com/?q=%22DOLEHS%20SUPERMARKET%22%20%2211215%22%20%28%22weekly%20ad%22%20OR%20circular%20OR%20flyer%20OR%20specials%29,advertised,,,,,,,,,,"Second-pass ZIP-targeted search URL. Open link, verify official store ad/circular, then replace with confirmed source URL.",https://duckduckgo.com/?q=%22DOLEHS%20SUPERMARKET%22%20%2211215%22%20%28%22weekly%20ad%22%20OR%20circular%20OR%20flyer%20OR%20specials%29
614044,KEY FOOD 890,11215,2026-05-23,Key Food / Food Universe Flyers,https://www.keyfood.com/flyers,advertised,,,,,,,,,,Matched to chain circular/weekly-ad source.,https://duckduckgo.com/?q=%22KEY%20FOOD%20890%22%20%2211215%22%20%28%22weekly%20ad%22%20OR%20circular%20OR%20flyer%20OR%20specials%29
618648,KH GROCERY,11215,,ZIP-targeted web search (manual verify),https://duckduckgo.com/?q=%22KH%20GROCERY%22%20%2211215%22%20%28%22weekly%20ad%22%20OR%20circular%20OR%20flyer%20OR%20specials%29,advertised,,,,,,,,,,"Second-pass ZIP-targeted search URL. Open link, verify official store ad/circular, then replace with confirmed source URL.",https://duckduckgo.com/?q=%22KH%20GROCERY%22%20%2211215%22%20%28%22weekly%20ad%22%20OR%20circular%20OR%20flyer%20OR%20specials%29
737251,KIKKA@WHOLE FOODS BROOKLYN,11215,2026-05-23,Whole Foods Weekly Sales,https://www.wholefoodsmarket.com/sales-flyer,advertised,,,,,,,,,,Matched to chain circular/weekly-ad source.,https://duckduckgo.com/?q=%22KIKKA%40WHOLE%20FOODS%20BROOKLYN%22%20%2211215%22%20%28%22weekly%20ad%22%20OR%20circular%20OR%20flyer%20OR%20specials%29
715720,MARKETPLACE BY KEYFOOD,11215,2026-05-23,Key Food / Food Universe Flyers,https://www.keyfood.com/flyers,advertised,,,,,,,,,,Matched to chain circular/weekly-ad source.,https://duckduckgo.com/?q=%22MARKETPLACE%20BY%20KEYFOOD%22%20%2211215%22%20%28%22weekly%20ad%22%20OR%20circular%20OR%20flyer%20OR%20specials%29
756486,MEXSALVADOR FOOD & GROCERY,11215,,ZIP-targeted web search (manual verify),https://duckduckgo.com/?q=%22MEXSALVADOR%20FOOD%20%26%20GROCERY%22%20%2211215%22%20%28%22weekly%20ad%22%20OR%20circular%20OR%20flyer%20OR%20specials%29,advertised,,,,,,,,,,"Second-pass ZIP-targeted search URL. Open link, verify official store ad/circular, then replace with confirmed source URL.",https://duckduckgo.com/?q=%22MEXSALVADOR%20FOOD%20%26%20GROCERY%22%20%2211215%22%20%28%22weekly%20ad%22%20OR%20circular%20OR%20flyer%20OR%20specials%29
745761,OMAR GROCERY,11215,,ZIP-targeted web search (manual verify),https://duckduckgo.com/?q=%22OMAR%20GROCERY%22%20%2211215%22%20%28%22weekly%20ad%22%20OR%20circular%20OR%20flyer%20OR%20specials%29,advertised,,,,,,,,,,"Second-pass ZIP-targeted search URL. Open link, verify official store ad/circular, then replace with confirmed source URL.",https://duckduckgo.com/?q=%22OMAR%20GROCERY%22%20%2211215%22%20%28%22weekly%20ad%22%20OR%20circular%20OR%20flyer%20OR%20specials%29
615681,ROYAL SUPERMARKET,11215,,ZIP-targeted web search (manual verify),https://duckduckgo.com/?q=%22ROYAL%20SUPERMARKET%22%20%2211215%22%20%28%22weekly%20ad%22%20OR%20circular%20OR%20flyer%20OR%20specials%29,advertised,,,,,,,,,,"Second-pass ZIP-targeted search URL. Open link, verify official store ad/circular, then replace with confirmed source URL.",https://duckduckgo.com/?q=%22ROYAL%20SUPERMARKET%22%20%2211215%22%20%28%22weekly%20ad%22%20OR%20circular%20OR%20flyer%20OR%20specials%29
751031,612 SUPERMARKET,11216,,ZIP-targeted web search (manual verify),https://duckduckgo.com/?q=%22612%20SUPERMARKET%22%20%2211216%22%20%28%22weekly%20ad%22%20OR%20circular%20OR%20flyer%20OR%20specials%29,advertised,,,,,,,,,,"Second-pass ZIP-targeted search URL. Open link, verify official store ad/circular, then replace with confirmed source URL.",https://duckduckgo.com/?q=%22612%20SUPERMARKET%22%20%2211216%22%20%28%22weekly%20ad%22%20OR%20circular%20OR%20flyer%20OR%20specials%29
671680,A&Z GROCERY,11216,,ZIP-targeted web search (manual verify),https://duckduckgo.com/?q=%22A%26Z%20GROCERY%22%20%2211216%22%20%28%22weekly%20ad%22%20OR%20circular%20OR%20flyer%20OR%20specials%29,advertised,,,,,,,,,,"Second-pass ZIP-targeted search URL. Open link, verify official store ad/circular, then replace with confirmed source URL.",https://duckduckgo.com/?q=%22A%26Z%20GROCERY%22%20%2211216%22%20%28%22weekly%20ad%22%20OR%20circular%20OR%20flyer%20OR%20specials%29
747441,AL BARAKA SUPERMARKET NY,11216,,ZIP-targeted web search (manual verify),https://duckduckgo.com/?q=%22AL%20BARAKA%20SUPERMARKET%20NY%22%20%2211216%22%20%28%22weekly%20ad%22%20OR%20circular%20OR%20flyer%20OR%20specials%29,advertised,,,,,,,,,,"Second-pass ZIP-targeted search URL. Open link, verify official store ad/circular, then replace with confirmed source URL.",https://duckduckgo.com/?q=%22AL%20BARAKA%20SUPERMARKET%20NY%22%20%2211216%22%20%28%22weekly%20ad%22%20OR%20circular%20OR%20flyer%20OR%20specials%29
618360,BRAVO SUPERMARKET,11216,2026-05-23,Bravo Supermarkets Weekly Circular,https://www.bravosupermarkets.com/weekly-circular,advertised,,,,,,,,,,Matched to chain circular/weekly-ad source.,https://duckduckgo.com/?q=%22BRAVO%20SUPERMARKET%22%20%2211216%22%20%28%22weekly%20ad%22%20OR%20circular%20OR%20flyer%20OR%20specials%29
613209,FRESH HEALTH FOOD EMPORIUM SUPERMARKET,11216,,ZIP-targeted web search (manual verify),https://duckduckgo.com/?q=%22FRESH%20HEALTH%20FOOD%20EMPORIUM%20SUPERMARKET%22%20%2211216%22%20%28%22weekly%20ad%22%20OR%20circular%20OR%20flyer%20OR%20specials%29,advertised,,,,,,,,,,"Second-pass ZIP-targeted search URL. Open link, verify official store ad/circular, then replace with confirmed source URL.",https://duckduckgo.com/?q=%22FRESH%20HEALTH%20FOOD%20EMPORIUM%20SUPERMARKET%22%20%2211216%22%20%28%22weekly%20ad%22%20OR%20circular%20OR%20flyer%20OR%20specials%29
619599,KEY FOOD,11216,2026-05-23,Key Food / Food Universe Flyers,https://www.keyfood.com/flyers,advertised,,,,,,,,,,Matched to chain circular/weekly-ad source.,https://duckduckgo.com/?q=%22KEY%20FOOD%22%20%2211216%22%20%28%22weekly%20ad%22%20OR%20circular%20OR%20flyer%20OR%20specials%29
616466,KEY FOOD 1370,11216,2026-05-23,Key Food / Food Universe Flyers,https://www.keyfood.com/flyers,advertised,,,,,,,,,,Matched to chain circular/weekly-ad source.,https://duckduckgo.com/?q=%22KEY%20FOOD%201370%22%20%2211216%22%20%28%22weekly%20ad%22%20OR%20circular%20OR%20flyer%20OR%20specials%29
754751,KEY FOOD FRESH SUPERMARKET,11216,2026-05-23,Key Food / Food Universe Flyers,https://www.keyfood.com/flyers,advertised,,,,,,,,,,Matched to chain circular/weekly-ad source.,https://duckduckgo.com/?q=%22KEY%20FOOD%20FRESH%20SUPERMARKET%22%20%2211216%22%20%28%22weekly%20ad%22%20OR%20circular%20OR%20flyer%20OR%20specials%29
749380,MAXWELL GIFT AND GROCERY,11216,,ZIP-targeted web search (manual verify),https://duckduckgo.com/?q=%22MAXWELL%20GIFT%20AND%20GROCERY%22%20%2211216%22%20%28%22weekly%20ad%22%20OR%20circular%20OR%20flyer%20OR%20specials%29,advertised,,,,,,,,,,"Second-pass ZIP-targeted search URL. Open link, verify official store ad/circular, then replace with confirmed source URL.",https://duckduckgo.com/?q=%22MAXWELL%20GIFT%20AND%20GROCERY%22%20%2211216%22%20%28%22weekly%20ad%22%20OR%20circular%20OR%20flyer%20OR%20specials%29
762198,MET FRESH SUPERMARKET,11216,2026-05-23,Met Foods Weekly Ad,https://www.metfoods.com/weekly-ad/,advertised,,,,,,,,,,Matched to chain circular/weekly-ad source.,https://duckduckgo.com/?q=%22MET%20FRESH%20SUPERMARKET%22%20%2211216%22%20%28%22weekly%20ad%22%20OR%20circular%20OR%20flyer%20OR%20specials%29
721939,NOURI MEAT MARKET & GROCERY,11216,,ZIP-targeted web search (manual verify),https://duckduckgo.com/?q=%22NOURI%20MEAT%20MARKET%20%26%20GROCERY%22%20%2211216%22%20%28%22weekly%20ad%22%20OR%20circular%20OR%20flyer%20OR%20specials%29,advertised,,,,,,,,,,"Second-pass ZIP-targeted search URL. Open link, verify official store ad/circular, then replace with confirmed source URL.",https://duckduckgo.com/?q=%22NOURI%20MEAT%20MARKET%20%26%20GROCERY%22%20%2211216%22%20%28%22weekly%20ad%22%20OR%20circular%20OR%20flyer%20OR%20specials%29
742119,RONG QIN GROCERY,11216,,ZIP-targeted web search (manual verify),https://duckduckgo.com/?q=%22RONG%20QIN%20GROCERY%22%20%2211216%22%20%28%22weekly%20ad%22%20OR%20circular%20OR%20flyer%20OR%20specials%29,advertised,,,,,,,,,,"Second-pass ZIP-targeted search URL. Open link, verify official store ad/circular, then replace with confirmed source URL.",https://duckduckgo.com/?q=%22RONG%20QIN%20GROCERY%22%20%2211216%22%20%28%22weekly%20ad%22%20OR%20circular%20OR%20flyer%20OR%20specials%29
759154,TAQWA GROCERY AND MEAT MARKET,11216,,ZIP-targeted web search (manual verify),https://duckduckgo.com/?q=%22TAQWA%20GROCERY%20AND%20MEAT%20MARKET%22%20%2211216%22%20%28%22weekly%20ad%22%20OR%20circular%20OR%20flyer%20OR%20specials%29,advertised,,,,,,,,,,"Second-pass ZIP-targeted search URL. Open link, verify official store ad/circular, then replace with confirmed source URL.",https://duckduckgo.com/?q=%22TAQWA%20GROCERY%20AND%20MEAT%20MARKET%22%20%2211216%22%20%28%22weekly%20ad%22%20OR%20circular%20OR%20flyer%20OR%20specials%29
758759,FOODTOWN,11217,2026-05-23,Foodtown Weekly Circular,https://www.foodtown.com/,advertised,,,,,,,,,,Matched to chain circular/weekly-ad source.,https://duckduckgo.com/?q=%22FOODTOWN%22%20%2211217%22%20%28%22weekly%20ad%22%20OR%20circular%20OR%20flyer%20OR%20specials%29
729959,G 200 GROCERY,11217,,ZIP-targeted web search (manual verify),https://duckduckgo.com/?q=%22G%20200%20GROCERY%22%20%2211217%22%20%28%22weekly%20ad%22%20OR%20circular%20OR%20flyer%20OR%20specials%29,advertised,,,,,,,,,,"Second-pass ZIP-targeted search URL. Open link, verify official store ad/circular, then replace with confirmed source URL.",https://duckduckgo.com/?q=%22G%20200%20GROCERY%22%20%2211217%22%20%28%22weekly%20ad%22%20OR%20circular%20OR%20flyer%20OR%20specials%29
709282,PAPA FIRO GROCERY,11217,,ZIP-targeted web search (manual verify),https://duckduckgo.com/?q=%22PAPA%20FIRO%20GROCERY%22%20%2211217%22%20%28%22weekly%20ad%22%20OR%20circular%20OR%20flyer%20OR%20specials%29,advertised,,,,,,,,,,"Second-pass ZIP-targeted search URL. Open link, verify official store ad/circular, then replace with confirmed source URL.",https://duckduckgo.com/?q=%22PAPA%20FIRO%20GROCERY%22%20%2211217%22%20%28%22weekly%20ad%22%20OR%20circular%20OR%20flyer%20OR%20specials%29
731961,WHOLE FOODS MARKET 365,11217,2026-05-23,Whole Foods Weekly Sales,https://www.wholefoodsmarket.com/sales-flyer,advertised,,,,,,,,,,Matched to chain circular/weekly-ad source.,https://duckduckgo.com/?q=%22WHOLE%20FOODS%20MARKET%20365%22%20%2211217%22%20%28%22weekly%20ad%22%20OR%20circular%20OR%20flyer%20OR%20specials%29
610286,18TH AVE SUPERMARKET,11218,,ZIP-targeted web search (manual verify),https://duckduckgo.com/?q=%2218TH%20AVE%20SUPERMARKET%22%20%2211218%22%20%28%22weekly%20ad%22%20OR%20circular%20OR%20flyer%20OR%20specials%29,advertised,,,,,,,,,,"Second-pass ZIP-targeted search URL. Open link, verify official store ad/circular, then replace with confirmed source URL.",https://duckduckgo.com/?q=%2218TH%20AVE%20SUPERMARKET%22%20%2211218%22%20%28%22weekly%20ad%22%20OR%20circular%20OR%20flyer%20OR%20specials%29
760422,B-TOWN SUPERMARKET,11218,,ZIP-targeted web search (manual verify),https://duckduckgo.com/?q=%22B-TOWN%20SUPERMARKET%22%20%2211218%22%20%28%22weekly%20ad%22%20OR%20circular%20OR%20flyer%20OR%20specials%29,advertised,,,,,,,,,,"Second-pass ZIP-targeted search URL. Open link, verify official store ad/circular, then replace with confirmed source URL.",https://duckduckgo.com/?q=%22B-TOWN%20SUPERMARKET%22%20%2211218%22%20%28%22weekly%20ad%22%20OR%20circular%20OR%20flyer%20OR%20specials%29
711711,BANGLA NAGAR SUPERMARKET,11218,,ZIP-targeted web search (manual verify),https://duckduckgo.com/?q=%22BANGLA%20NAGAR%20SUPERMARKET%22%20%2211218%22%20%28%22weekly%20ad%22%20OR%20circular%20OR%20flyer%20OR%20specials%29,advertised,,,,,,,,,,"Second-pass ZIP-targeted search URL. Open link, verify official store ad/circular, then replace with confirmed source URL.",https://duckduckgo.com/?q=%22BANGLA%20NAGAR%20SUPERMARKET%22%20%2211218%22%20%28%22weekly%20ad%22%20OR%20circular%20OR%20flyer%20OR%20specials%29
703243,BORO PARK GROCERY,11218,,ZIP-targeted web search (manual verify),https://duckduckgo.com/?q=%22BORO%20PARK%20GROCERY%22%20%2211218%22%20%28%22weekly%20ad%22%20OR%20circular%20OR%20flyer%20OR%20specials%29,advertised,,,,,,,,,,"Second-pass ZIP-targeted search URL. Open link, verify official store ad/circular, then replace with confirmed source URL.",https://duckduckgo.com/?q=%22BORO%20PARK%20GROCERY%22%20%2211218%22%20%28%22weekly%20ad%22%20OR%20circular%20OR%20flyer%20OR%20specials%29
729801,DWIP BANGLA GROCERY,11218,,ZIP-targeted web search (manual verify),https://duckduckgo.com/?q=%22DWIP%20BANGLA%20GROCERY%22%20%2211218%22%20%28%22weekly%20ad%22%20OR%20circular%20OR%20flyer%20OR%20specials%29,advertised,,,,,,,,,,"Second-pass ZIP-targeted search URL. Open link, verify official store ad/circular, then replace with confirmed source URL.",https://duckduckgo.com/?q=%22DWIP%20BANGLA%20GROCERY%22%20%2211218%22%20%28%22weekly%20ad%22%20OR%20circular%20OR%20flyer%20OR%20specials%29
615589,FOODTOWN #589,11218,2026-05-23,Foodtown Weekly Circular,https://www.foodtown.com/,advertised,,,,,,,,,,Matched to chain circular/weekly-ad source.,https://duckduckgo.com/?q=%22FOODTOWN%20%23589%22%20%2211218%22%20%28%22weekly%20ad%22%20OR%20circular%20OR%20flyer%20OR%20specials%29
610625,FRUIT & VEGETABLE SINAI GROCERY,11218,,ZIP-targeted web search (manual verify),https://duckduckgo.com/?q=%22FRUIT%20%26%20VEGETABLE%20SINAI%20GROCERY%22%20%2211218%22%20%28%22weekly%20ad%22%20OR%20circular%20OR%20flyer%20OR%20specials%29,advertised,,,,,,,,,,"Second-pass ZIP-targeted search URL. Open link, verify official store ad/circular, then replace with confirmed source URL.",https://duckduckgo.com/?q=%22FRUIT%20%26%20VEGETABLE%20SINAI%20GROCERY%22%20%2211218%22%20%28%22weekly%20ad%22%20OR%20circular%20OR%20flyer%20OR%20specials%29
730458,HASAN GROCERY,11218,,ZIP-targeted web search (manual verify),https://duckduckgo.com/?q=%22HASAN%20GROCERY%22%20%2211218%22%20%28%22weekly%20ad%22%20OR%20circular%20OR%20flyer%20OR%20specials%29,advertised,,,,,,,,,,"Second-pass ZIP-targeted search URL. Open link, verify official store ad/circular, then replace with confirmed source URL.",https://duckduckgo.com/?q=%22HASAN%20GROCERY%22%20%2211218%22%20%28%22weekly%20ad%22%20OR%20circular%20OR%20flyer%20OR%20specials%29
613323,IDEAL FOOD BASKET SUPERMARKET,11218,2026-05-23,Ideal Food Basket Store Site,https://www.idealfoodbaskets.com/,advertised,,,,,,,,,,Matched to chain circular/weekly-ad source.,https://duckduckgo.com/?q=%22IDEAL%20FOOD%20BASKET%20SUPERMARKET%22%20%2211218%22%20%28%22weekly%20ad%22%20OR%20circular%20OR%20flyer%20OR%20specials%29
610289,KRM SUPERMARKET,11218,,ZIP-targeted web search (manual verify),https://duckduckgo.com/?q=%22KRM%20SUPERMARKET%22%20%2211218%22%20%28%22weekly%20ad%22%20OR%20circular%20OR%20flyer%20OR%20specials%29,advertised,,,,,,,,,,"Second-pass ZIP-targeted search URL. Open link, verify official store ad/circular, then replace with confirmed source URL.",https://duckduckgo.com/?q=%22KRM%20SUPERMARKET%22%20%2211218%22%20%28%22weekly%20ad%22%20OR%20circular%20OR%20flyer%20OR%20specials%29
742505,MAA SUPERMARKET NYC,11218,,ZIP-targeted web search (manual verify),https://duckduckgo.com/?q=%22MAA%20SUPERMARKET%20NYC%22%20%2211218%22%20%28%22weekly%20ad%22%20OR%20circular%20OR%20flyer%20OR%20specials%29,advertised,,,,,,,,,,"Second-pass ZIP-targeted search URL. Open link, verify official store ad/circular, then replace with confirmed source URL.",https://duckduckgo.com/?q=%22MAA%20SUPERMARKET%20NYC%22%20%2211218%22%20%28%22weekly%20ad%22%20OR%20circular%20OR%20flyer%20OR%20specials%29
706858,MAGIC GROCERY,11218,,ZIP-targeted web search (manual verify),https://duckduckgo.com/?q=%22MAGIC%20GROCERY%22%20%2211218%22%20%28%22weekly%20ad%22%20OR%20circular%20OR%20flyer%20OR%20specials%29,advertised,,,,,,,,,,"Second-pass ZIP-targeted search URL. Open link, verify official store ad/circular, then replace with confirmed source URL.",https://duckduckgo.com/?q=%22MAGIC%20GROCERY%22%20%2211218%22%20%28%22weekly%20ad%22%20OR%20circular%20OR%20flyer%20OR%20specials%29
611545,MAJ GROCERY,11218,,ZIP-targeted web search (manual verify),https://duckduckgo.com/?q=%22MAJ%20GROCERY%22%20%2211218%22%20%28%22weekly%20ad%22%20OR%20circular%20OR%20flyer%20OR%20specials%29,advertised,,,,,,,,,,"Second-pass ZIP-targeted search URL. Open link, verify official store ad/circular, then replace with confirmed source URL.",https://duckduckgo.com/?q=%22MAJ%20GROCERY%22%20%2211218%22%20%28%22weekly%20ad%22%20OR%20circular%20OR%20flyer%20OR%20specials%29
762939,MET FRESH SUPERMARKET,11218,2026-05-23,Met Foods Weekly Ad,https://www.metfoods.com/weekly-ad/,advertised,,,,,,,,,,Matched to chain circular/weekly-ad source.,https://duckduckgo.com/?q=%22MET%20FRESH%20SUPERMARKET%22%20%2211218%22%20%28%22weekly%20ad%22%20OR%20circular%20OR%20flyer%20OR%20specials%29
739775,NEW APON GROCERY,11218,,ZIP-targeted web search (manual verify),https://duckduckgo.com/?q=%22NEW%20APON%20GROCERY%22%20%2211218%22%20%28%22weekly%20ad%22%20OR%20circular%20OR%20flyer%20OR%20specials%29,advertised,,,,,,,,,,"Second-pass ZIP-targeted search URL. Open link, verify official store ad/circular, then replace with confirmed source URL.",https://duckduckgo.com/?q=%22NEW%20APON%20GROCERY%22%20%2211218%22%20%28%22weekly%20ad%22%20OR%20circular%20OR%20flyer%20OR%20specials%29
753624,NEW BORO PARK GROCERY,11218,,ZIP-targeted web search (manual verify),https://duckduckgo.com/?q=%22NEW%20BORO%20PARK%20GROCERY%22%20%2211218%22%20%28%22weekly%20ad%22%20OR%20circular%20OR%20flyer%20OR%20specials%29,advertised,,,,,,,,,,"Second-pass ZIP-targeted search URL. Open link, verify official store ad/circular, then replace with confirmed source URL.",https://duckduckgo.com/?q=%22NEW%20BORO%20PARK%20GROCERY%22%20%2211218%22%20%28%22weekly%20ad%22%20OR%20circular%20OR%20flyer%20OR%20specials%29
749443,NG SUPERMARKET,11218,,ZIP-targeted web search (manual verify),https://duckduckgo.com/?q=%22NG%20SUPERMARKET%22%20%2211218%22%20%28%22weekly%20ad%22%20OR%20circular%20OR%20flyer%20OR%20specials%29,advertised,,,,,,,,,,"Second-pass ZIP-targeted search URL. Open link, verify official store ad/circular, then replace with confirmed source URL.",https://duckduckgo.com/?q=%22NG%20SUPERMARKET%22%20%2211218%22%20%28%22weekly%20ad%22%20OR%20circular%20OR%20flyer%20OR%20specials%29
619330,PROGOTI GROCERY STORE,11218,,ZIP-targeted web search (manual verify),https://duckduckgo.com/?q=%22PROGOTI%20GROCERY%20STORE%22%20%2211218%22%20%28%22weekly%20ad%22%20OR%20circular%20OR%20flyer%20OR%20specials%29,advertised,,,,,,,,,,"Second-pass ZIP-targeted search URL. Open link, verify official store ad/circular, then replace with confirmed source URL.",https://duckduckgo.com/?q=%22PROGOTI%20GROCERY%20STORE%22%20%2211218%22%20%28%22weekly%20ad%22%20OR%20circular%20OR%20flyer%20OR%20specials%29
617985,ROSNER 2 GROCERY,11218,,ZIP-targeted web search (manual verify),https://duckduckgo.com/?q=%22ROSNER%202%20GROCERY%22%20%2211218%22%20%28%22weekly%20ad%22%20OR%20circular%20OR%20flyer%20OR%20specials%29,advertised,,,,,,,,,,"Second-pass ZIP-targeted search URL. Open link, verify official store ad/circular, then replace with confirmed source URL.",https://duckduckgo.com/?q=%22ROSNER%202%20GROCERY%22%20%2211218%22%20%28%22weekly%20ad%22%20OR%20circular%20OR%20flyer%20OR%20specials%29
619947,SHABUJ GROCERY,11218,,ZIP-targeted web search (manual verify),https://duckduckgo.com/?q=%22SHABUJ%20GROCERY%22%20%2211218%22%20%28%22weekly%20ad%22%20OR%20circular%20OR%20flyer%20OR%20specials%29,advertised,,,,,,,,,,"Second-pass ZIP-targeted search URL. Open link, verify official store ad/circular, then replace with confirmed source URL.",https://duckduckgo.com/?q=%22SHABUJ%20GROCERY%22%20%2211218%22%20%28%22weekly%20ad%22%20OR%20circular%20OR%20flyer%20OR%20specials%29
742770,SHADIN BANGLA GROCERY,11218,,ZIP-targeted web search (manual verify),https://duckduckgo.com/?q=%22SHADIN%20BANGLA%20GROCERY%22%20%2211218%22%20%28%22weekly%20ad%22%20OR%20circular%20OR%20flyer%20OR%20specials%29,advertised,,,,,,,,,,"Second-pass ZIP-targeted search URL. Open link, verify official store ad/circular, then replace with confirmed source URL.",https://duckduckgo.com/?q=%22SHADIN%20BANGLA%20GROCERY%22%20%2211218%22%20%28%22weekly%20ad%22%20OR%20circular%20OR%20flyer%20OR%20specials%29
739204,5313 GROCERY,11219,,ZIP-targeted web search (manual verify),https://duckduckgo.com/?q=%225313%20GROCERY%22%20%2211219%22%20%28%22weekly%20ad%22%20OR%20circular%20OR%20flyer%20OR%20specials%29,advertised,,,,,,,,,,"Second-pass ZIP-targeted search URL. Open link, verify official store ad/circular, then replace with confirmed source URL.",https://duckduckgo.com/?q=%225313%20GROCERY%22%20%2211219%22%20%28%22weekly%20ad%22%20OR%20circular%20OR%20flyer%20OR%20specials%29
614397,AM & PM GROCERY,11219,,ZIP-targeted web search (manual verify),https://duckduckgo.com/?q=%22AM%20%26%20PM%20GROCERY%22%20%2211219%22%20%28%22weekly%20ad%22%20OR%20circular%20OR%20flyer%20OR%20specials%29,advertised,,,,,,,,,,"Second-pass ZIP-targeted search URL. Open link, verify official store ad/circular, then replace with confirmed source URL.",https://duckduckgo.com/?q=%22AM%20%26%20PM%20GROCERY%22%20%2211219%22%20%28%22weekly%20ad%22%20OR%20circular%20OR%20flyer%20OR%20specials%29
766378,ARTESANIAS IZTACCIHUATL& GROCERY LLC,11219,,ZIP-targeted web search (manual verify),https://duckduckgo.com/?q=%22ARTESANIAS%20IZTACCIHUATL%26%20GROCERY%20LLC%22%20%2211219%22%20%28%22weekly%20ad%22%20OR%20circular%20OR%20flyer%20OR%20specials%29,advertised,,,,,,,,,,"Second-pass ZIP-targeted search URL. Open link, verify official store ad/circular, then replace with confirmed source URL.",https://duckduckgo.com/?q=%22ARTESANIAS%20IZTACCIHUATL%26%20GROCERY%20LLC%22%20%2211219%22%20%28%22weekly%20ad%22%20OR%20circular%20OR%20flyer%20OR%20specials%29
671118,C&W GROCERY,11219,,ZIP-targeted web search (manual verify),https://duckduckgo.com/?q=%22C%26W%20GROCERY%22%20%2211219%22%20%28%22weekly%20ad%22%20OR%20circular%20OR%20flyer%20OR%20specials%29,advertised,,,,,,,,,,"Second-pass ZIP-targeted search URL. Open link, verify official store ad/circular, then replace with confirmed source URL.",https://duckduckgo.com/?q=%22C%26W%20GROCERY%22%20%2211219%22%20%28%22weekly%20ad%22%20OR%20circular%20OR%20flyer%20OR%20specials%29
739385,EN SHAN GROCERY,11219,,ZIP-targeted web search (manual verify),https://duckduckgo.com/?q=%22EN%20SHAN%20GROCERY%22%20%2211219%22%20%28%22weekly%20ad%22%20OR%20circular%20OR%20flyer%20OR%20specials%29,advertised,,,,,,,,,,"Second-pass ZIP-targeted search URL. Open link, verify official store ad/circular, then replace with confirmed source URL.",https://duckduckgo.com/?q=%22EN%20SHAN%20GROCERY%22%20%2211219%22%20%28%22weekly%20ad%22%20OR%20circular%20OR%20flyer%20OR%20specials%29
750117,H & D GROCERY STORE,11219,,ZIP-targeted web search (manual verify),https://duckduckgo.com/?q=%22H%20%26%20D%20GROCERY%20STORE%22%20%2211219%22%20%28%22weekly%20ad%22%20OR%20circular%20OR%20flyer%20OR%20specials%29,advertised,,,,,,,,,,"Second-pass ZIP-targeted search URL. Open link, verify official store ad/circular, then replace with confirmed source URL.",https://duckduckgo.com/?q=%22H%20%26%20D%20GROCERY%20STORE%22%20%2211219%22%20%28%22weekly%20ad%22%20OR%20circular%20OR%20flyer%20OR%20specials%29
763300,HLBK SUPERMARKET,11219,,ZIP-targeted web search (manual verify),https://duckduckgo.com/?q=%22HLBK%20SUPERMARKET%22%20%2211219%22%20%28%22weekly%20ad%22%20OR%20circular%20OR%20flyer%20OR%20specials%29,advertised,,,,,,,,,,"Second-pass ZIP-targeted search URL. Open link, verify official store ad/circular, then replace with confirmed source URL.",https://duckduckgo.com/?q=%22HLBK%20SUPERMARKET%22%20%2211219%22%20%28%22weekly%20ad%22%20OR%20circular%20OR%20flyer%20OR%20specials%29
719289,HUA XING GROCERY,11219,,ZIP-targeted web search (manual verify),https://duckduckgo.com/?q=%22HUA%20XING%20GROCERY%22%20%2211219%22%20%28%22weekly%20ad%22%20OR%20circular%20OR%20flyer%20OR%20specials%29,advertised,,,,,,,,,,"Second-pass ZIP-targeted search URL. Open link, verify official store ad/circular, then replace with confirmed source URL.",https://duckduckgo.com/?q=%22HUA%20XING%20GROCERY%22%20%2211219%22%20%28%22weekly%20ad%22%20OR%20circular%20OR%20flyer%20OR%20specials%29
750083,KUNPENG GROCERY,11219,,ZIP-targeted web search (manual verify),https://duckduckgo.com/?q=%22KUNPENG%20GROCERY%22%20%2211219%22%20%28%22weekly%20ad%22%20OR%20circular%20OR%20flyer%20OR%20specials%29,advertised,,,,,,,,,,"Second-pass ZIP-targeted search URL. Open link, verify official store ad/circular, then replace with confirmed source URL.",https://duckduckgo.com/?q=%22KUNPENG%20GROCERY%22%20%2211219%22%20%28%22weekly%20ad%22%20OR%20circular%20OR%20flyer%20OR%20specials%29
613499,LATTANZIO GROCERY,11219,,ZIP-targeted web search (manual verify),https://duckduckgo.com/?q=%22LATTANZIO%20GROCERY%22%20%2211219%22%20%28%22weekly%20ad%22%20OR%20circular%20OR%20flyer%20OR%20specials%29,advertised,,,,,,,,,,"Second-pass ZIP-targeted search URL. Open link, verify official store ad/circular, then replace with confirmed source URL.",https://duckduckgo.com/?q=%22LATTANZIO%20GROCERY%22%20%2211219%22%20%28%22weekly%20ad%22%20OR%20circular%20OR%20flyer%20OR%20specials%29
715547,LUCKY SUNSHINE GROCERY,11219,,ZIP-targeted web search (manual verify),https://duckduckgo.com/?q=%22LUCKY%20SUNSHINE%20GROCERY%22%20%2211219%22%20%28%22weekly%20ad%22%20OR%20circular%20OR%20flyer%20OR%20specials%29,advertised,,,,,,,,,,"Second-pass ZIP-targeted search URL. Open link, verify official store ad/circular, then replace with confirmed source URL.",https://duckduckgo.com/?q=%22LUCKY%20SUNSHINE%20GROCERY%22%20%2211219%22%20%28%22weekly%20ad%22%20OR%20circular%20OR%20flyer%20OR%20specials%29
736700,MARY GROCERY,11219,,ZIP-targeted web search (manual verify),https://duckduckgo.com/?q=%22MARY%20GROCERY%22%20%2211219%22%20%28%22weekly%20ad%22%20OR%20circular%20OR%20flyer%20OR%20specials%29,advertised,,,,,,,,,,"Second-pass ZIP-targeted search URL. Open link, verify official store ad/circular, then replace with confirmed source URL.",https://duckduckgo.com/?q=%22MARY%20GROCERY%22%20%2211219%22%20%28%22weekly%20ad%22%20OR%20circular%20OR%20flyer%20OR%20specials%29
615770,MEHADRIN SUPERMARKET,11219,,ZIP-targeted web search (manual verify),https://duckduckgo.com/?q=%22MEHADRIN%20SUPERMARKET%22%20%2211219%22%20%28%22weekly%20ad%22%20OR%20circular%20OR%20flyer%20OR%20specials%29,advertised,,,,,,,,,,"Second-pass ZIP-targeted search URL. Open link, verify official store ad/circular, then replace with confirmed source URL.",https://duckduckgo.com/?q=%22MEHADRIN%20SUPERMARKET%22%20%2211219%22%20%28%22weekly%20ad%22%20OR%20circular%20OR%20flyer%20OR%20specials%29
746110,OK SUPERMARKET,11219,,ZIP-targeted web search (manual verify),https://duckduckgo.com/?q=%22OK%20SUPERMARKET%22%20%2211219%22%20%28%22weekly%20ad%22%20OR%20circular%20OR%20flyer%20OR%20specials%29,advertised,,,,,,,,,,"Second-pass ZIP-targeted search URL. Open link, verify official store ad/circular, then replace with confirmed source URL.",https://duckduckgo.com/?q=%22OK%20SUPERMARKET%22%20%2211219%22%20%28%22weekly%20ad%22%20OR%20circular%20OR%20flyer%20OR%20specials%29
619963,PROGRESO LATINO GROCERY,11219,,ZIP-targeted web search (manual verify),https://duckduckgo.com/?q=%22PROGRESO%20LATINO%20GROCERY%22%20%2211219%22%20%28%22weekly%20ad%22%20OR%20circular%20OR%20flyer%20OR%20specials%29,advertised,,,,,,,,,,"Second-pass ZIP-targeted search URL. Open link, verify official store ad/circular, then replace with confirmed source URL.",https://duckduckgo.com/?q=%22PROGRESO%20LATINO%20GROCERY%22%20%2211219%22%20%28%22weekly%20ad%22%20OR%20circular%20OR%20flyer%20OR%20specials%29
617920,ROSNER GROCERY,11219,,ZIP-targeted web search (manual verify),https://duckduckgo.com/?q=%22ROSNER%20GROCERY%22%20%2211219%22%20%28%22weekly%20ad%22%20OR%20circular%20OR%20flyer%20OR%20specials%29,advertised,,,,,,,,,,"Second-pass ZIP-targeted search URL. Open link, verify official store ad/circular, then replace with confirmed source URL.",https://duckduckgo.com/?q=%22ROSNER%20GROCERY%22%20%2211219%22%20%28%22weekly%20ad%22%20OR%20circular%20OR%20flyer%20OR%20specials%29
619953,RUBINS GROCERY,11219,,ZIP-targeted web search (manual verify),https://duckduckgo.com/?q=%22RUBINS%20GROCERY%22%20%2211219%22%20%28%22weekly%20ad%22%20OR%20circular%20OR%20flyer%20OR%20specials%29,advertised,,,,,,,,,,"Second-pass ZIP-targeted search URL. Open link, verify official store ad/circular, then replace with confirmed source URL.",https://duckduckgo.com/?q=%22RUBINS%20GROCERY%22%20%2211219%22%20%28%22weekly%20ad%22%20OR%20circular%20OR%20flyer%20OR%20specials%29
616805,SCATURRO SUPERMARKET,11219,,ZIP-targeted web search (manual verify),https://duckduckgo.com/?q=%22SCATURRO%20SUPERMARKET%22%20%2211219%22%20%28%22weekly%20ad%22%20OR%20circular%20OR%20flyer%20OR%20specials%29,advertised,,,,,,,,,,"Second-pass ZIP-targeted search URL. Open link, verify official store ad/circular, then replace with confirmed source URL.",https://duckduckgo.com/?q=%22SCATURRO%20SUPERMARKET%22%20%2211219%22%20%28%22weekly%20ad%22%20OR%20circular%20OR%20flyer%20OR%20specials%29
614560,TOP NEWS & GROCERY,11219,,ZIP-targeted web search (manual verify),https://duckduckgo.com/?q=%22TOP%20NEWS%20%26%20GROCERY%22%20%2211219%22%20%28%22weekly%20ad%22%20OR%20circular%20OR%20flyer%20OR%20specials%29,advertised,,,,,,,,,,"Second-pass ZIP-targeted search URL. Open link, verify official store ad/circular, then replace with confirmed source URL.",https://duckduckgo.com/?q=%22TOP%20NEWS%20%26%20GROCERY%22%20%2211219%22%20%28%22weekly%20ad%22%20OR%20circular%20OR%20flyer%20OR%20specials%29
750708,X&Y GROCERY,11219,,ZIP-targeted web search (manual verify),https://duckduckgo.com/?q=%22X%26Y%20GROCERY%22%20%2211219%22%20%28%22weekly%20ad%22%20OR%20circular%20OR%20flyer%20OR%20specials%29,advertised,,,,,,,,,,"Second-pass ZIP-targeted search URL. Open link, verify official store ad/circular, then replace with confirmed source URL.",https://duckduckgo.com/?q=%22X%26Y%20GROCERY%22%20%2211219%22%20%28%22weekly%20ad%22%20OR%20circular%20OR%20flyer%20OR%20specials%29
735314,XINGLONG GROCERY,11219,,ZIP-targeted web search (manual verify),https://duckduckgo.com/?q=%22XINGLONG%20GROCERY%22%20%2211219%22%20%28%22weekly%20ad%22%20OR%20circular%20OR%20flyer%20OR%20specials%29,advertised,,,,,,,,,,"Second-pass ZIP-targeted search URL. Open link, verify official store ad/circular, then replace with confirmed source URL.",https://duckduckgo.com/?q=%22XINGLONG%20GROCERY%22%20%2211219%22%20%28%22weekly%20ad%22%20OR%20circular%20OR%20flyer%20OR%20specials%29
760075,YOUJIAXING GROCERY,11219,,ZIP-targeted web search (manual verify),https://duckduckgo.com/?q=%22YOUJIAXING%20GROCERY%22%20%2211219%22%20%28%22weekly%20ad%22%20OR%20circular%20OR%20flyer%20OR%20specials%29,advertised,,,,,,,,,,"Second-pass ZIP-targeted search URL. Open link, verify official store ad/circular, then replace with confirmed source URL.",https://duckduckgo.com/?q=%22YOUJIAXING%20GROCERY%22%20%2211219%22%20%28%22weekly%20ad%22%20OR%20circular%20OR%20flyer%20OR%20specials%29
761753,4317 GROCERY,11220,,ZIP-targeted web search (manual verify),https://duckduckgo.com/?q=%224317%20GROCERY%22%20%2211220%22%20%28%22weekly%20ad%22%20OR%20circular%20OR%20flyer%20OR%20specials%29,advertised,,,,,,,,,,"Second-pass ZIP-targeted search URL. Open link, verify official store ad/circular, then replace with confirmed source URL.",https://duckduckgo.com/?q=%224317%20GROCERY%22%20%2211220%22%20%28%22weekly%20ad%22%20OR%20circular%20OR%20flyer%20OR%20specials%29
753614,5001 XIN XIN GROCERY,11220,,ZIP-targeted web search (manual verify),https://duckduckgo.com/?q=%225001%20XIN%20XIN%20GROCERY%22%20%2211220%22%20%28%22weekly%20ad%22%20OR%20circular%20OR%20flyer%20OR%20specials%29,advertised,,,,,,,,,,"Second-pass ZIP-targeted search URL. Open link, verify official store ad/circular, then replace with confirmed source URL.",https://duckduckgo.com/?q=%225001%20XIN%20XIN%20GROCERY%22%20%2211220%22%20%28%22weekly%20ad%22%20OR%20circular%20OR%20flyer%20OR%20specials%29
714433,5TH AVENUE GROCERY,11220,,ZIP-targeted web search (manual verify),https://duckduckgo.com/?q=%225TH%20AVENUE%20GROCERY%22%20%2211220%22%20%28%22weekly%20ad%22%20OR%20circular%20OR%20flyer%20OR%20specials%29,advertised,,,,,,,,,,"Second-pass ZIP-targeted search URL. Open link, verify official store ad/circular, then replace with confirmed source URL.",https://duckduckgo.com/?q=%225TH%20AVENUE%20GROCERY%22%20%2211220%22%20%28%22weekly%20ad%22%20OR%20circular%20OR%20flyer%20OR%20specials%29
732721,AAA GROCERY,11220,,ZIP-targeted web search (manual verify),https://duckduckgo.com/?q=%22AAA%20GROCERY%22%20%2211220%22%20%28%22weekly%20ad%22%20OR%20circular%20OR%20flyer%20OR%20specials%29,advertised,,,,,,,,,,"Second-pass ZIP-targeted search URL. Open link, verify official store ad/circular, then replace with confirmed source URL.",https://duckduckgo.com/?q=%22AAA%20GROCERY%22%20%2211220%22%20%28%22weekly%20ad%22%20OR%20circular%20OR%20flyer%20OR%20specials%29
747602,AMIGA DE CHINA SUPERMARKET,11220,,ZIP-targeted web search (manual verify),https://duckduckgo.com/?q=%22AMIGA%20DE%20CHINA%20SUPERMARKET%22%20%2211220%22%20%28%22weekly%20ad%22%20OR%20circular%20OR%20flyer%20OR%20specials%29,advertised,,,,,,,,,,"Second-pass ZIP-targeted search URL. Open link, verify official store ad/circular, then replace with confirmed source URL.",https://duckduckgo.com/?q=%22AMIGA%20DE%20CHINA%20SUPERMARKET%22%20%2211220%22%20%28%22weekly%20ad%22%20OR%20circular%20OR%20flyer%20OR%20specials%29
733823,AMY GROCERY MINI MARKET,11220,,ZIP-targeted web search (manual verify),https://duckduckgo.com/?q=%22AMY%20GROCERY%20MINI%20MARKET%22%20%2211220%22%20%28%22weekly%20ad%22%20OR%20circular%20OR%20flyer%20OR%20specials%29,advertised,,,,,,,,,,"Second-pass ZIP-targeted search URL. Open link, verify official store ad/circular, then replace with confirmed source URL.",https://duckduckgo.com/?q=%22AMY%20GROCERY%20MINI%20MARKET%22%20%2211220%22%20%28%22weekly%20ad%22%20OR%20circular%20OR%20flyer%20OR%20specials%29
745879,ANN 8TH AVE GROCERY STORE,11220,,ZIP-targeted web search (manual verify),https://duckduckgo.com/?q=%22ANN%208TH%20AVE%20GROCERY%20STORE%22%20%2211220%22%20%28%22weekly%20ad%22%20OR%20circular%20OR%20flyer%20OR%20specials%29,advertised,,,,,,,,,,"Second-pass ZIP-targeted search URL. Open link, verify official store ad/circular, then replace with confirmed source URL.",https://duckduckgo.com/?q=%22ANN%208TH%20AVE%20GROCERY%20STORE%22%20%2211220%22%20%28%22weekly%20ad%22%20OR%20circular%20OR%20flyer%20OR%20specials%29
670577,BRAVO SUPERMARKET,11220,2026-05-23,Bravo Supermarkets Weekly Circular,https://www.bravosupermarkets.com/weekly-circular,advertised,,,,,,,,,,Matched to chain circular/weekly-ad source.,https://duckduckgo.com/?q=%22BRAVO%20SUPERMARKET%22%20%2211220%22%20%28%22weekly%20ad%22%20OR%20circular%20OR%20flyer%20OR%20specials%29
611176,BUY BEST GROCERY,11220,,ZIP-targeted web search (manual verify),https://duckduckgo.com/?q=%22BUY%20BEST%20GROCERY%22%20%2211220%22%20%28%22weekly%20ad%22%20OR%20circular%20OR%20flyer%20OR%20specials%29,advertised,,,,,,,,,,"Second-pass ZIP-targeted search URL. Open link, verify official store ad/circular, then replace with confirmed source URL.",https://duckduckgo.com/?q=%22BUY%20BEST%20GROCERY%22%20%2211220%22%20%28%22weekly%20ad%22%20OR%20circular%20OR%20flyer%20OR%20specials%29
717816,C & Y GROCERY,11220,,ZIP-targeted web search (manual verify),https://duckduckgo.com/?q=%22C%20%26%20Y%20GROCERY%22%20%2211220%22%20%28%22weekly%20ad%22%20OR%20circular%20OR%20flyer%20OR%20specials%29,advertised,,,,,,,,,,"Second-pass ZIP-targeted search URL. Open link, verify official store ad/circular, then replace with confirmed source URL.",https://duckduckgo.com/?q=%22C%20%26%20Y%20GROCERY%22%20%2211220%22%20%28%22weekly%20ad%22%20OR%20circular%20OR%20flyer%20OR%20specials%29
746402,CAZARES M GROCERY,11220,,ZIP-targeted web search (manual verify),https://duckduckgo.com/?q=%22CAZARES%20M%20GROCERY%22%20%2211220%22%20%28%22weekly%20ad%22%20OR%20circular%20OR%20flyer%20OR%20specials%29,advertised,,,,,,,,,,"Second-pass ZIP-targeted search URL. Open link, verify official store ad/circular, then replace with confirmed source URL.",https://duckduckgo.com/?q=%22CAZARES%20M%20GROCERY%22%20%2211220%22%20%28%22weekly%20ad%22%20OR%20circular%20OR%20flyer%20OR%20specials%29
761921,DAFU GROCERY,11220,,ZIP-targeted web search (manual verify),https://duckduckgo.com/?q=%22DAFU%20GROCERY%22%20%2211220%22%20%28%22weekly%20ad%22%20OR%20circular%20OR%20flyer%20OR%20specials%29,advertised,,,,,,,,,,"Second-pass ZIP-targeted search URL. Open link, verify official store ad/circular, then replace with confirmed source URL.",https://duckduckgo.com/?q=%22DAFU%20GROCERY%22%20%2211220%22%20%28%22weekly%20ad%22%20OR%20circular%20OR%20flyer%20OR%20specials%29
744721,DASANYUAN GROCERY,11220,,ZIP-targeted web search (manual verify),https://duckduckgo.com/?q=%22DASANYUAN%20GROCERY%22%20%2211220%22%20%28%22weekly%20ad%22%20OR%20circular%20OR%20flyer%20OR%20specials%29,advertised,,,,,,,,,,"Second-pass ZIP-targeted search URL. Open link, verify official store ad/circular, then replace with confirmed source URL.",https://duckduckgo.com/?q=%22DASANYUAN%20GROCERY%22%20%2211220%22%20%28%22weekly%20ad%22%20OR%20circular%20OR%20flyer%20OR%20specials%29
766737,EL BUEN HOMBRE GROCERY,11220,,ZIP-targeted web search (manual verify),https://duckduckgo.com/?q=%22EL%20BUEN%20HOMBRE%20GROCERY%22%20%2211220%22%20%28%22weekly%20ad%22%20OR%20circular%20OR%20flyer%20OR%20specials%29,advertised,,,,,,,,,,"Second-pass ZIP-targeted search URL. Open link, verify official store ad/circular, then replace with confirmed source URL.",https://duckduckgo.com/?q=%22EL%20BUEN%20HOMBRE%20GROCERY%22%20%2211220%22%20%28%22weekly%20ad%22%20OR%20circular%20OR%20flyer%20OR%20specials%29
753130,EZ FRESH SUPERMARKET,11220,,ZIP-targeted web search (manual verify),https://duckduckgo.com/?q=%22EZ%20FRESH%20SUPERMARKET%22%20%2211220%22%20%28%22weekly%20ad%22%20OR%20circular%20OR%20flyer%20OR%20specials%29,advertised,,,,,,,,,,"Second-pass ZIP-targeted search URL. Open link, verify official store ad/circular, then replace with confirmed source URL.",https://duckduckgo.com/?q=%22EZ%20FRESH%20SUPERMARKET%22%20%2211220%22%20%28%22weekly%20ad%22%20OR%20circular%20OR%20flyer%20OR%20specials%29
737045,FIRST STOP GROCERY,11220,,ZIP-targeted web search (manual verify),https://duckduckgo.com/?q=%22FIRST%20STOP%20GROCERY%22%20%2211220%22%20%28%22weekly%20ad%22%20OR%20circular%20OR%20flyer%20OR%20specials%29,advertised,,,,,,,,,,"Second-pass ZIP-targeted search URL. Open link, verify official store ad/circular, then replace with confirmed source URL.",https://duckduckgo.com/?q=%22FIRST%20STOP%20GROCERY%22%20%2211220%22%20%28%22weekly%20ad%22%20OR%20circular%20OR%20flyer%20OR%20specials%29
739205,FIVE FRIENDS UNITED SUPERMARKET,11220,,ZIP-targeted web search (manual verify),https://duckduckgo.com/?q=%22FIVE%20FRIENDS%20UNITED%20SUPERMARKET%22%20%2211220%22%20%28%22weekly%20ad%22%20OR%20circular%20OR%20flyer%20OR%20specials%29,advertised,,,,,,,,,,"Second-pass ZIP-targeted search URL. Open link, verify official store ad/circular, then replace with confirmed source URL.",https://duckduckgo.com/?q=%22FIVE%20FRIENDS%20UNITED%20SUPERMARKET%22%20%2211220%22%20%28%22weekly%20ad%22%20OR%20circular%20OR%20flyer%20OR%20specials%29
618729,FORTUNE PRIZE GROCERY,11220,,ZIP-targeted web search (manual verify),https://duckduckgo.com/?q=%22FORTUNE%20PRIZE%20GROCERY%22%20%2211220%22%20%28%22weekly%20ad%22%20OR%20circular%20OR%20flyer%20OR%20specials%29,advertised,,,,,,,,,,"Second-pass ZIP-targeted search URL. Open link, verify official store ad/circular, then replace with confirmed source URL.",https://duckduckgo.com/?q=%22FORTUNE%20PRIZE%20GROCERY%22%20%2211220%22%20%28%22weekly%20ad%22%20OR%20circular%20OR%20flyer%20OR%20specials%29
717299,FORUM SUPERMARKET,11220,,ZIP-targeted web search (manual verify),https://duckduckgo.com/?q=%22FORUM%20SUPERMARKET%22%20%2211220%22%20%28%22weekly%20ad%22%20OR%20circular%20OR%20flyer%20OR%20specials%29,advertised,,,,,,,,,,"Second-pass ZIP-targeted search URL. Open link, verify official store ad/circular, then replace with confirmed source URL.",https://duckduckgo.com/?q=%22FORUM%20SUPERMARKET%22%20%2211220%22%20%28%22weekly%20ad%22%20OR%20circular%20OR%20flyer%20OR%20specials%29
618194,FU CHUN SUPERMARKET,11220,,ZIP-targeted web search (manual verify),https://duckduckgo.com/?q=%22FU%20CHUN%20SUPERMARKET%22%20%2211220%22%20%28%22weekly%20ad%22%20OR%20circular%20OR%20flyer%20OR%20specials%29,advertised,,,,,,,,,,"Second-pass ZIP-targeted search URL. Open link, verify official store ad/circular, then replace with confirmed source URL.",https://duckduckgo.com/?q=%22FU%20CHUN%20SUPERMARKET%22%20%2211220%22%20%28%22weekly%20ad%22%20OR%20circular%20OR%20flyer%20OR%20specials%29
733327,GRACE JY GROCERY,11220,,ZIP-targeted web search (manual verify),https://duckduckgo.com/?q=%22GRACE%20JY%20GROCERY%22%20%2211220%22%20%28%22weekly%20ad%22%20OR%20circular%20OR%20flyer%20OR%20specials%29,advertised,,,,,,,,,,"Second-pass ZIP-targeted search URL. Open link, verify official store ad/circular, then replace with confirmed source URL.",https://duckduckgo.com/?q=%22GRACE%20JY%20GROCERY%22%20%2211220%22%20%28%22weekly%20ad%22%20OR%20circular%20OR%20flyer%20OR%20specials%29
670025,GREEN VILLAGE SUPERMARKET,11220,,ZIP-targeted web search (manual verify),https://duckduckgo.com/?q=%22GREEN%20VILLAGE%20SUPERMARKET%22%20%2211220%22%20%28%22weekly%20ad%22%20OR%20circular%20OR%20flyer%20OR%20specials%29,advertised,,,,,,,,,,"Second-pass ZIP-targeted search URL. Open link, verify official store ad/circular, then replace with confirmed source URL.",https://duckduckgo.com/?q=%22GREEN%20VILLAGE%20SUPERMARKET%22%20%2211220%22%20%28%22weekly%20ad%22%20OR%20circular%20OR%20flyer%20OR%20specials%29
748881,GUANG MING GROCERY,11220,,ZIP-targeted web search (manual verify),https://duckduckgo.com/?q=%22GUANG%20MING%20GROCERY%22%20%2211220%22%20%28%22weekly%20ad%22%20OR%20circular%20OR%20flyer%20OR%20specials%29,advertised,,,,,,,,,,"Second-pass ZIP-targeted search URL. Open link, verify official store ad/circular, then replace with confirmed source URL.",https://duckduckgo.com/?q=%22GUANG%20MING%20GROCERY%22%20%2211220%22%20%28%22weekly%20ad%22%20OR%20circular%20OR%20flyer%20OR%20specials%29
734898,HAPPY FAMILY GROCERY STORE,11220,,ZIP-targeted web search (manual verify),https://duckduckgo.com/?q=%22HAPPY%20FAMILY%20GROCERY%20STORE%22%20%2211220%22%20%28%22weekly%20ad%22%20OR%20circular%20OR%20flyer%20OR%20specials%29,advertised,,,,,,,,,,"Second-pass ZIP-targeted search URL. Open link, verify official store ad/circular, then replace with confirmed source URL.",https://duckduckgo.com/?q=%22HAPPY%20FAMILY%20GROCERY%20STORE%22%20%2211220%22%20%28%22weekly%20ad%22%20OR%20circular%20OR%20flyer%20OR%20specials%29
763235,HENGYI GROCERY,11220,,ZIP-targeted web search (manual verify),https://duckduckgo.com/?q=%22HENGYI%20GROCERY%22%20%2211220%22%20%28%22weekly%20ad%22%20OR%20circular%20OR%20flyer%20OR%20specials%29,advertised,,,,,,,,,,"Second-pass ZIP-targeted search URL. Open link, verify official store ad/circular, then replace with confirmed source URL.",https://duckduckgo.com/?q=%22HENGYI%20GROCERY%22%20%2211220%22%20%28%22weekly%20ad%22%20OR%20circular%20OR%20flyer%20OR%20specials%29
766219,JIA HE XING GROCERY,11220,,ZIP-targeted web search (manual verify),https://duckduckgo.com/?q=%22JIA%20HE%20XING%20GROCERY%22%20%2211220%22%20%28%22weekly%20ad%22%20OR%20circular%20OR%20flyer%20OR%20specials%29,advertised,,,,,,,,,,"Second-pass ZIP-targeted search URL. Open link, verify official store ad/circular, then replace with confirmed source URL.",https://duckduckgo.com/?q=%22JIA%20HE%20XING%20GROCERY%22%20%2211220%22%20%28%22weekly%20ad%22%20OR%20circular%20OR%20flyer%20OR%20specials%29
737063,JIAHE GROCERY,11220,,ZIP-targeted web search (manual verify),https://duckduckgo.com/?q=%22JIAHE%20GROCERY%22%20%2211220%22%20%28%22weekly%20ad%22%20OR%20circular%20OR%20flyer%20OR%20specials%29,advertised,,,,,,,,,,"Second-pass ZIP-targeted search URL. Open link, verify official store ad/circular, then replace with confirmed source URL.",https://duckduckgo.com/?q=%22JIAHE%20GROCERY%22%20%2211220%22%20%28%22weekly%20ad%22%20OR%20circular%20OR%20flyer%20OR%20specials%29
764339,JIAJIA GROCERY,11220,,ZIP-targeted web search (manual verify),https://duckduckgo.com/?q=%22JIAJIA%20GROCERY%22%20%2211220%22%20%28%22weekly%20ad%22%20OR%20circular%20OR%20flyer%20OR%20specials%29,advertised,,,,,,,,,,"Second-pass ZIP-targeted search URL. Open link, verify official store ad/circular, then replace with confirmed source URL.",https://duckduckgo.com/?q=%22JIAJIA%20GROCERY%22%20%2211220%22%20%28%22weekly%20ad%22%20OR%20circular%20OR%20flyer%20OR%20specials%29
709818,KANG MEI QIN GROCERY,11220,,ZIP-targeted web search (manual verify),https://duckduckgo.com/?q=%22KANG%20MEI%20QIN%20GROCERY%22%20%2211220%22%20%28%22weekly%20ad%22%20OR%20circular%20OR%20flyer%20OR%20specials%29,advertised,,,,,,,,,,"Second-pass ZIP-targeted search URL. Open link, verify official store ad/circular, then replace with confirmed source URL.",https://duckduckgo.com/?q=%22KANG%20MEI%20QIN%20GROCERY%22%20%2211220%22%20%28%22weekly%20ad%22%20OR%20circular%20OR%20flyer%20OR%20specials%29
712620,KC GROCERY,11220,,ZIP-targeted web search (manual verify),https://duckduckgo.com/?q=%22KC%20GROCERY%22%20%2211220%22%20%28%22weekly%20ad%22%20OR%20circular%20OR%20flyer%20OR%20specials%29,advertised,,,,,,,,,,"Second-pass ZIP-targeted search URL. Open link, verify official store ad/circular, then replace with confirmed source URL.",https://duckduckgo.com/?q=%22KC%20GROCERY%22%20%2211220%22%20%28%22weekly%20ad%22%20OR%20circular%20OR%20flyer%20OR%20specials%29
739197,LA TIENDITA GROCERY,11220,,ZIP-targeted web search (manual verify),https://duckduckgo.com/?q=%22LA%20TIENDITA%20GROCERY%22%20%2211220%22%20%28%22weekly%20ad%22%20OR%20circular%20OR%20flyer%20OR%20specials%29,advertised,,,,,,,,,,"Second-pass ZIP-targeted search URL. Open link, verify official store ad/circular, then replace with confirmed source URL.",https://duckduckgo.com/?q=%22LA%20TIENDITA%20GROCERY%22%20%2211220%22%20%28%22weekly%20ad%22%20OR%20circular%20OR%20flyer%20OR%20specials%29
748297,LANG QI FOODS SUPERMARKET,11220,,ZIP-targeted web search (manual verify),https://duckduckgo.com/?q=%22LANG%20QI%20FOODS%20SUPERMARKET%22%20%2211220%22%20%28%22weekly%20ad%22%20OR%20circular%20OR%20flyer%20OR%20specials%29,advertised,,,,,,,,,,"Second-pass ZIP-targeted search URL. Open link, verify official store ad/circular, then replace with confirmed source URL.",https://duckduckgo.com/?q=%22LANG%20QI%20FOODS%20SUPERMARKET%22%20%2211220%22%20%28%22weekly%20ad%22%20OR%20circular%20OR%20flyer%20OR%20specials%29
742109,LIAN JIANG GROCERY,11220,,ZIP-targeted web search (manual verify),https://duckduckgo.com/?q=%22LIAN%20JIANG%20GROCERY%22%20%2211220%22%20%28%22weekly%20ad%22%20OR%20circular%20OR%20flyer%20OR%20specials%29,advertised,,,,,,,,,,"Second-pass ZIP-targeted search URL. Open link, verify official store ad/circular, then replace with confirmed source URL.",https://duckduckgo.com/?q=%22LIAN%20JIANG%20GROCERY%22%20%2211220%22%20%28%22weekly%20ad%22%20OR%20circular%20OR%20flyer%20OR%20specials%29
766545,LIN LUCKY FAMILY GROCERY,11220,,ZIP-targeted web search (manual verify),https://duckduckgo.com/?q=%22LIN%20LUCKY%20FAMILY%20GROCERY%22%20%2211220%22%20%28%22weekly%20ad%22%20OR%20circular%20OR%20flyer%20OR%20specials%29,advertised,,,,,,,,,,"Second-pass ZIP-targeted search URL. Open link, verify official store ad/circular, then replace with confirmed source URL.",https://duckduckgo.com/?q=%22LIN%20LUCKY%20FAMILY%20GROCERY%22%20%2211220%22%20%28%22weekly%20ad%22%20OR%20circular%20OR%20flyer%20OR%20specials%29
748542,LUCKY 4502 GROCERY,11220,,ZIP-targeted web search (manual verify),https://duckduckgo.com/?q=%22LUCKY%204502%20GROCERY%22%20%2211220%22%20%28%22weekly%20ad%22%20OR%20circular%20OR%20flyer%20OR%20specials%29,advertised,,,,,,,,,,"Second-pass ZIP-targeted search URL. Open link, verify official store ad/circular, then replace with confirmed source URL.",https://duckduckgo.com/?q=%22LUCKY%204502%20GROCERY%22%20%2211220%22%20%28%22weekly%20ad%22%20OR%20circular%20OR%20flyer%20OR%20specials%29
749340,MIN RONG SUPERMARKET,11220,,ZIP-targeted web search (manual verify),https://duckduckgo.com/?q=%22MIN%20RONG%20SUPERMARKET%22%20%2211220%22%20%28%22weekly%20ad%22%20OR%20circular%20OR%20flyer%20OR%20specials%29,advertised,,,,,,,,,,"Second-pass ZIP-targeted search URL. Open link, verify official store ad/circular, then replace with confirmed source URL.",https://duckduckgo.com/?q=%22MIN%20RONG%20SUPERMARKET%22%20%2211220%22%20%28%22weekly%20ad%22%20OR%20circular%20OR%20flyer%20OR%20specials%29
758023,MING XING GROCERY,11220,,ZIP-targeted web search (manual verify),https://duckduckgo.com/?q=%22MING%20XING%20GROCERY%22%20%2211220%22%20%28%22weekly%20ad%22%20OR%20circular%20OR%20flyer%20OR%20specials%29,advertised,,,,,,,,,,"Second-pass ZIP-targeted search URL. Open link, verify official store ad/circular, then replace with confirmed source URL.",https://duckduckgo.com/?q=%22MING%20XING%20GROCERY%22%20%2211220%22%20%28%22weekly%20ad%22%20OR%20circular%20OR%20flyer%20OR%20specials%29
734502,NEW HONG YUN GROCERY STORE,11220,,ZIP-targeted web search (manual verify),https://duckduckgo.com/?q=%22NEW%20HONG%20YUN%20GROCERY%20STORE%22%20%2211220%22%20%28%22weekly%20ad%22%20OR%20circular%20OR%20flyer%20OR%20specials%29,advertised,,,,,,,,,,"Second-pass ZIP-targeted search URL. Open link, verify official store ad/circular, then replace with confirmed source URL.",https://duckduckgo.com/?q=%22NEW%20HONG%20YUN%20GROCERY%20STORE%22%20%2211220%22%20%28%22weekly%20ad%22%20OR%20circular%20OR%20flyer%20OR%20specials%29
749604,O&J GROCERY & DISCOUNT,11220,,ZIP-targeted web search (manual verify),https://duckduckgo.com/?q=%22O%26J%20GROCERY%20%26%20DISCOUNT%22%20%2211220%22%20%28%22weekly%20ad%22%20OR%20circular%20OR%20flyer%20OR%20specials%29,advertised,,,,,,,,,,"Second-pass ZIP-targeted search URL. Open link, verify official store ad/circular, then replace with confirmed source URL.",https://duckduckgo.com/?q=%22O%26J%20GROCERY%20%26%20DISCOUNT%22%20%2211220%22%20%28%22weekly%20ad%22%20OR%20circular%20OR%20flyer%20OR%20specials%29
619519,PATEL GROCERY,11220,,ZIP-targeted web search (manual verify),https://duckduckgo.com/?q=%22PATEL%20GROCERY%22%20%2211220%22%20%28%22weekly%20ad%22%20OR%20circular%20OR%20flyer%20OR%20specials%29,advertised,,,,,,,,,,"Second-pass ZIP-targeted search URL. Open link, verify official store ad/circular, then replace with confirmed source URL.",https://duckduckgo.com/?q=%22PATEL%20GROCERY%22%20%2211220%22%20%28%22weekly%20ad%22%20OR%20circular%20OR%20flyer%20OR%20specials%29
614219,PEREZ GROCERY,11220,,ZIP-targeted web search (manual verify),https://duckduckgo.com/?q=%22PEREZ%20GROCERY%22%20%2211220%22%20%28%22weekly%20ad%22%20OR%20circular%20OR%20flyer%20OR%20specials%29,advertised,,,,,,,,,,"Second-pass ZIP-targeted search URL. Open link, verify official store ad/circular, then replace with confirmed source URL.",https://duckduckgo.com/?q=%22PEREZ%20GROCERY%22%20%2211220%22%20%28%22weekly%20ad%22%20OR%20circular%20OR%20flyer%20OR%20specials%29
708316,PIONEER SUPERMARKET,11220,2026-05-23,Pioneer Supermarkets Store Site,https://www.pioneersupermarkets.com/,advertised,,,,,,,,,,Matched to chain circular/weekly-ad source.,https://duckduckgo.com/?q=%22PIONEER%20SUPERMARKET%22%20%2211220%22%20%28%22weekly%20ad%22%20OR%20circular%20OR%20flyer%20OR%20specials%29
766100,QING XIN GROCERY,11220,,ZIP-targeted web search (manual verify),https://duckduckgo.com/?q=%22QING%20XIN%20GROCERY%22%20%2211220%22%20%28%22weekly%20ad%22%20OR%20circular%20OR%20flyer%20OR%20specials%29,advertised,,,,,,,,,,"Second-pass ZIP-targeted search URL. Open link, verify official store ad/circular, then replace with confirmed source URL.",https://duckduckgo.com/?q=%22QING%20XIN%20GROCERY%22%20%2211220%22%20%28%22weekly%20ad%22%20OR%20circular%20OR%20flyer%20OR%20specials%29
710063,SHAN SHAN GROCERY,11220,,ZIP-targeted web search (manual verify),https://duckduckgo.com/?q=%22SHAN%20SHAN%20GROCERY%22%20%2211220%22%20%28%22weekly%20ad%22%20OR%20circular%20OR%20flyer%20OR%20specials%29,advertised,,,,,,,,,,"Second-pass ZIP-targeted search URL. Open link, verify official store ad/circular, then replace with confirmed source URL.",https://duckduckgo.com/?q=%22SHAN%20SHAN%20GROCERY%22%20%2211220%22%20%28%22weekly%20ad%22%20OR%20circular%20OR%20flyer%20OR%20specials%29
733118,SUNNY STAR GROCERY,11220,,ZIP-targeted web search (manual verify),https://duckduckgo.com/?q=%22SUNNY%20STAR%20GROCERY%22%20%2211220%22%20%28%22weekly%20ad%22%20OR%20circular%20OR%20flyer%20OR%20specials%29,advertised,,,,,,,,,,"Second-pass ZIP-targeted search URL. Open link, verify official store ad/circular, then replace with confirmed source URL.",https://duckduckgo.com/?q=%22SUNNY%20STAR%20GROCERY%22%20%2211220%22%20%28%22weekly%20ad%22%20OR%20circular%20OR%20flyer%20OR%20specials%29
724631,SUNRISE GROCERY,11220,,ZIP-targeted web search (manual verify),https://duckduckgo.com/?q=%22SUNRISE%20GROCERY%22%20%2211220%22%20%28%22weekly%20ad%22%20OR%20circular%20OR%20flyer%20OR%20specials%29,advertised,,,,,,,,,,"Second-pass ZIP-targeted search URL. Open link, verify official store ad/circular, then replace with confirmed source URL.",https://duckduckgo.com/?q=%22SUNRISE%20GROCERY%22%20%2211220%22%20%28%22weekly%20ad%22%20OR%20circular%20OR%20flyer%20OR%20specials%29
614234,SUPER FRESH SUPERMARKET,11220,2026-05-23,SuperFresh Weekly Sale,https://www.superfreshsupermarket.com/weekly-sale,advertised,,,,,,,,,,Matched to chain circular/weekly-ad source.,https://duckduckgo.com/?q=%22SUPER%20FRESH%20SUPERMARKET%22%20%2211220%22%20%28%22weekly%20ad%22%20OR%20circular%20OR%20flyer%20OR%20specials%29
752914,SUPERMARKET LAS GARDENIAS,11220,,ZIP-targeted web search (manual verify),https://duckduckgo.com/?q=%22SUPERMARKET%20LAS%20GARDENIAS%22%20%2211220%22%20%28%22weekly%20ad%22%20OR%20circular%20OR%20flyer%20OR%20specials%29,advertised,,,,,,,,,,"Second-pass ZIP-targeted search URL. Open link, verify official store ad/circular, then replace with confirmed source URL.",https://duckduckgo.com/?q=%22SUPERMARKET%20LAS%20GARDENIAS%22%20%2211220%22%20%28%22weekly%20ad%22%20OR%20circular%20OR%20flyer%20OR%20specials%29
736587,SWEET CHELSEA GROCERY,11220,,ZIP-targeted web search (manual verify),https://duckduckgo.com/?q=%22SWEET%20CHELSEA%20GROCERY%22%20%2211220%22%20%28%22weekly%20ad%22%20OR%20circular%20OR%20flyer%20OR%20specials%29,advertised,,,,,,,,,,"Second-pass ZIP-targeted search URL. Open link, verify official store ad/circular, then replace with confirmed source URL.",https://duckduckgo.com/?q=%22SWEET%20CHELSEA%20GROCERY%22%20%2211220%22%20%28%22weekly%20ad%22%20OR%20circular%20OR%20flyer%20OR%20specials%29
763983,VERAS GROCERY,11220,,ZIP-targeted web search (manual verify),https://duckduckgo.com/?q=%22VERAS%20GROCERY%22%20%2211220%22%20%28%22weekly%20ad%22%20OR%20circular%20OR%20flyer%20OR%20specials%29,advertised,,,,,,,,,,"Second-pass ZIP-targeted search URL. Open link, verify official store ad/circular, then replace with confirmed source URL.",https://duckduckgo.com/?q=%22VERAS%20GROCERY%22%20%2211220%22%20%28%22weekly%20ad%22%20OR%20circular%20OR%20flyer%20OR%20specials%29
741283,VICKIES GROCERY,11220,,ZIP-targeted web search (manual verify),https://duckduckgo.com/?q=%22VICKIES%20GROCERY%22%20%2211220%22%20%28%22weekly%20ad%22%20OR%20circular%20OR%20flyer%20OR%20specials%29,advertised,,,,,,,,,,"Second-pass ZIP-targeted search URL. Open link, verify official store ad/circular, then replace with confirmed source URL.",https://duckduckgo.com/?q=%22VICKIES%20GROCERY%22%20%2211220%22%20%28%22weekly%20ad%22%20OR%20circular%20OR%20flyer%20OR%20specials%29
610773,VINCENT LOS GROCERY,11220,,ZIP-targeted web search (manual verify),https://duckduckgo.com/?q=%22VINCENT%20LOS%20GROCERY%22%20%2211220%22%20%28%22weekly%20ad%22%20OR%20circular%20OR%20flyer%20OR%20specials%29,advertised,,,,,,,,,,"Second-pass ZIP-targeted search URL. Open link, verify official store ad/circular, then replace with confirmed source URL.",https://duckduckgo.com/?q=%22VINCENT%20LOS%20GROCERY%22%20%2211220%22%20%28%22weekly%20ad%22%20OR%20circular%20OR%20flyer%20OR%20specials%29
741685,W&Q GROCERY,11220,,ZIP-targeted web search (manual verify),https://duckduckgo.com/?q=%22W%26Q%20GROCERY%22%20%2211220%22%20%28%22weekly%20ad%22%20OR%20circular%20OR%20flyer%20OR%20specials%29,advertised,,,,,,,,,,"Second-pass ZIP-targeted search URL. Open link, verify official store ad/circular, then replace with confirmed source URL.",https://duckduckgo.com/?q=%22W%26Q%20GROCERY%22%20%2211220%22%20%28%22weekly%20ad%22%20OR%20circular%20OR%20flyer%20OR%20specials%29
744181,WAN JIA GROCERY,11220,,ZIP-targeted web search (manual verify),https://duckduckgo.com/?q=%22WAN%20JIA%20GROCERY%22%20%2211220%22%20%28%22weekly%20ad%22%20OR%20circular%20OR%20flyer%20OR%20specials%29,advertised,,,,,,,,,,"Second-pass ZIP-targeted search URL. Open link, verify official store ad/circular, then replace with confirmed source URL.",https://duckduckgo.com/?q=%22WAN%20JIA%20GROCERY%22%20%2211220%22%20%28%22weekly%20ad%22%20OR%20circular%20OR%20flyer%20OR%20specials%29
764575,WANG JIA FU GROCERY,11220,,ZIP-targeted web search (manual verify),https://duckduckgo.com/?q=%22WANG%20JIA%20FU%20GROCERY%22%20%2211220%22%20%28%22weekly%20ad%22%20OR%20circular%20OR%20flyer%20OR%20specials%29,advertised,,,,,,,,,,"Second-pass ZIP-targeted search URL. Open link, verify official store ad/circular, then replace with confirmed source URL.",https://duckduckgo.com/?q=%22WANG%20JIA%20FU%20GROCERY%22%20%2211220%22%20%28%22weekly%20ad%22%20OR%20circular%20OR%20flyer%20OR%20specials%29
762660,WONDER 7TH GROCERY,11220,,ZIP-targeted web search (manual verify),https://duckduckgo.com/?q=%22WONDER%207TH%20GROCERY%22%20%2211220%22%20%28%22weekly%20ad%22%20OR%20circular%20OR%20flyer%20OR%20specials%29,advertised,,,,,,,,,,"Second-pass ZIP-targeted search URL. Open link, verify official store ad/circular, then replace with confirmed source URL.",https://duckduckgo.com/?q=%22WONDER%207TH%20GROCERY%22%20%2211220%22%20%28%22weekly%20ad%22%20OR%20circular%20OR%20flyer%20OR%20specials%29
723391,XIANGFU GROCERY,11220,,ZIP-targeted web search (manual verify),https://duckduckgo.com/?q=%22XIANGFU%20GROCERY%22%20%2211220%22%20%28%22weekly%20ad%22%20OR%20circular%20OR%20flyer%20OR%20specials%29,advertised,,,,,,,,,,"Second-pass ZIP-targeted search URL. Open link, verify official store ad/circular, then replace with confirmed source URL.",https://duckduckgo.com/?q=%22XIANGFU%20GROCERY%22%20%2211220%22%20%28%22weekly%20ad%22%20OR%20circular%20OR%20flyer%20OR%20specials%29
737674,YI JIE SHA GROCERY,11220,,ZIP-targeted web search (manual verify),https://duckduckgo.com/?q=%22YI%20JIE%20SHA%20GROCERY%22%20%2211220%22%20%28%22weekly%20ad%22%20OR%20circular%20OR%20flyer%20OR%20specials%29,advertised,,,,,,,,,,"Second-pass ZIP-targeted search URL. Open link, verify official store ad/circular, then replace with confirmed source URL.",https://duckduckgo.com/?q=%22YI%20JIE%20SHA%20GROCERY%22%20%2211220%22%20%28%22weekly%20ad%22%20OR%20circular%20OR%20flyer%20OR%20specials%29
746359,ZHANG GROCERY,11220,,ZIP-targeted web search (manual verify),https://duckduckgo.com/?q=%22ZHANG%20GROCERY%22%20%2211220%22%20%28%22weekly%20ad%22%20OR%20circular%20OR%20flyer%20OR%20specials%29,advertised,,,,,,,,,,"Second-pass ZIP-targeted search URL. Open link, verify official store ad/circular, then replace with confirmed source URL.",https://duckduckgo.com/?q=%22ZHANG%20GROCERY%22%20%2211220%22%20%28%22weekly%20ad%22%20OR%20circular%20OR%20flyer%20OR%20specials%29
751856,ASSOCIATED MARKET PLACE,11221,2026-05-23,Associated Supermarkets Weekly Ad,https://www.yapik.com/us/associated-supermarkets/weekly-ad,advertised,,,,,,,,,,Matched to third-party weekly-ad index for this chain; verify store-specific ad before final use.,https://duckduckgo.com/?q=%22ASSOCIATED%20MARKET%20PLACE%22%20%2211221%22%20%28%22weekly%20ad%22%20OR%20circular%20OR%20flyer%20OR%20specials%29
710932,E. L. PUTNAM GROCERY,11221,,ZIP-targeted web search (manual verify),https://duckduckgo.com/?q=%22E.%20L.%20PUTNAM%20GROCERY%22%20%2211221%22%20%28%22weekly%20ad%22%20OR%20circular%20OR%20flyer%20OR%20specials%29,advertised,,,,,,,,,,"Second-pass ZIP-targeted search URL. Open link, verify official store ad/circular, then replace with confirmed source URL.",https://duckduckgo.com/?q=%22E.%20L.%20PUTNAM%20GROCERY%22%20%2211221%22%20%28%22weekly%20ad%22%20OR%20circular%20OR%20flyer%20OR%20specials%29
731242,FIRST STOP GROCERY #3,11221,,ZIP-targeted web search (manual verify),https://duckduckgo.com/?q=%22FIRST%20STOP%20GROCERY%20%233%22%20%2211221%22%20%28%22weekly%20ad%22%20OR%20circular%20OR%20flyer%20OR%20specials%29,advertised,,,,,,,,,,"Second-pass ZIP-targeted search URL. Open link, verify official store ad/circular, then replace with confirmed source URL.",https://duckduckgo.com/?q=%22FIRST%20STOP%20GROCERY%20%233%22%20%2211221%22%20%28%22weekly%20ad%22%20OR%20circular%20OR%20flyer%20OR%20specials%29
763754,GUTIERREZ GROCERY,11221,,ZIP-targeted web search (manual verify),https://duckduckgo.com/?q=%22GUTIERREZ%20GROCERY%22%20%2211221%22%20%28%22weekly%20ad%22%20OR%20circular%20OR%20flyer%20OR%20specials%29,advertised,,,,,,,,,,"Second-pass ZIP-targeted search URL. Open link, verify official store ad/circular, then replace with confirmed source URL.",https://duckduckgo.com/?q=%22GUTIERREZ%20GROCERY%22%20%2211221%22%20%28%22weekly%20ad%22%20OR%20circular%20OR%20flyer%20OR%20specials%29
614067,HAUTER GROCERY STORE,11221,,ZIP-targeted web search (manual verify),https://duckduckgo.com/?q=%22HAUTER%20GROCERY%20STORE%22%20%2211221%22%20%28%22weekly%20ad%22%20OR%20circular%20OR%20flyer%20OR%20specials%29,advertised,,,,,,,,,,"Second-pass ZIP-targeted search URL. Open link, verify official store ad/circular, then replace with confirmed source URL.",https://duckduckgo.com/?q=%22HAUTER%20GROCERY%20STORE%22%20%2211221%22%20%28%22weekly%20ad%22%20OR%20circular%20OR%20flyer%20OR%20specials%29
618201,JM GROCERY STORE,11221,,ZIP-targeted web search (manual verify),https://duckduckgo.com/?q=%22JM%20GROCERY%20STORE%22%20%2211221%22%20%28%22weekly%20ad%22%20OR%20circular%20OR%20flyer%20OR%20specials%29,advertised,,,,,,,,,,"Second-pass ZIP-targeted search URL. Open link, verify official store ad/circular, then replace with confirmed source URL.",https://duckduckgo.com/?q=%22JM%20GROCERY%20STORE%22%20%2211221%22%20%28%22weekly%20ad%22%20OR%20circular%20OR%20flyer%20OR%20specials%29
610113,KEY FOOD,11221,2026-05-23,Key Food / Food Universe Flyers,https://www.keyfood.com/flyers,advertised,,,,,,,,,,Matched to chain circular/weekly-ad source.,https://duckduckgo.com/?q=%22KEY%20FOOD%22%20%2211221%22%20%28%22weekly%20ad%22%20OR%20circular%20OR%20flyer%20OR%20specials%29
614387,KEY FOOD 1206,11221,2026-05-23,Key Food / Food Universe Flyers,https://www.keyfood.com/flyers,advertised,,,,,,,,,,Matched to chain circular/weekly-ad source.,https://duckduckgo.com/?q=%22KEY%20FOOD%201206%22%20%2211221%22%20%28%22weekly%20ad%22%20OR%20circular%20OR%20flyer%20OR%20specials%29
715255,MILAGRO GROCERY,11221,,ZIP-targeted web search (manual verify),https://duckduckgo.com/?q=%22MILAGRO%20GROCERY%22%20%2211221%22%20%28%22weekly%20ad%22%20OR%20circular%20OR%20flyer%20OR%20specials%29,advertised,,,,,,,,,,"Second-pass ZIP-targeted search URL. Open link, verify official store ad/circular, then replace with confirmed source URL.",https://duckduckgo.com/?q=%22MILAGRO%20GROCERY%22%20%2211221%22%20%28%22weekly%20ad%22%20OR%20circular%20OR%20flyer%20OR%20specials%29
610835,NOVATOS GROCERY,11221,,ZIP-targeted web search (manual verify),https://duckduckgo.com/?q=%22NOVATOS%20GROCERY%22%20%2211221%22%20%28%22weekly%20ad%22%20OR%20circular%20OR%20flyer%20OR%20specials%29,advertised,,,,,,,,,,"Second-pass ZIP-targeted search URL. Open link, verify official store ad/circular, then replace with confirmed source URL.",https://duckduckgo.com/?q=%22NOVATOS%20GROCERY%22%20%2211221%22%20%28%22weekly%20ad%22%20OR%20circular%20OR%20flyer%20OR%20specials%29
758222,SCARLETT GROCERY,11221,,ZIP-targeted web search (manual verify),https://duckduckgo.com/?q=%22SCARLETT%20GROCERY%22%20%2211221%22%20%28%22weekly%20ad%22%20OR%20circular%20OR%20flyer%20OR%20specials%29,advertised,,,,,,,,,,"Second-pass ZIP-targeted search URL. Open link, verify official store ad/circular, then replace with confirmed source URL.",https://duckduckgo.com/?q=%22SCARLETT%20GROCERY%22%20%2211221%22%20%28%22weekly%20ad%22%20OR%20circular%20OR%20flyer%20OR%20specials%29
617007,VARIETY CENTER&GROCERY,11221,,ZIP-targeted web search (manual verify),https://duckduckgo.com/?q=%22VARIETY%20CENTER%26GROCERY%22%20%2211221%22%20%28%22weekly%20ad%22%20OR%20circular%20OR%20flyer%20OR%20specials%29,advertised,,,,,,,,,,"Second-pass ZIP-targeted search URL. Open link, verify official store ad/circular, then replace with confirmed source URL.",https://duckduckgo.com/?q=%22VARIETY%20CENTER%26GROCERY%22%20%2211221%22%20%28%22weekly%20ad%22%20OR%20circular%20OR%20flyer%20OR%20specials%29
613450,ASSOCIATED 831,11222,2026-05-23,Associated Supermarkets Weekly Ad,https://www.yapik.com/us/associated-supermarkets/weekly-ad,advertised,,,,,,,,,,Matched to third-party weekly-ad index for this chain; verify store-specific ad before final use.,https://duckduckgo.com/?q=%22ASSOCIATED%20831%22%20%2211222%22%20%28%22weekly%20ad%22%20OR%20circular%20OR%20flyer%20OR%20specials%29
616705,C TOWN SUPERMARKET,11222,2026-05-23,CTown Weekly Ad,https://www.ctownsupermarkets.com/Weekly-Ad,advertised,,,,,,,,,,Matched to chain circular/weekly-ad source.,https://duckduckgo.com/?q=%22C%20TOWN%20SUPERMARKET%22%20%2211222%22%20%28%22weekly%20ad%22%20OR%20circular%20OR%20flyer%20OR%20specials%29
610640,KEY FOOD 17,11222,2026-05-23,Key Food / Food Universe Flyers,https://www.keyfood.com/flyers,advertised,,,,,,,,,,Matched to chain circular/weekly-ad source.,https://duckduckgo.com/?q=%22KEY%20FOOD%2017%22%20%2211222%22%20%28%22weekly%20ad%22%20OR%20circular%20OR%20flyer%20OR%20specials%29
613094,AKIVA GROCERY,11223,,ZIP-targeted web search (manual verify),https://duckduckgo.com/?q=%22AKIVA%20GROCERY%22%20%2211223%22%20%28%22weekly%20ad%22%20OR%20circular%20OR%20flyer%20OR%20specials%29,advertised,,,,,,,,,,"Second-pass ZIP-targeted search URL. Open link, verify official store ad/circular, then replace with confirmed source URL.",https://duckduckgo.com/?q=%22AKIVA%20GROCERY%22%20%2211223%22%20%28%22weekly%20ad%22%20OR%20circular%20OR%20flyer%20OR%20specials%29
616685,ASSOCIATED,11223,2026-05-23,Associated Supermarkets Weekly Ad,https://www.yapik.com/us/associated-supermarkets/weekly-ad,advertised,,,,,,,,,,Matched to third-party weekly-ad index for this chain; verify store-specific ad before final use.,https://duckduckgo.com/?q=%22ASSOCIATED%22%20%2211223%22%20%28%22weekly%20ad%22%20OR%20circular%20OR%20flyer%20OR%20specials%29
708936,D&Y GROCERY,11223,,ZIP-targeted web search (manual verify),https://duckduckgo.com/?q=%22D%26Y%20GROCERY%22%20%2211223%22%20%28%22weekly%20ad%22%20OR%20circular%20OR%20flyer%20OR%20specials%29,advertised,,,,,,,,,,"Second-pass ZIP-targeted search URL. Open link, verify official store ad/circular, then replace with confirmed source URL.",https://duckduckgo.com/?q=%22D%26Y%20GROCERY%22%20%2211223%22%20%28%22weekly%20ad%22%20OR%20circular%20OR%20flyer%20OR%20specials%29
733791,FOODTOWN SUPERMARKET,11223,2026-05-23,Foodtown Weekly Circular,https://www.foodtown.com/,advertised,,,,,,,,,,Matched to chain circular/weekly-ad source.,https://duckduckgo.com/?q=%22FOODTOWN%20SUPERMARKET%22%20%2211223%22%20%28%22weekly%20ad%22%20OR%20circular%20OR%20flyer%20OR%20specials%29
748191,GOOD LUCK GROCERY STORE,11223,,ZIP-targeted web search (manual verify),https://duckduckgo.com/?q=%22GOOD%20LUCK%20GROCERY%20STORE%22%20%2211223%22%20%28%22weekly%20ad%22%20OR%20circular%20OR%20flyer%20OR%20specials%29,advertised,,,,,,,,,,"Second-pass ZIP-targeted search URL. Open link, verify official store ad/circular, then replace with confirmed source URL.",https://duckduckgo.com/?q=%22GOOD%20LUCK%20GROCERY%20STORE%22%20%2211223%22%20%28%22weekly%20ad%22%20OR%20circular%20OR%20flyer%20OR%20specials%29
670753,H&I GROCERY,11223,,ZIP-targeted web search (manual verify),https://duckduckgo.com/?q=%22H%26I%20GROCERY%22%20%2211223%22%20%28%22weekly%20ad%22%20OR%20circular%20OR%20flyer%20OR%20specials%29,advertised,,,,,,,,,,"Second-pass ZIP-targeted search URL. Open link, verify official store ad/circular, then replace with confirmed source URL.",https://duckduckgo.com/?q=%22H%26I%20GROCERY%22%20%2211223%22%20%28%22weekly%20ad%22%20OR%20circular%20OR%20flyer%20OR%20specials%29
611124,KEY FOOD,11223,2026-05-23,Key Food / Food Universe Flyers,https://www.keyfood.com/flyers,advertised,,,,,,,,,,Matched to chain circular/weekly-ad source.,https://duckduckgo.com/?q=%22KEY%20FOOD%22%20%2211223%22%20%28%22weekly%20ad%22%20OR%20circular%20OR%20flyer%20OR%20specials%29
619500,KEY FOOD 1588,11223,2026-05-23,Key Food / Food Universe Flyers,https://www.keyfood.com/flyers,advertised,,,,,,,,,,Matched to chain circular/weekly-ad source.,https://duckduckgo.com/?q=%22KEY%20FOOD%201588%22%20%2211223%22%20%28%22weekly%20ad%22%20OR%20circular%20OR%20flyer%20OR%20specials%29
738006,KINGS EXPRESS GROCERY,11223,,ZIP-targeted web search (manual verify),https://duckduckgo.com/?q=%22KINGS%20EXPRESS%20GROCERY%22%20%2211223%22%20%28%22weekly%20ad%22%20OR%20circular%20OR%20flyer%20OR%20specials%29,advertised,,,,,,,,,,"Second-pass ZIP-targeted search URL. Open link, verify official store ad/circular, then replace with confirmed source URL.",https://duckduckgo.com/?q=%22KINGS%20EXPRESS%20GROCERY%22%20%2211223%22%20%28%22weekly%20ad%22%20OR%20circular%20OR%20flyer%20OR%20specials%29
670689,SHALOM GROCERY,11223,,ZIP-targeted web search (manual verify),https://duckduckgo.com/?q=%22SHALOM%20GROCERY%22%20%2211223%22%20%28%22weekly%20ad%22%20OR%20circular%20OR%20flyer%20OR%20specials%29,advertised,,,,,,,,,,"Second-pass ZIP-targeted search URL. Open link, verify official store ad/circular, then replace with confirmed source URL.",https://duckduckgo.com/?q=%22SHALOM%20GROCERY%22%20%2211223%22%20%28%22weekly%20ad%22%20OR%20circular%20OR%20flyer%20OR%20specials%29
730734,SHENGTAI JIAYUAN GROCERY STORE,11223,,ZIP-targeted web search (manual verify),https://duckduckgo.com/?q=%22SHENGTAI%20JIAYUAN%20GROCERY%20STORE%22%20%2211223%22%20%28%22weekly%20ad%22%20OR%20circular%20OR%20flyer%20OR%20specials%29,advertised,,,,,,,,,,"Second-pass ZIP-targeted search URL. Open link, verify official store ad/circular, then replace with confirmed source URL.",https://duckduckgo.com/?q=%22SHENGTAI%20JIAYUAN%20GROCERY%20STORE%22%20%2211223%22%20%28%22weekly%20ad%22%20OR%20circular%20OR%20flyer%20OR%20specials%29
610605,U FINE GROCERY,11223,,ZIP-targeted web search (manual verify),https://duckduckgo.com/?q=%22U%20FINE%20GROCERY%22%20%2211223%22%20%28%22weekly%20ad%22%20OR%20circular%20OR%20flyer%20OR%20specials%29,advertised,,,,,,,,,,"Second-pass ZIP-targeted search URL. Open link, verify official store ad/circular, then replace with confirmed source URL.",https://duckduckgo.com/?q=%22U%20FINE%20GROCERY%22%20%2211223%22%20%28%22weekly%20ad%22%20OR%20circular%20OR%20flyer%20OR%20specials%29
725941,WEST 10 GROCERY,11223,,ZIP-targeted web search (manual verify),https://duckduckgo.com/?q=%22WEST%2010%20GROCERY%22%20%2211223%22%20%28%22weekly%20ad%22%20OR%20circular%20OR%20flyer%20OR%20specials%29,advertised,,,,,,,,,,"Second-pass ZIP-targeted search URL. Open link, verify official store ad/circular, then replace with confirmed source URL.",https://duckduckgo.com/?q=%22WEST%2010%20GROCERY%22%20%2211223%22%20%28%22weekly%20ad%22%20OR%20circular%20OR%20flyer%20OR%20specials%29
619799,A AND T GROCERY,11224,,ZIP-targeted web search (manual verify),https://duckduckgo.com/?q=%22A%20AND%20T%20GROCERY%22%20%2211224%22%20%28%22weekly%20ad%22%20OR%20circular%20OR%20flyer%20OR%20specials%29,advertised,,,,,,,,,,"Second-pass ZIP-targeted search URL. Open link, verify official store ad/circular, then replace with confirmed source URL.",https://duckduckgo.com/?q=%22A%20AND%20T%20GROCERY%22%20%2211224%22%20%28%22weekly%20ad%22%20OR%20circular%20OR%20flyer%20OR%20specials%29
709123,KEY FOOD,11224,2026-05-23,Key Food / Food Universe Flyers,https://www.keyfood.com/flyers,advertised,,,,,,,,,,Matched to chain circular/weekly-ad source.,https://duckduckgo.com/?q=%22KEY%20FOOD%22%20%2211224%22%20%28%22weekly%20ad%22%20OR%20circular%20OR%20flyer%20OR%20specials%29
614312,KEY FOOD 1280,11224,2026-05-23,Key Food / Food Universe Flyers,https://www.keyfood.com/flyers,advertised,,,,,,,,,,Matched to chain circular/weekly-ad source.,https://duckduckgo.com/?q=%22KEY%20FOOD%201280%22%20%2211224%22%20%28%22weekly%20ad%22%20OR%20circular%20OR%20flyer%20OR%20specials%29
752689,LQA GROCERY,11224,,ZIP-targeted web search (manual verify),https://duckduckgo.com/?q=%22LQA%20GROCERY%22%20%2211224%22%20%28%22weekly%20ad%22%20OR%20circular%20OR%20flyer%20OR%20specials%29,advertised,,,,,,,,,,"Second-pass ZIP-targeted search URL. Open link, verify official store ad/circular, then replace with confirmed source URL.",https://duckduckgo.com/?q=%22LQA%20GROCERY%22%20%2211224%22%20%28%22weekly%20ad%22%20OR%20circular%20OR%20flyer%20OR%20specials%29
745133,NETCOST MARKET,11224,2026-05-23,NetCost Store Site,https://www.netcostmarket.com/,advertised,,,,,,,,,,Matched to chain circular/weekly-ad source.,https://duckduckgo.com/?q=%22NETCOST%20MARKET%22%20%2211224%22%20%28%22weekly%20ad%22%20OR%20circular%20OR%20flyer%20OR%20specials%29
721891,AFFIA MEAT & GROCERY,11225,,ZIP-targeted web search (manual verify),https://duckduckgo.com/?q=%22AFFIA%20MEAT%20%26%20GROCERY%22%20%2211225%22%20%28%22weekly%20ad%22%20OR%20circular%20OR%20flyer%20OR%20specials%29,advertised,,,,,,,,,,"Second-pass ZIP-targeted search URL. Open link, verify official store ad/circular, then replace with confirmed source URL.",https://duckduckgo.com/?q=%22AFFIA%20MEAT%20%26%20GROCERY%22%20%2211225%22%20%28%22weekly%20ad%22%20OR%20circular%20OR%20flyer%20OR%20specials%29
742465,ASSOCIATED SUPERMARKET,11225,2026-05-23,Associated Supermarkets Weekly Ad,https://www.yapik.com/us/associated-supermarkets/weekly-ad,advertised,,,,,,,,,,Matched to third-party weekly-ad index for this chain; verify store-specific ad before final use.,https://duckduckgo.com/?q=%22ASSOCIATED%20SUPERMARKET%22%20%2211225%22%20%28%22weekly%20ad%22%20OR%20circular%20OR%20flyer%20OR%20specials%29
615851,FOODTOWN OF CROWN HEIGHTS,11225,2026-05-23,Foodtown Weekly Circular,https://www.foodtown.com/,advertised,,,,,,,,,,Matched to chain circular/weekly-ad source.,https://duckduckgo.com/?q=%22FOODTOWN%20OF%20CROWN%20HEIGHTS%22%20%2211225%22%20%28%22weekly%20ad%22%20OR%20circular%20OR%20flyer%20OR%20specials%29
614242,KEY FOOD,11225,2026-05-23,Key Food / Food Universe Flyers,https://www.keyfood.com/flyers,advertised,,,,,,,,,,Matched to chain circular/weekly-ad source.,https://duckduckgo.com/?q=%22KEY%20FOOD%22%20%2211225%22%20%28%22weekly%20ad%22%20OR%20circular%20OR%20flyer%20OR%20specials%29
613583,KLEINS GROCERY,11225,,ZIP-targeted web search (manual verify),https://duckduckgo.com/?q=%22KLEINS%20GROCERY%22%20%2211225%22%20%28%22weekly%20ad%22%20OR%20circular%20OR%20flyer%20OR%20specials%29,advertised,,,,,,,,,,"Second-pass ZIP-targeted search URL. Open link, verify official store ad/circular, then replace with confirmed source URL.",https://duckduckgo.com/?q=%22KLEINS%20GROCERY%22%20%2211225%22%20%28%22weekly%20ad%22%20OR%20circular%20OR%20flyer%20OR%20specials%29
612104,KOL TUV GROCERY,11225,,ZIP-targeted web search (manual verify),https://duckduckgo.com/?q=%22KOL%20TUV%20GROCERY%22%20%2211225%22%20%28%22weekly%20ad%22%20OR%20circular%20OR%20flyer%20OR%20specials%29,advertised,,,,,,,,,,"Second-pass ZIP-targeted search URL. Open link, verify official store ad/circular, then replace with confirmed source URL.",https://duckduckgo.com/?q=%22KOL%20TUV%20GROCERY%22%20%2211225%22%20%28%22weekly%20ad%22%20OR%20circular%20OR%20flyer%20OR%20specials%29
746185,MB BROOKLYN GROCERY,11225,,ZIP-targeted web search (manual verify),https://duckduckgo.com/?q=%22MB%20BROOKLYN%20GROCERY%22%20%2211225%22%20%28%22weekly%20ad%22%20OR%20circular%20OR%20flyer%20OR%20specials%29,advertised,,,,,,,,,,"Second-pass ZIP-targeted search URL. Open link, verify official store ad/circular, then replace with confirmed source URL.",https://duckduckgo.com/?q=%22MB%20BROOKLYN%20GROCERY%22%20%2211225%22%20%28%22weekly%20ad%22%20OR%20circular%20OR%20flyer%20OR%20specials%29
761100,MIDWOOD GROCERY,11225,,ZIP-targeted web search (manual verify),https://duckduckgo.com/?q=%22MIDWOOD%20GROCERY%22%20%2211225%22%20%28%22weekly%20ad%22%20OR%20circular%20OR%20flyer%20OR%20specials%29,advertised,,,,,,,,,,"Second-pass ZIP-targeted search URL. Open link, verify official store ad/circular, then replace with confirmed source URL.",https://duckduckgo.com/?q=%22MIDWOOD%20GROCERY%22%20%2211225%22%20%28%22weekly%20ad%22%20OR%20circular%20OR%20flyer%20OR%20specials%29
752001,SABANETA 046 GROCERY,11225,,ZIP-targeted web search (manual verify),https://duckduckgo.com/?q=%22SABANETA%20046%20GROCERY%22%20%2211225%22%20%28%22weekly%20ad%22%20OR%20circular%20OR%20flyer%20OR%20specials%29,advertised,,,,,,,,,,"Second-pass ZIP-targeted search URL. Open link, verify official store ad/circular, then replace with confirmed source URL.",https://duckduckgo.com/?q=%22SABANETA%20046%20GROCERY%22%20%2211225%22%20%28%22weekly%20ad%22%20OR%20circular%20OR%20flyer%20OR%20specials%29
751386,SAM DO SUPERMARKET,11225,,ZIP-targeted web search (manual verify),https://duckduckgo.com/?q=%22SAM%20DO%20SUPERMARKET%22%20%2211225%22%20%28%22weekly%20ad%22%20OR%20circular%20OR%20flyer%20OR%20specials%29,advertised,,,,,,,,,,"Second-pass ZIP-targeted search URL. Open link, verify official store ad/circular, then replace with confirmed source URL.",https://duckduckgo.com/?q=%22SAM%20DO%20SUPERMARKET%22%20%2211225%22%20%28%22weekly%20ad%22%20OR%20circular%20OR%20flyer%20OR%20specials%29
763223,A TOWN SUPERMARKET,11226,,ZIP-targeted web search (manual verify),https://duckduckgo.com/?q=%22A%20TOWN%20SUPERMARKET%22%20%2211226%22%20%28%22weekly%20ad%22%20OR%20circular%20OR%20flyer%20OR%20specials%29,advertised,,,,,,,,,,"Second-pass ZIP-targeted search URL. Open link, verify official store ad/circular, then replace with confirmed source URL.",https://duckduckgo.com/?q=%22A%20TOWN%20SUPERMARKET%22%20%2211226%22%20%28%22weekly%20ad%22%20OR%20circular%20OR%20flyer%20OR%20specials%29
619696,ASSOCIATED,11226,2026-05-23,Associated Supermarkets Weekly Ad,https://www.yapik.com/us/associated-supermarkets/weekly-ad,advertised,,,,,,,,,,Matched to third-party weekly-ad index for this chain; verify store-specific ad before final use.,https://duckduckgo.com/?q=%22ASSOCIATED%22%20%2211226%22%20%28%22weekly%20ad%22%20OR%20circular%20OR%20flyer%20OR%20specials%29
752281,CAROLIN GROCERY,11226,,ZIP-targeted web search (manual verify),https://duckduckgo.com/?q=%22CAROLIN%20GROCERY%22%20%2211226%22%20%28%22weekly%20ad%22%20OR%20circular%20OR%20flyer%20OR%20specials%29,advertised,,,,,,,,,,"Second-pass ZIP-targeted search URL. Open link, verify official store ad/circular, then replace with confirmed source URL.",https://duckduckgo.com/?q=%22CAROLIN%20GROCERY%22%20%2211226%22%20%28%22weekly%20ad%22%20OR%20circular%20OR%20flyer%20OR%20specials%29
612297,ESTEFANY GROCERY STORE,11226,,ZIP-targeted web search (manual verify),https://duckduckgo.com/?q=%22ESTEFANY%20GROCERY%20STORE%22%20%2211226%22%20%28%22weekly%20ad%22%20OR%20circular%20OR%20flyer%20OR%20specials%29,advertised,,,,,,,,,,"Second-pass ZIP-targeted search URL. Open link, verify official store ad/circular, then replace with confirmed source URL.",https://duckduckgo.com/?q=%22ESTEFANY%20GROCERY%20STORE%22%20%2211226%22%20%28%22weekly%20ad%22%20OR%20circular%20OR%20flyer%20OR%20specials%29
763752,F&S GROCERY DISCOUNT,11226,,ZIP-targeted web search (manual verify),https://duckduckgo.com/?q=%22F%26S%20GROCERY%20DISCOUNT%22%20%2211226%22%20%28%22weekly%20ad%22%20OR%20circular%20OR%20flyer%20OR%20specials%29,advertised,,,,,,,,,,"Second-pass ZIP-targeted search URL. Open link, verify official store ad/circular, then replace with confirmed source URL.",https://duckduckgo.com/?q=%22F%26S%20GROCERY%20DISCOUNT%22%20%2211226%22%20%28%22weekly%20ad%22%20OR%20circular%20OR%20flyer%20OR%20specials%29
618740,FLATBUSH GROCERY STORE,11226,,ZIP-targeted web search (manual verify),https://duckduckgo.com/?q=%22FLATBUSH%20GROCERY%20STORE%22%20%2211226%22%20%28%22weekly%20ad%22%20OR%20circular%20OR%20flyer%20OR%20specials%29,advertised,,,,,,,,,,"Second-pass ZIP-targeted search URL. Open link, verify official store ad/circular, then replace with confirmed source URL.",https://duckduckgo.com/?q=%22FLATBUSH%20GROCERY%20STORE%22%20%2211226%22%20%28%22weekly%20ad%22%20OR%20circular%20OR%20flyer%20OR%20specials%29
755995,FOOD BAZAAR SUPERMARKET,11226,2026-05-23,Food Bazaar Weekly Ad,https://www.foodbazaar.com/weekly-ad/,advertised,,,,,,,,,,Matched to chain circular/weekly-ad source.,https://duckduckgo.com/?q=%22FOOD%20BAZAAR%20SUPERMARKET%22%20%2211226%22%20%28%22weekly%20ad%22%20OR%20circular%20OR%20flyer%20OR%20specials%29
610820,GRUPO MEX GROCERY,11226,,ZIP-targeted web search (manual verify),https://duckduckgo.com/?q=%22GRUPO%20MEX%20GROCERY%22%20%2211226%22%20%28%22weekly%20ad%22%20OR%20circular%20OR%20flyer%20OR%20specials%29,advertised,,,,,,,,,,"Second-pass ZIP-targeted search URL. Open link, verify official store ad/circular, then replace with confirmed source URL.",https://duckduckgo.com/?q=%22GRUPO%20MEX%20GROCERY%22%20%2211226%22%20%28%22weekly%20ad%22%20OR%20circular%20OR%20flyer%20OR%20specials%29
766965,KEY FOOD,11226,2026-05-23,Key Food / Food Universe Flyers,https://www.keyfood.com/flyers,advertised,,,,,,,,,,Matched to chain circular/weekly-ad source.,https://duckduckgo.com/?q=%22KEY%20FOOD%22%20%2211226%22%20%28%22weekly%20ad%22%20OR%20circular%20OR%20flyer%20OR%20specials%29
611526,KEY FOOD 1260,11226,2026-05-23,Key Food / Food Universe Flyers,https://www.keyfood.com/flyers,advertised,,,,,,,,,,Matched to chain circular/weekly-ad source.,https://duckduckgo.com/?q=%22KEY%20FOOD%201260%22%20%2211226%22%20%28%22weekly%20ad%22%20OR%20circular%20OR%20flyer%20OR%20specials%29
702252,LAM WEST INDIAN GROCERY,11226,,ZIP-targeted web search (manual verify),https://duckduckgo.com/?q=%22LAM%20WEST%20INDIAN%20GROCERY%22%20%2211226%22%20%28%22weekly%20ad%22%20OR%20circular%20OR%20flyer%20OR%20specials%29,advertised,,,,,,,,,,"Second-pass ZIP-targeted search URL. Open link, verify official store ad/circular, then replace with confirmed source URL.",https://duckduckgo.com/?q=%22LAM%20WEST%20INDIAN%20GROCERY%22%20%2211226%22%20%28%22weekly%20ad%22%20OR%20circular%20OR%20flyer%20OR%20specials%29
702013,LOS JASMINES GROCERY STORE,11226,,ZIP-targeted web search (manual verify),https://duckduckgo.com/?q=%22LOS%20JASMINES%20GROCERY%20STORE%22%20%2211226%22%20%28%22weekly%20ad%22%20OR%20circular%20OR%20flyer%20OR%20specials%29,advertised,,,,,,,,,,"Second-pass ZIP-targeted search URL. Open link, verify official store ad/circular, then replace with confirmed source URL.",https://duckduckgo.com/?q=%22LOS%20JASMINES%20GROCERY%20STORE%22%20%2211226%22%20%28%22weekly%20ad%22%20OR%20circular%20OR%20flyer%20OR%20specials%29
744756,M & M GROCERY,11226,,ZIP-targeted web search (manual verify),https://duckduckgo.com/?q=%22M%20%26%20M%20GROCERY%22%20%2211226%22%20%28%22weekly%20ad%22%20OR%20circular%20OR%20flyer%20OR%20specials%29,advertised,,,,,,,,,,"Second-pass ZIP-targeted search URL. Open link, verify official store ad/circular, then replace with confirmed source URL.",https://duckduckgo.com/?q=%22M%20%26%20M%20GROCERY%22%20%2211226%22%20%28%22weekly%20ad%22%20OR%20circular%20OR%20flyer%20OR%20specials%29
755475,NEW EVELINA GROCERY,11226,,ZIP-targeted web search (manual verify),https://duckduckgo.com/?q=%22NEW%20EVELINA%20GROCERY%22%20%2211226%22%20%28%22weekly%20ad%22%20OR%20circular%20OR%20flyer%20OR%20specials%29,advertised,,,,,,,,,,"Second-pass ZIP-targeted search URL. Open link, verify official store ad/circular, then replace with confirmed source URL.",https://duckduckgo.com/?q=%22NEW%20EVELINA%20GROCERY%22%20%2211226%22%20%28%22weekly%20ad%22%20OR%20circular%20OR%20flyer%20OR%20specials%29
617473,NEW MILLENNIUM GROCERY,11226,,ZIP-targeted web search (manual verify),https://duckduckgo.com/?q=%22NEW%20MILLENNIUM%20GROCERY%22%20%2211226%22%20%28%22weekly%20ad%22%20OR%20circular%20OR%20flyer%20OR%20specials%29,advertised,,,,,,,,,,"Second-pass ZIP-targeted search URL. Open link, verify official store ad/circular, then replace with confirmed source URL.",https://duckduckgo.com/?q=%22NEW%20MILLENNIUM%20GROCERY%22%20%2211226%22%20%28%22weekly%20ad%22%20OR%20circular%20OR%20flyer%20OR%20specials%29
672078,PLAZA FRUIT & GROCERY,11226,,ZIP-targeted web search (manual verify),https://duckduckgo.com/?q=%22PLAZA%20FRUIT%20%26%20GROCERY%22%20%2211226%22%20%28%22weekly%20ad%22%20OR%20circular%20OR%20flyer%20OR%20specials%29,advertised,,,,,,,,,,"Second-pass ZIP-targeted search URL. Open link, verify official store ad/circular, then replace with confirmed source URL.",https://duckduckgo.com/?q=%22PLAZA%20FRUIT%20%26%20GROCERY%22%20%2211226%22%20%28%22weekly%20ad%22%20OR%20circular%20OR%20flyer%20OR%20specials%29
741092,US BANGLA GROCERY,11226,,ZIP-targeted web search (manual verify),https://duckduckgo.com/?q=%22US%20BANGLA%20GROCERY%22%20%2211226%22%20%28%22weekly%20ad%22%20OR%20circular%20OR%20flyer%20OR%20specials%29,advertised,,,,,,,,,,"Second-pass ZIP-targeted search URL. Open link, verify official store ad/circular, then replace with confirmed source URL.",https://duckduckgo.com/?q=%22US%20BANGLA%20GROCERY%22%20%2211226%22%20%28%22weekly%20ad%22%20OR%20circular%20OR%20flyer%20OR%20specials%29
614096,WINDSORS GROCERY STORE,11226,,ZIP-targeted web search (manual verify),https://duckduckgo.com/?q=%22WINDSORS%20GROCERY%20STORE%22%20%2211226%22%20%28%22weekly%20ad%22%20OR%20circular%20OR%20flyer%20OR%20specials%29,advertised,,,,,,,,,,"Second-pass ZIP-targeted search URL. Open link, verify official store ad/circular, then replace with confirmed source URL.",https://duckduckgo.com/?q=%22WINDSORS%20GROCERY%20STORE%22%20%2211226%22%20%28%22weekly%20ad%22%20OR%20circular%20OR%20flyer%20OR%20specials%29
719034,72 ST GROCERY,11228,,ZIP-targeted web search (manual verify),https://duckduckgo.com/?q=%2272%20ST%20GROCERY%22%20%2211228%22%20%28%22weekly%20ad%22%20OR%20circular%20OR%20flyer%20OR%20specials%29,advertised,,,,,,,,,,"Second-pass ZIP-targeted search URL. Open link, verify official store ad/circular, then replace with confirmed source URL.",https://duckduckgo.com/?q=%2272%20ST%20GROCERY%22%20%2211228%22%20%28%22weekly%20ad%22%20OR%20circular%20OR%20flyer%20OR%20specials%29
671667,FAVORITE CHOICE GROCERY,11228,,ZIP-targeted web search (manual verify),https://duckduckgo.com/?q=%22FAVORITE%20CHOICE%20GROCERY%22%20%2211228%22%20%28%22weekly%20ad%22%20OR%20circular%20OR%20flyer%20OR%20specials%29,advertised,,,,,,,,,,"Second-pass ZIP-targeted search URL. Open link, verify official store ad/circular, then replace with confirmed source URL.",https://duckduckgo.com/?q=%22FAVORITE%20CHOICE%20GROCERY%22%20%2211228%22%20%28%22weekly%20ad%22%20OR%20circular%20OR%20flyer%20OR%20specials%29
617270,GROCERY GUATEMALA,11228,,ZIP-targeted web search (manual verify),https://duckduckgo.com/?q=%22GROCERY%20GUATEMALA%22%20%2211228%22%20%28%22weekly%20ad%22%20OR%20circular%20OR%20flyer%20OR%20specials%29,advertised,,,,,,,,,,"Second-pass ZIP-targeted search URL. Open link, verify official store ad/circular, then replace with confirmed source URL.",https://duckduckgo.com/?q=%22GROCERY%20GUATEMALA%22%20%2211228%22%20%28%22weekly%20ad%22%20OR%20circular%20OR%20flyer%20OR%20specials%29
725701,JOHN BATH AVE GROCERY,11228,,ZIP-targeted web search (manual verify),https://duckduckgo.com/?q=%22JOHN%20BATH%20AVE%20GROCERY%22%20%2211228%22%20%28%22weekly%20ad%22%20OR%20circular%20OR%20flyer%20OR%20specials%29,advertised,,,,,,,,,,"Second-pass ZIP-targeted search URL. Open link, verify official store ad/circular, then replace with confirmed source URL.",https://duckduckgo.com/?q=%22JOHN%20BATH%20AVE%20GROCERY%22%20%2211228%22%20%28%22weekly%20ad%22%20OR%20circular%20OR%20flyer%20OR%20specials%29
750785,KEY FOOD,11228,2026-05-23,Key Food / Food Universe Flyers,https://www.keyfood.com/flyers,advertised,,,,,,,,,,Matched to chain circular/weekly-ad source.,https://duckduckgo.com/?q=%22KEY%20FOOD%22%20%2211228%22%20%28%22weekly%20ad%22%20OR%20circular%20OR%20flyer%20OR%20specials%29
615873,KEY FOOD 15,11228,2026-05-23,Key Food / Food Universe Flyers,https://www.keyfood.com/flyers,advertised,,,,,,,,,,Matched to chain circular/weekly-ad source.,https://duckduckgo.com/?q=%22KEY%20FOOD%2015%22%20%2211228%22%20%28%22weekly%20ad%22%20OR%20circular%20OR%20flyer%20OR%20specials%29
717419,MATAMOROS GROCERY,11228,,ZIP-targeted web search (manual verify),https://duckduckgo.com/?q=%22MATAMOROS%20GROCERY%22%20%2211228%22%20%28%22weekly%20ad%22%20OR%20circular%20OR%20flyer%20OR%20specials%29,advertised,,,,,,,,,,"Second-pass ZIP-targeted search URL. Open link, verify official store ad/circular, then replace with confirmed source URL.",https://duckduckgo.com/?q=%22MATAMOROS%20GROCERY%22%20%2211228%22%20%28%22weekly%20ad%22%20OR%20circular%20OR%20flyer%20OR%20specials%29
724417,W AND Y GROCERY,11228,,ZIP-targeted web search (manual verify),https://duckduckgo.com/?q=%22W%20AND%20Y%20GROCERY%22%20%2211228%22%20%28%22weekly%20ad%22%20OR%20circular%20OR%20flyer%20OR%20specials%29,advertised,,,,,,,,,,"Second-pass ZIP-targeted search URL. Open link, verify official store ad/circular, then replace with confirmed source URL.",https://duckduckgo.com/?q=%22W%20AND%20Y%20GROCERY%22%20%2211228%22%20%28%22weekly%20ad%22%20OR%20circular%20OR%20flyer%20OR%20specials%29
755662,XIN & XUAN GROCERY,11228,,ZIP-targeted web search (manual verify),https://duckduckgo.com/?q=%22XIN%20%26%20XUAN%20GROCERY%22%20%2211228%22%20%28%22weekly%20ad%22%20OR%20circular%20OR%20flyer%20OR%20specials%29,advertised,,,,,,,,,,"Second-pass ZIP-targeted search URL. Open link, verify official store ad/circular, then replace with confirmed source URL.",https://duckduckgo.com/?q=%22XIN%20%26%20XUAN%20GROCERY%22%20%2211228%22%20%28%22weekly%20ad%22%20OR%20circular%20OR%20flyer%20OR%20specials%29
702644,DISCOUNT DAIRY FARM GROCERY,11229,,ZIP-targeted web search (manual verify),https://duckduckgo.com/?q=%22DISCOUNT%20DAIRY%20FARM%20GROCERY%22%20%2211229%22%20%28%22weekly%20ad%22%20OR%20circular%20OR%20flyer%20OR%20specials%29,advertised,,,,,,,,,,"Second-pass ZIP-targeted search URL. Open link, verify official store ad/circular, then replace with confirmed source URL.",https://duckduckgo.com/?q=%22DISCOUNT%20DAIRY%20FARM%20GROCERY%22%20%2211229%22%20%28%22weekly%20ad%22%20OR%20circular%20OR%20flyer%20OR%20specials%29
734225,HARVEST GROCERY,11229,,ZIP-targeted web search (manual verify),https://duckduckgo.com/?q=%22HARVEST%20GROCERY%22%20%2211229%22%20%28%22weekly%20ad%22%20OR%20circular%20OR%20flyer%20OR%20specials%29,advertised,,,,,,,,,,"Second-pass ZIP-targeted search URL. Open link, verify official store ad/circular, then replace with confirmed source URL.",https://duckduckgo.com/?q=%22HARVEST%20GROCERY%22%20%2211229%22%20%28%22weekly%20ad%22%20OR%20circular%20OR%20flyer%20OR%20specials%29
715741,L & J SUPERMARKET II,11229,,ZIP-targeted web search (manual verify),https://duckduckgo.com/?q=%22L%20%26%20J%20SUPERMARKET%20II%22%20%2211229%22%20%28%22weekly%20ad%22%20OR%20circular%20OR%20flyer%20OR%20specials%29,advertised,,,,,,,,,,"Second-pass ZIP-targeted search URL. Open link, verify official store ad/circular, then replace with confirmed source URL.",https://duckduckgo.com/?q=%22L%20%26%20J%20SUPERMARKET%20II%22%20%2211229%22%20%28%22weekly%20ad%22%20OR%20circular%20OR%20flyer%20OR%20specials%29
612898,LA VILLITA GROCERY,11229,,ZIP-targeted web search (manual verify),https://duckduckgo.com/?q=%22LA%20VILLITA%20GROCERY%22%20%2211229%22%20%28%22weekly%20ad%22%20OR%20circular%20OR%20flyer%20OR%20specials%29,advertised,,,,,,,,,,"Second-pass ZIP-targeted search URL. Open link, verify official store ad/circular, then replace with confirmed source URL.",https://duckduckgo.com/?q=%22LA%20VILLITA%20GROCERY%22%20%2211229%22%20%28%22weekly%20ad%22%20OR%20circular%20OR%20flyer%20OR%20specials%29
720404,NEW EASYSHOP SUPERMARKET,11229,,ZIP-targeted web search (manual verify),https://duckduckgo.com/?q=%22NEW%20EASYSHOP%20SUPERMARKET%22%20%2211229%22%20%28%22weekly%20ad%22%20OR%20circular%20OR%20flyer%20OR%20specials%29,advertised,,,,,,,,,,"Second-pass ZIP-targeted search URL. Open link, verify official store ad/circular, then replace with confirmed source URL.",https://duckduckgo.com/?q=%22NEW%20EASYSHOP%20SUPERMARKET%22%20%2211229%22%20%28%22weekly%20ad%22%20OR%20circular%20OR%20flyer%20OR%20specials%29
732586,QUENTIN GROCERY,11229,,ZIP-targeted web search (manual verify),https://duckduckgo.com/?q=%22QUENTIN%20GROCERY%22%20%2211229%22%20%28%22weekly%20ad%22%20OR%20circular%20OR%20flyer%20OR%20specials%29,advertised,,,,,,,,,,"Second-pass ZIP-targeted search URL. Open link, verify official store ad/circular, then replace with confirmed source URL.",https://duckduckgo.com/?q=%22QUENTIN%20GROCERY%22%20%2211229%22%20%28%22weekly%20ad%22%20OR%20circular%20OR%20flyer%20OR%20specials%29
747960,ASIAN SUPERMARKET NYC,11230,,ZIP-targeted web search (manual verify),https://duckduckgo.com/?q=%22ASIAN%20SUPERMARKET%20NYC%22%20%2211230%22%20%28%22weekly%20ad%22%20OR%20circular%20OR%20flyer%20OR%20specials%29,advertised,,,,,,,,,,"Second-pass ZIP-targeted search URL. Open link, verify official store ad/circular, then replace with confirmed source URL.",https://duckduckgo.com/?q=%22ASIAN%20SUPERMARKET%20NYC%22%20%2211230%22%20%28%22weekly%20ad%22%20OR%20circular%20OR%20flyer%20OR%20specials%29
735127,BERRY GOODS SUPERMARKET,11230,,ZIP-targeted web search (manual verify),https://duckduckgo.com/?q=%22BERRY%20GOODS%20SUPERMARKET%22%20%2211230%22%20%28%22weekly%20ad%22%20OR%20circular%20OR%20flyer%20OR%20specials%29,advertised,,,,,,,,,,"Second-pass ZIP-targeted search URL. Open link, verify official store ad/circular, then replace with confirmed source URL.",https://duckduckgo.com/?q=%22BERRY%20GOODS%20SUPERMARKET%22%20%2211230%22%20%28%22weekly%20ad%22%20OR%20circular%20OR%20flyer%20OR%20specials%29
755483,EVERYDAY GROCERY,11230,,ZIP-targeted web search (manual verify),https://duckduckgo.com/?q=%22EVERYDAY%20GROCERY%22%20%2211230%22%20%28%22weekly%20ad%22%20OR%20circular%20OR%20flyer%20OR%20specials%29,advertised,,,,,,,,,,"Second-pass ZIP-targeted search URL. Open link, verify official store ad/circular, then replace with confirmed source URL.",https://duckduckgo.com/?q=%22EVERYDAY%20GROCERY%22%20%2211230%22%20%28%22weekly%20ad%22%20OR%20circular%20OR%20flyer%20OR%20specials%29
614187,FLATBUSH SUPERMARKET,11230,,ZIP-targeted web search (manual verify),https://duckduckgo.com/?q=%22FLATBUSH%20SUPERMARKET%22%20%2211230%22%20%28%22weekly%20ad%22%20OR%20circular%20OR%20flyer%20OR%20specials%29,advertised,,,,,,,,,,"Second-pass ZIP-targeted search URL. Open link, verify official store ad/circular, then replace with confirmed source URL.",https://duckduckgo.com/?q=%22FLATBUSH%20SUPERMARKET%22%20%2211230%22%20%28%22weekly%20ad%22%20OR%20circular%20OR%20flyer%20OR%20specials%29
762273,GARCIAS GROCERY NY,11230,,ZIP-targeted web search (manual verify),https://duckduckgo.com/?q=%22GARCIAS%20GROCERY%20NY%22%20%2211230%22%20%28%22weekly%20ad%22%20OR%20circular%20OR%20flyer%20OR%20specials%29,advertised,,,,,,,,,,"Second-pass ZIP-targeted search URL. Open link, verify official store ad/circular, then replace with confirmed source URL.",https://duckduckgo.com/?q=%22GARCIAS%20GROCERY%20NY%22%20%2211230%22%20%28%22weekly%20ad%22%20OR%20circular%20OR%20flyer%20OR%20specials%29
610350,J&J GROCERY,11230,,ZIP-targeted web search (manual verify),https://duckduckgo.com/?q=%22J%26J%20GROCERY%22%20%2211230%22%20%28%22weekly%20ad%22%20OR%20circular%20OR%20flyer%20OR%20specials%29,advertised,,,,,,,,,,"Second-pass ZIP-targeted search URL. Open link, verify official store ad/circular, then replace with confirmed source URL.",https://duckduckgo.com/?q=%22J%26J%20GROCERY%22%20%2211230%22%20%28%22weekly%20ad%22%20OR%20circular%20OR%20flyer%20OR%20specials%29
705924,NEW TAYEEBAS GROCERY,11230,,ZIP-targeted web search (manual verify),https://duckduckgo.com/?q=%22NEW%20TAYEEBAS%20GROCERY%22%20%2211230%22%20%28%22weekly%20ad%22%20OR%20circular%20OR%20flyer%20OR%20specials%29,advertised,,,,,,,,,,"Second-pass ZIP-targeted search URL. Open link, verify official store ad/circular, then replace with confirmed source URL.",https://duckduckgo.com/?q=%22NEW%20TAYEEBAS%20GROCERY%22%20%2211230%22%20%28%22weekly%20ad%22%20OR%20circular%20OR%20flyer%20OR%20specials%29
615032,PUNJAB GROCERY,11230,,ZIP-targeted web search (manual verify),https://duckduckgo.com/?q=%22PUNJAB%20GROCERY%22%20%2211230%22%20%28%22weekly%20ad%22%20OR%20circular%20OR%20flyer%20OR%20specials%29,advertised,,,,,,,,,,"Second-pass ZIP-targeted search URL. Open link, verify official store ad/circular, then replace with confirmed source URL.",https://duckduckgo.com/?q=%22PUNJAB%20GROCERY%22%20%2211230%22%20%28%22weekly%20ad%22%20OR%20circular%20OR%20flyer%20OR%20specials%29
764947,RUGBY GROCERY,11230,,ZIP-targeted web search (manual verify),https://duckduckgo.com/?q=%22RUGBY%20GROCERY%22%20%2211230%22%20%28%22weekly%20ad%22%20OR%20circular%20OR%20flyer%20OR%20specials%29,advertised,,,,,,,,,,"Second-pass ZIP-targeted search URL. Open link, verify official store ad/circular, then replace with confirmed source URL.",https://duckduckgo.com/?q=%22RUGBY%20GROCERY%22%20%2211230%22%20%28%22weekly%20ad%22%20OR%20circular%20OR%20flyer%20OR%20specials%29
613302,SHOPRITE OF AVENUE I,11230,2026-05-23,ShopRite Weekly Circular,https://www.shoprite.com/sm/planning/rsid/473/circulars/,advertised,,,,,,,,,,Matched to chain circular/weekly-ad source.,https://duckduckgo.com/?q=%22SHOPRITE%20OF%20AVENUE%20I%22%20%2211230%22%20%28%22weekly%20ad%22%20OR%20circular%20OR%20flyer%20OR%20specials%29
616678,W&S DAIRY GROCERY,11230,,ZIP-targeted web search (manual verify),https://duckduckgo.com/?q=%22W%26S%20DAIRY%20GROCERY%22%20%2211230%22%20%28%22weekly%20ad%22%20OR%20circular%20OR%20flyer%20OR%20specials%29,advertised,,,,,,,,,,"Second-pass ZIP-targeted search URL. Open link, verify official store ad/circular, then replace with confirmed source URL.",https://duckduckgo.com/?q=%22W%26S%20DAIRY%20GROCERY%22%20%2211230%22%20%28%22weekly%20ad%22%20OR%20circular%20OR%20flyer%20OR%20specials%29
759032,ZAMZAM GROCERY & MEATS,11230,,ZIP-targeted web search (manual verify),https://duckduckgo.com/?q=%22ZAMZAM%20GROCERY%20%26%20MEATS%22%20%2211230%22%20%28%22weekly%20ad%22%20OR%20circular%20OR%20flyer%20OR%20specials%29,advertised,,,,,,,,,,"Second-pass ZIP-targeted search URL. Open link, verify official store ad/circular, then replace with confirmed source URL.",https://duckduckgo.com/?q=%22ZAMZAM%20GROCERY%20%26%20MEATS%22%20%2211230%22%20%28%22weekly%20ad%22%20OR%20circular%20OR%20flyer%20OR%20specials%29
728599,ACE SUSHI@FOOD BAZAAR 75,11231,2026-05-23,Food Bazaar Weekly Ad,https://www.foodbazaar.com/weekly-ad/,advertised,,,,,,,,,,Matched to chain circular/weekly-ad source.,https://duckduckgo.com/?q=%22ACE%20SUSHI%40FOOD%20BAZAAR%2075%22%20%2211231%22%20%28%22weekly%20ad%22%20OR%20circular%20OR%20flyer%20OR%20specials%29
735101,ASSOCIATED SUPERMARKET,11231,2026-05-23,Associated Supermarkets Weekly Ad,https://www.yapik.com/us/associated-supermarkets/weekly-ad,advertised,,,,,,,,,,Matched to third-party weekly-ad index for this chain; verify store-specific ad before final use.,https://duckduckgo.com/?q=%22ASSOCIATED%20SUPERMARKET%22%20%2211231%22%20%28%22weekly%20ad%22%20OR%20circular%20OR%20flyer%20OR%20specials%29
705109,C TOWN SUPERMARKET,11231,2026-05-23,CTown Weekly Ad,https://www.ctownsupermarkets.com/Weekly-Ad,advertised,,,,,,,,,,Matched to chain circular/weekly-ad source.,https://duckduckgo.com/?q=%22C%20TOWN%20SUPERMARKET%22%20%2211231%22%20%28%22weekly%20ad%22%20OR%20circular%20OR%20flyer%20OR%20specials%29
614057,EXPRESS GROCERY,11231,,ZIP-targeted web search (manual verify),https://duckduckgo.com/?q=%22EXPRESS%20GROCERY%22%20%2211231%22%20%28%22weekly%20ad%22%20OR%20circular%20OR%20flyer%20OR%20specials%29,advertised,,,,,,,,,,"Second-pass ZIP-targeted search URL. Open link, verify official store ad/circular, then replace with confirmed source URL.",https://duckduckgo.com/?q=%22EXPRESS%20GROCERY%22%20%2211231%22%20%28%22weekly%20ad%22%20OR%20circular%20OR%20flyer%20OR%20specials%29
743866,FOOD BAZAAR,11231,2026-05-23,Food Bazaar Weekly Ad,https://www.foodbazaar.com/weekly-ad/,advertised,,,,,,,,,,Matched to chain circular/weekly-ad source.,https://duckduckgo.com/?q=%22FOOD%20BAZAAR%22%20%2211231%22%20%28%22weekly%20ad%22%20OR%20circular%20OR%20flyer%20OR%20specials%29
616458,KEY FOOD 180,11231,2026-05-23,Key Food / Food Universe Flyers,https://www.keyfood.com/flyers,advertised,,,,,,,,,,Matched to chain circular/weekly-ad source.,https://duckduckgo.com/?q=%22KEY%20FOOD%20180%22%20%2211231%22%20%28%22weekly%20ad%22%20OR%20circular%20OR%20flyer%20OR%20specials%29
619054,KEY FRUIT & VEGETABLE AND GROCERY,11231,,ZIP-targeted web search (manual verify),https://duckduckgo.com/?q=%22KEY%20FRUIT%20%26%20VEGETABLE%20AND%20GROCERY%22%20%2211231%22%20%28%22weekly%20ad%22%20OR%20circular%20OR%20flyer%20OR%20specials%29,advertised,,,,,,,,,,"Second-pass ZIP-targeted search URL. Open link, verify official store ad/circular, then replace with confirmed source URL.",https://duckduckgo.com/?q=%22KEY%20FRUIT%20%26%20VEGETABLE%20AND%20GROCERY%22%20%2211231%22%20%28%22weekly%20ad%22%20OR%20circular%20OR%20flyer%20OR%20specials%29
610268,MARTINEZ GROCERY,11231,,ZIP-targeted web search (manual verify),https://duckduckgo.com/?q=%22MARTINEZ%20GROCERY%22%20%2211231%22%20%28%22weekly%20ad%22%20OR%20circular%20OR%20flyer%20OR%20specials%29,advertised,,,,,,,,,,"Second-pass ZIP-targeted search URL. Open link, verify official store ad/circular, then replace with confirmed source URL.",https://duckduckgo.com/?q=%22MARTINEZ%20GROCERY%22%20%2211231%22%20%28%22weekly%20ad%22%20OR%20circular%20OR%20flyer%20OR%20specials%29
708430,SMITH STREET GROCERY & CONVENIENCE,11231,,ZIP-targeted web search (manual verify),https://duckduckgo.com/?q=%22SMITH%20STREET%20GROCERY%20%26%20CONVENIENCE%22%20%2211231%22%20%28%22weekly%20ad%22%20OR%20circular%20OR%20flyer%20OR%20specials%29,advertised,,,,,,,,,,"Second-pass ZIP-targeted search URL. Open link, verify official store ad/circular, then replace with confirmed source URL.",https://duckduckgo.com/?q=%22SMITH%20STREET%20GROCERY%20%26%20CONVENIENCE%22%20%2211231%22%20%28%22weekly%20ad%22%20OR%20circular%20OR%20flyer%20OR%20specials%29
749409,ENJOY MY BAGELS STORE & GROCERY,11232,,ZIP-targeted web search (manual verify),https://duckduckgo.com/?q=%22ENJOY%20MY%20BAGELS%20STORE%20%26%20GROCERY%22%20%2211232%22%20%28%22weekly%20ad%22%20OR%20circular%20OR%20flyer%20OR%20specials%29,advertised,,,,,,,,,,"Second-pass ZIP-targeted search URL. Open link, verify official store ad/circular, then replace with confirmed source URL.",https://duckduckgo.com/?q=%22ENJOY%20MY%20BAGELS%20STORE%20%26%20GROCERY%22%20%2211232%22%20%28%22weekly%20ad%22%20OR%20circular%20OR%20flyer%20OR%20specials%29
705956,EZ GROCERY,11232,,ZIP-targeted web search (manual verify),https://duckduckgo.com/?q=%22EZ%20GROCERY%22%20%2211232%22%20%28%22weekly%20ad%22%20OR%20circular%20OR%20flyer%20OR%20specials%29,advertised,,,,,,,,,,"Second-pass ZIP-targeted search URL. Open link, verify official store ad/circular, then replace with confirmed source URL.",https://duckduckgo.com/?q=%22EZ%20GROCERY%22%20%2211232%22%20%28%22weekly%20ad%22%20OR%20circular%20OR%20flyer%20OR%20specials%29
670171,KANG YI GROCERY,11232,,ZIP-targeted web search (manual verify),https://duckduckgo.com/?q=%22KANG%20YI%20GROCERY%22%20%2211232%22%20%28%22weekly%20ad%22%20OR%20circular%20OR%20flyer%20OR%20specials%29,advertised,,,,,,,,,,"Second-pass ZIP-targeted search URL. Open link, verify official store ad/circular, then replace with confirmed source URL.",https://duckduckgo.com/?q=%22KANG%20YI%20GROCERY%22%20%2211232%22%20%28%22weekly%20ad%22%20OR%20circular%20OR%20flyer%20OR%20specials%29
619689,KEY FOOD 16,11232,2026-05-23,Key Food / Food Universe Flyers,https://www.keyfood.com/flyers,advertised,,,,,,,,,,Matched to chain circular/weekly-ad source.,https://duckduckgo.com/?q=%22KEY%20FOOD%2016%22%20%2211232%22%20%28%22weekly%20ad%22%20OR%20circular%20OR%20flyer%20OR%20specials%29
735463,LA PLACITA SUPERMARKET,11232,,ZIP-targeted web search (manual verify),https://duckduckgo.com/?q=%22LA%20PLACITA%20SUPERMARKET%22%20%2211232%22%20%28%22weekly%20ad%22%20OR%20circular%20OR%20flyer%20OR%20specials%29,advertised,,,,,,,,,,"Second-pass ZIP-targeted search URL. Open link, verify official store ad/circular, then replace with confirmed source URL.",https://duckduckgo.com/?q=%22LA%20PLACITA%20SUPERMARKET%22%20%2211232%22%20%28%22weekly%20ad%22%20OR%20circular%20OR%20flyer%20OR%20specials%29
761602,LUCKY 4216 GROCERY,11232,,ZIP-targeted web search (manual verify),https://duckduckgo.com/?q=%22LUCKY%204216%20GROCERY%22%20%2211232%22%20%28%22weekly%20ad%22%20OR%20circular%20OR%20flyer%20OR%20specials%29,advertised,,,,,,,,,,"Second-pass ZIP-targeted search URL. Open link, verify official store ad/circular, then replace with confirmed source URL.",https://duckduckgo.com/?q=%22LUCKY%204216%20GROCERY%22%20%2211232%22%20%28%22weekly%20ad%22%20OR%20circular%20OR%20flyer%20OR%20specials%29
728681,LUCKY GROCERY,11232,,ZIP-targeted web search (manual verify),https://duckduckgo.com/?q=%22LUCKY%20GROCERY%22%20%2211232%22%20%28%22weekly%20ad%22%20OR%20circular%20OR%20flyer%20OR%20specials%29,advertised,,,,,,,,,,"Second-pass ZIP-targeted search URL. Open link, verify official store ad/circular, then replace with confirmed source URL.",https://duckduckgo.com/?q=%22LUCKY%20GROCERY%22%20%2211232%22%20%28%22weekly%20ad%22%20OR%20circular%20OR%20flyer%20OR%20specials%29
729366,R & I GROCERY,11232,,ZIP-targeted web search (manual verify),https://duckduckgo.com/?q=%22R%20%26%20I%20GROCERY%22%20%2211232%22%20%28%22weekly%20ad%22%20OR%20circular%20OR%20flyer%20OR%20specials%29,advertised,,,,,,,,,,"Second-pass ZIP-targeted search URL. Open link, verify official store ad/circular, then replace with confirmed source URL.",https://duckduckgo.com/?q=%22R%20%26%20I%20GROCERY%22%20%2211232%22%20%28%22weekly%20ad%22%20OR%20circular%20OR%20flyer%20OR%20specials%29
728870,UMK BROOKLYN GROCERY,11232,,ZIP-targeted web search (manual verify),https://duckduckgo.com/?q=%22UMK%20BROOKLYN%20GROCERY%22%20%2211232%22%20%28%22weekly%20ad%22%20OR%20circular%20OR%20flyer%20OR%20specials%29,advertised,,,,,,,,,,"Second-pass ZIP-targeted search URL. Open link, verify official store ad/circular, then replace with confirmed source URL.",https://duckduckgo.com/?q=%22UMK%20BROOKLYN%20GROCERY%22%20%2211232%22%20%28%22weekly%20ad%22%20OR%20circular%20OR%20flyer%20OR%20specials%29
725151,VALENTINA GROCERY,11232,,ZIP-targeted web search (manual verify),https://duckduckgo.com/?q=%22VALENTINA%20GROCERY%22%20%2211232%22%20%28%22weekly%20ad%22%20OR%20circular%20OR%20flyer%20OR%20specials%29,advertised,,,,,,,,,,"Second-pass ZIP-targeted search URL. Open link, verify official store ad/circular, then replace with confirmed source URL.",https://duckduckgo.com/?q=%22VALENTINA%20GROCERY%22%20%2211232%22%20%28%22weekly%20ad%22%20OR%20circular%20OR%20flyer%20OR%20specials%29
614437,ABREUS GROCERY,11233,,ZIP-targeted web search (manual verify),https://duckduckgo.com/?q=%22ABREUS%20GROCERY%22%20%2211233%22%20%28%22weekly%20ad%22%20OR%20circular%20OR%20flyer%20OR%20specials%29,advertised,,,,,,,,,,"Second-pass ZIP-targeted search URL. Open link, verify official store ad/circular, then replace with confirmed source URL.",https://duckduckgo.com/?q=%22ABREUS%20GROCERY%22%20%2211233%22%20%28%22weekly%20ad%22%20OR%20circular%20OR%20flyer%20OR%20specials%29
618231,ASSOCIATED SUPERMARKET,11233,2026-05-23,Associated Supermarkets Weekly Ad,https://www.yapik.com/us/associated-supermarkets/weekly-ad,advertised,,,,,,,,,,Matched to third-party weekly-ad index for this chain; verify store-specific ad before final use.,https://duckduckgo.com/?q=%22ASSOCIATED%20SUPERMARKET%22%20%2211233%22%20%28%22weekly%20ad%22%20OR%20circular%20OR%20flyer%20OR%20specials%29
616244,FOOD BAZAAR,11233,2026-05-23,Food Bazaar Weekly Ad,https://www.foodbazaar.com/weekly-ad/,advertised,,,,,,,,,,Matched to chain circular/weekly-ad source.,https://duckduckgo.com/?q=%22FOOD%20BAZAAR%22%20%2211233%22%20%28%22weekly%20ad%22%20OR%20circular%20OR%20flyer%20OR%20specials%29
762917,JERIC DNJ GROCERY,11233,,ZIP-targeted web search (manual verify),https://duckduckgo.com/?q=%22JERIC%20DNJ%20GROCERY%22%20%2211233%22%20%28%22weekly%20ad%22%20OR%20circular%20OR%20flyer%20OR%20specials%29,advertised,,,,,,,,,,"Second-pass ZIP-targeted search URL. Open link, verify official store ad/circular, then replace with confirmed source URL.",https://duckduckgo.com/?q=%22JERIC%20DNJ%20GROCERY%22%20%2211233%22%20%28%22weekly%20ad%22%20OR%20circular%20OR%20flyer%20OR%20specials%29
746466,JJ GOURMET GROCERY,11233,,ZIP-targeted web search (manual verify),https://duckduckgo.com/?q=%22JJ%20GOURMET%20GROCERY%22%20%2211233%22%20%28%22weekly%20ad%22%20OR%20circular%20OR%20flyer%20OR%20specials%29,advertised,,,,,,,,,,"Second-pass ZIP-targeted search URL. Open link, verify official store ad/circular, then replace with confirmed source URL.",https://duckduckgo.com/?q=%22JJ%20GOURMET%20GROCERY%22%20%2211233%22%20%28%22weekly%20ad%22%20OR%20circular%20OR%20flyer%20OR%20specials%29
748593,LOLO GROCERY,11233,,ZIP-targeted web search (manual verify),https://duckduckgo.com/?q=%22LOLO%20GROCERY%22%20%2211233%22%20%28%22weekly%20ad%22%20OR%20circular%20OR%20flyer%20OR%20specials%29,advertised,,,,,,,,,,"Second-pass ZIP-targeted search URL. Open link, verify official store ad/circular, then replace with confirmed source URL.",https://duckduckgo.com/?q=%22LOLO%20GROCERY%22%20%2211233%22%20%28%22weekly%20ad%22%20OR%20circular%20OR%20flyer%20OR%20specials%29
760129,MAYELIN GROCERY STORE,11233,,ZIP-targeted web search (manual verify),https://duckduckgo.com/?q=%22MAYELIN%20GROCERY%20STORE%22%20%2211233%22%20%28%22weekly%20ad%22%20OR%20circular%20OR%20flyer%20OR%20specials%29,advertised,,,,,,,,,,"Second-pass ZIP-targeted search URL. Open link, verify official store ad/circular, then replace with confirmed source URL.",https://duckduckgo.com/?q=%22MAYELIN%20GROCERY%20STORE%22%20%2211233%22%20%28%22weekly%20ad%22%20OR%20circular%20OR%20flyer%20OR%20specials%29
616221,STOP&BUY GROCERY,11233,,ZIP-targeted web search (manual verify),https://duckduckgo.com/?q=%22STOP%26BUY%20GROCERY%22%20%2211233%22%20%28%22weekly%20ad%22%20OR%20circular%20OR%20flyer%20OR%20specials%29,advertised,,,,,,,,,,"Second-pass ZIP-targeted search URL. Open link, verify official store ad/circular, then replace with confirmed source URL.",https://duckduckgo.com/?q=%22STOP%26BUY%20GROCERY%22%20%2211233%22%20%28%22weekly%20ad%22%20OR%20circular%20OR%20flyer%20OR%20specials%29
613422,TIO GROCERY,11233,,ZIP-targeted web search (manual verify),https://duckduckgo.com/?q=%22TIO%20GROCERY%22%20%2211233%22%20%28%22weekly%20ad%22%20OR%20circular%20OR%20flyer%20OR%20specials%29,advertised,,,,,,,,,,"Second-pass ZIP-targeted search URL. Open link, verify official store ad/circular, then replace with confirmed source URL.",https://duckduckgo.com/?q=%22TIO%20GROCERY%22%20%2211233%22%20%28%22weekly%20ad%22%20OR%20circular%20OR%20flyer%20OR%20specials%29
616553,TWO WAY SUPERMARKET,11233,,ZIP-targeted web search (manual verify),https://duckduckgo.com/?q=%22TWO%20WAY%20SUPERMARKET%22%20%2211233%22%20%28%22weekly%20ad%22%20OR%20circular%20OR%20flyer%20OR%20specials%29,advertised,,,,,,,,,,"Second-pass ZIP-targeted search URL. Open link, verify official store ad/circular, then replace with confirmed source URL.",https://duckduckgo.com/?q=%22TWO%20WAY%20SUPERMARKET%22%20%2211233%22%20%28%22weekly%20ad%22%20OR%20circular%20OR%20flyer%20OR%20specials%29
740134,FOODTOWN SEAFOOD,11234,2026-05-23,Foodtown Weekly Circular,https://www.foodtown.com/,advertised,,,,,,,,,,Matched to chain circular/weekly-ad source.,https://duckduckgo.com/?q=%22FOODTOWN%20SEAFOOD%22%20%2211234%22%20%28%22weekly%20ad%22%20OR%20circular%20OR%20flyer%20OR%20specials%29
618268,KEY FOOD,11234,2026-05-23,Key Food / Food Universe Flyers,https://www.keyfood.com/flyers,advertised,,,,,,,,,,Matched to chain circular/weekly-ad source.,https://duckduckgo.com/?q=%22KEY%20FOOD%22%20%2211234%22%20%28%22weekly%20ad%22%20OR%20circular%20OR%20flyer%20OR%20specials%29
610382,KEY FOOD SUPERMARKET,11234,2026-05-23,Key Food / Food Universe Flyers,https://www.keyfood.com/flyers,advertised,,,,,,,,,,Matched to chain circular/weekly-ad source.,https://duckduckgo.com/?q=%22KEY%20FOOD%20SUPERMARKET%22%20%2211234%22%20%28%22weekly%20ad%22%20OR%20circular%20OR%20flyer%20OR%20specials%29
710606,RED APPLE GROCERY,11234,,ZIP-targeted web search (manual verify),https://duckduckgo.com/?q=%22RED%20APPLE%20GROCERY%22%20%2211234%22%20%28%22weekly%20ad%22%20OR%20circular%20OR%20flyer%20OR%20specials%29,advertised,,,,,,,,,,"Second-pass ZIP-targeted search URL. Open link, verify official store ad/circular, then replace with confirmed source URL.",https://duckduckgo.com/?q=%22RED%20APPLE%20GROCERY%22%20%2211234%22%20%28%22weekly%20ad%22%20OR%20circular%20OR%20flyer%20OR%20specials%29
612131,TU BOHIO GROCERY,11234,,ZIP-targeted web search (manual verify),https://duckduckgo.com/?q=%22TU%20BOHIO%20GROCERY%22%20%2211234%22%20%28%22weekly%20ad%22%20OR%20circular%20OR%20flyer%20OR%20specials%29,advertised,,,,,,,,,,"Second-pass ZIP-targeted search URL. Open link, verify official store ad/circular, then replace with confirmed source URL.",https://duckduckgo.com/?q=%22TU%20BOHIO%20GROCERY%22%20%2211234%22%20%28%22weekly%20ad%22%20OR%20circular%20OR%20flyer%20OR%20specials%29
717793,5 STAR GROCERY,11235,,ZIP-targeted web search (manual verify),https://duckduckgo.com/?q=%225%20STAR%20GROCERY%22%20%2211235%22%20%28%22weekly%20ad%22%20OR%20circular%20OR%20flyer%20OR%20specials%29,advertised,,,,,,,,,,"Second-pass ZIP-targeted search URL. Open link, verify official store ad/circular, then replace with confirmed source URL.",https://duckduckgo.com/?q=%225%20STAR%20GROCERY%22%20%2211235%22%20%28%22weekly%20ad%22%20OR%20circular%20OR%20flyer%20OR%20specials%29
708167,ALDI 9,11235,2026-05-23,ALDI Weekly Ad,https://www.aldi.us/weekly-specials/our-weekly-ads/,advertised,,,,,,,,,,Matched to chain circular/weekly-ad source.,https://duckduckgo.com/?q=%22ALDI%209%22%20%2211235%22%20%28%22weekly%20ad%22%20OR%20circular%20OR%20flyer%20OR%20specials%29
742105,BROOKLYN CANDY GROCERY,11235,,ZIP-targeted web search (manual verify),https://duckduckgo.com/?q=%22BROOKLYN%20CANDY%20GROCERY%22%20%2211235%22%20%28%22weekly%20ad%22%20OR%20circular%20OR%20flyer%20OR%20specials%29,advertised,,,,,,,,,,"Second-pass ZIP-targeted search URL. Open link, verify official store ad/circular, then replace with confirmed source URL.",https://duckduckgo.com/?q=%22BROOKLYN%20CANDY%20GROCERY%22%20%2211235%22%20%28%22weekly%20ad%22%20OR%20circular%20OR%20flyer%20OR%20specials%29
712682,NETCOST MARKET,11235,2026-05-23,NetCost Store Site,https://www.netcostmarket.com/,advertised,,,,,,,,,,Matched to chain circular/weekly-ad source.,https://duckduckgo.com/?q=%22NETCOST%20MARKET%22%20%2211235%22%20%28%22weekly%20ad%22%20OR%20circular%20OR%20flyer%20OR%20specials%29
709196,PERALTAS GROCERY,11235,,ZIP-targeted web search (manual verify),https://duckduckgo.com/?q=%22PERALTAS%20GROCERY%22%20%2211235%22%20%28%22weekly%20ad%22%20OR%20circular%20OR%20flyer%20OR%20specials%29,advertised,,,,,,,,,,"Second-pass ZIP-targeted search URL. Open link, verify official store ad/circular, then replace with confirmed source URL.",https://duckduckgo.com/?q=%22PERALTAS%20GROCERY%22%20%2211235%22%20%28%22weekly%20ad%22%20OR%20circular%20OR%20flyer%20OR%20specials%29
610288,R&M GROCERY,11235,,ZIP-targeted web search (manual verify),https://duckduckgo.com/?q=%22R%26M%20GROCERY%22%20%2211235%22%20%28%22weekly%20ad%22%20OR%20circular%20OR%20flyer%20OR%20specials%29,advertised,,,,,,,,,,"Second-pass ZIP-targeted search URL. Open link, verify official store ad/circular, then replace with confirmed source URL.",https://duckduckgo.com/?q=%22R%26M%20GROCERY%22%20%2211235%22%20%28%22weekly%20ad%22%20OR%20circular%20OR%20flyer%20OR%20specials%29
727732,TASHKENT SUPERMARKET,11235,,ZIP-targeted web search (manual verify),https://duckduckgo.com/?q=%22TASHKENT%20SUPERMARKET%22%20%2211235%22%20%28%22weekly%20ad%22%20OR%20circular%20OR%20flyer%20OR%20specials%29,advertised,,,,,,,,,,"Second-pass ZIP-targeted search URL. Open link, verify official store ad/circular, then replace with confirmed source URL.",https://duckduckgo.com/?q=%22TASHKENT%20SUPERMARKET%22%20%2211235%22%20%28%22weekly%20ad%22%20OR%20circular%20OR%20flyer%20OR%20specials%29
702325,TASHKENT SUPERMARKET,11235,,ZIP-targeted web search (manual verify),https://duckduckgo.com/?q=%22TASHKENT%20SUPERMARKET%22%20%2211235%22%20%28%22weekly%20ad%22%20OR%20circular%20OR%20flyer%20OR%20specials%29,advertised,,,,,,,,,,"Second-pass ZIP-targeted search URL. Open link, verify official store ad/circular, then replace with confirmed source URL.",https://duckduckgo.com/?q=%22TASHKENT%20SUPERMARKET%22%20%2211235%22%20%28%22weekly%20ad%22%20OR%20circular%20OR%20flyer%20OR%20specials%29
715561,560 GROCERY & FOOD,11236,,ZIP-targeted web search (manual verify),https://duckduckgo.com/?q=%22560%20GROCERY%20%26%20FOOD%22%20%2211236%22%20%28%22weekly%20ad%22%20OR%20circular%20OR%20flyer%20OR%20specials%29,advertised,,,,,,,,,,"Second-pass ZIP-targeted search URL. Open link, verify official store ad/circular, then replace with confirmed source URL.",https://duckduckgo.com/?q=%22560%20GROCERY%20%26%20FOOD%22%20%2211236%22%20%28%22weekly%20ad%22%20OR%20circular%20OR%20flyer%20OR%20specials%29
740916,AVENUE B GROCERY,11236,,ZIP-targeted web search (manual verify),https://duckduckgo.com/?q=%22AVENUE%20B%20GROCERY%22%20%2211236%22%20%28%22weekly%20ad%22%20OR%20circular%20OR%20flyer%20OR%20specials%29,advertised,,,,,,,,,,"Second-pass ZIP-targeted search URL. Open link, verify official store ad/circular, then replace with confirmed source URL.",https://duckduckgo.com/?q=%22AVENUE%20B%20GROCERY%22%20%2211236%22%20%28%22weekly%20ad%22%20OR%20circular%20OR%20flyer%20OR%20specials%29
615555,BRAVO SUPERMARKET,11236,2026-05-23,Bravo Supermarkets Weekly Circular,https://www.bravosupermarkets.com/weekly-circular,advertised,,,,,,,,,,Matched to chain circular/weekly-ad source.,https://duckduckgo.com/?q=%22BRAVO%20SUPERMARKET%22%20%2211236%22%20%28%22weekly%20ad%22%20OR%20circular%20OR%20flyer%20OR%20specials%29
764653,C-TOWN,11236,2026-05-23,CTown Weekly Ad,https://www.ctownsupermarkets.com/Weekly-Ad,advertised,,,,,,,,,,Matched to chain circular/weekly-ad source.,https://duckduckgo.com/?q=%22C-TOWN%22%20%2211236%22%20%28%22weekly%20ad%22%20OR%20circular%20OR%20flyer%20OR%20specials%29
729052,CANARSIE GROCERY,11236,,ZIP-targeted web search (manual verify),https://duckduckgo.com/?q=%22CANARSIE%20GROCERY%22%20%2211236%22%20%28%22weekly%20ad%22%20OR%20circular%20OR%20flyer%20OR%20specials%29,advertised,,,,,,,,,,"Second-pass ZIP-targeted search URL. Open link, verify official store ad/circular, then replace with confirmed source URL.",https://duckduckgo.com/?q=%22CANARSIE%20GROCERY%22%20%2211236%22%20%28%22weekly%20ad%22%20OR%20circular%20OR%20flyer%20OR%20specials%29
613234,EVELYN GROCERY,11236,,ZIP-targeted web search (manual verify),https://duckduckgo.com/?q=%22EVELYN%20GROCERY%22%20%2211236%22%20%28%22weekly%20ad%22%20OR%20circular%20OR%20flyer%20OR%20specials%29,advertised,,,,,,,,,,"Second-pass ZIP-targeted search URL. Open link, verify official store ad/circular, then replace with confirmed source URL.",https://duckduckgo.com/?q=%22EVELYN%20GROCERY%22%20%2211236%22%20%28%22weekly%20ad%22%20OR%20circular%20OR%20flyer%20OR%20specials%29
744650,FOOD WORLD SUPERMARKET,11236,,ZIP-targeted web search (manual verify),https://duckduckgo.com/?q=%22FOOD%20WORLD%20SUPERMARKET%22%20%2211236%22%20%28%22weekly%20ad%22%20OR%20circular%20OR%20flyer%20OR%20specials%29,advertised,,,,,,,,,,"Second-pass ZIP-targeted search URL. Open link, verify official store ad/circular, then replace with confirmed source URL.",https://duckduckgo.com/?q=%22FOOD%20WORLD%20SUPERMARKET%22%20%2211236%22%20%28%22weekly%20ad%22%20OR%20circular%20OR%20flyer%20OR%20specials%29
725027,J & W SUPERMARKET,11236,,ZIP-targeted web search (manual verify),https://duckduckgo.com/?q=%22J%20%26%20W%20SUPERMARKET%22%20%2211236%22%20%28%22weekly%20ad%22%20OR%20circular%20OR%20flyer%20OR%20specials%29,advertised,,,,,,,,,,"Second-pass ZIP-targeted search URL. Open link, verify official store ad/circular, then replace with confirmed source URL.",https://duckduckgo.com/?q=%22J%20%26%20W%20SUPERMARKET%22%20%2211236%22%20%28%22weekly%20ad%22%20OR%20circular%20OR%20flyer%20OR%20specials%29
619455,KEY FOOD 1368,11236,2026-05-23,Key Food / Food Universe Flyers,https://www.keyfood.com/flyers,advertised,,,,,,,,,,Matched to chain circular/weekly-ad source.,https://duckduckgo.com/?q=%22KEY%20FOOD%201368%22%20%2211236%22%20%28%22weekly%20ad%22%20OR%20circular%20OR%20flyer%20OR%20specials%29
756291,KEY FOOD 2641,11236,2026-05-23,Key Food / Food Universe Flyers,https://www.keyfood.com/flyers,advertised,,,,,,,,,,Matched to chain circular/weekly-ad source.,https://duckduckgo.com/?q=%22KEY%20FOOD%202641%22%20%2211236%22%20%28%22weekly%20ad%22%20OR%20circular%20OR%20flyer%20OR%20specials%29
754674,LA ESQUINA MELO GROCERY,11236,,ZIP-targeted web search (manual verify),https://duckduckgo.com/?q=%22LA%20ESQUINA%20MELO%20GROCERY%22%20%2211236%22%20%28%22weekly%20ad%22%20OR%20circular%20OR%20flyer%20OR%20specials%29,advertised,,,,,,,,,,"Second-pass ZIP-targeted search URL. Open link, verify official store ad/circular, then replace with confirmed source URL.",https://duckduckgo.com/?q=%22LA%20ESQUINA%20MELO%20GROCERY%22%20%2211236%22%20%28%22weekly%20ad%22%20OR%20circular%20OR%20flyer%20OR%20specials%29
616056,LUNA SOPHIE GROCERY,11236,,ZIP-targeted web search (manual verify),https://duckduckgo.com/?q=%22LUNA%20SOPHIE%20GROCERY%22%20%2211236%22%20%28%22weekly%20ad%22%20OR%20circular%20OR%20flyer%20OR%20specials%29,advertised,,,,,,,,,,"Second-pass ZIP-targeted search URL. Open link, verify official store ad/circular, then replace with confirmed source URL.",https://duckduckgo.com/?q=%22LUNA%20SOPHIE%20GROCERY%22%20%2211236%22%20%28%22weekly%20ad%22%20OR%20circular%20OR%20flyer%20OR%20specials%29
718748,ROCKAWAY GOURMET & GROCERY,11236,,ZIP-targeted web search (manual verify),https://duckduckgo.com/?q=%22ROCKAWAY%20GOURMET%20%26%20GROCERY%22%20%2211236%22%20%28%22weekly%20ad%22%20OR%20circular%20OR%20flyer%20OR%20specials%29,advertised,,,,,,,,,,"Second-pass ZIP-targeted search URL. Open link, verify official store ad/circular, then replace with confirmed source URL.",https://duckduckgo.com/?q=%22ROCKAWAY%20GOURMET%20%26%20GROCERY%22%20%2211236%22%20%28%22weekly%20ad%22%20OR%20circular%20OR%20flyer%20OR%20specials%29
746659,SIX BRO GROCERY,11236,,ZIP-targeted web search (manual verify),https://duckduckgo.com/?q=%22SIX%20BRO%20GROCERY%22%20%2211236%22%20%28%22weekly%20ad%22%20OR%20circular%20OR%20flyer%20OR%20specials%29,advertised,,,,,,,,,,"Second-pass ZIP-targeted search URL. Open link, verify official store ad/circular, then replace with confirmed source URL.",https://duckduckgo.com/?q=%22SIX%20BRO%20GROCERY%22%20%2211236%22%20%28%22weekly%20ad%22%20OR%20circular%20OR%20flyer%20OR%20specials%29
753468,A&O GROCERY,11237,,ZIP-targeted web search (manual verify),https://duckduckgo.com/?q=%22A%26O%20GROCERY%22%20%2211237%22%20%28%22weekly%20ad%22%20OR%20circular%20OR%20flyer%20OR%20specials%29,advertised,,,,,,,,,,"Second-pass ZIP-targeted search URL. Open link, verify official store ad/circular, then replace with confirmed source URL.",https://duckduckgo.com/?q=%22A%26O%20GROCERY%22%20%2211237%22%20%28%22weekly%20ad%22%20OR%20circular%20OR%20flyer%20OR%20specials%29
715203,ACOSTA GROCERY STORE,11237,,ZIP-targeted web search (manual verify),https://duckduckgo.com/?q=%22ACOSTA%20GROCERY%20STORE%22%20%2211237%22%20%28%22weekly%20ad%22%20OR%20circular%20OR%20flyer%20OR%20specials%29,advertised,,,,,,,,,,"Second-pass ZIP-targeted search URL. Open link, verify official store ad/circular, then replace with confirmed source URL.",https://duckduckgo.com/?q=%22ACOSTA%20GROCERY%20STORE%22%20%2211237%22%20%28%22weekly%20ad%22%20OR%20circular%20OR%20flyer%20OR%20specials%29
763551,HAPPY FACE BABY SHOP & GROCERY,11237,,ZIP-targeted web search (manual verify),https://duckduckgo.com/?q=%22HAPPY%20FACE%20BABY%20SHOP%20%26%20GROCERY%22%20%2211237%22%20%28%22weekly%20ad%22%20OR%20circular%20OR%20flyer%20OR%20specials%29,advertised,,,,,,,,,,"Second-pass ZIP-targeted search URL. Open link, verify official store ad/circular, then replace with confirmed source URL.",https://duckduckgo.com/?q=%22HAPPY%20FACE%20BABY%20SHOP%20%26%20GROCERY%22%20%2211237%22%20%28%22weekly%20ad%22%20OR%20circular%20OR%20flyer%20OR%20specials%29
618945,INFANTE GROCERY,11237,,ZIP-targeted web search (manual verify),https://duckduckgo.com/?q=%22INFANTE%20GROCERY%22%20%2211237%22%20%28%22weekly%20ad%22%20OR%20circular%20OR%20flyer%20OR%20specials%29,advertised,,,,,,,,,,"Second-pass ZIP-targeted search URL. Open link, verify official store ad/circular, then replace with confirmed source URL.",https://duckduckgo.com/?q=%22INFANTE%20GROCERY%22%20%2211237%22%20%28%22weekly%20ad%22%20OR%20circular%20OR%20flyer%20OR%20specials%29
619274,KEYFOOD,11237,2026-05-23,Key Food / Food Universe Flyers,https://www.keyfood.com/flyers,advertised,,,,,,,,,,Matched to chain circular/weekly-ad source.,https://duckduckgo.com/?q=%22KEYFOOD%22%20%2211237%22%20%28%22weekly%20ad%22%20OR%20circular%20OR%20flyer%20OR%20specials%29
712406,LA SAN MARQUENITA GROCERY AND VARIEDADES,11237,,ZIP-targeted web search (manual verify),https://duckduckgo.com/?q=%22LA%20SAN%20MARQUENITA%20GROCERY%20AND%20VARIEDADES%22%20%2211237%22%20%28%22weekly%20ad%22%20OR%20circular%20OR%20flyer%20OR%20specials%29,advertised,,,,,,,,,,"Second-pass ZIP-targeted search URL. Open link, verify official store ad/circular, then replace with confirmed source URL.",https://duckduckgo.com/?q=%22LA%20SAN%20MARQUENITA%20GROCERY%20AND%20VARIEDADES%22%20%2211237%22%20%28%22weekly%20ad%22%20OR%20circular%20OR%20flyer%20OR%20specials%29
766112,LAS MESETAS GROCERY,11237,,ZIP-targeted web search (manual verify),https://duckduckgo.com/?q=%22LAS%20MESETAS%20GROCERY%22%20%2211237%22%20%28%22weekly%20ad%22%20OR%20circular%20OR%20flyer%20OR%20specials%29,advertised,,,,,,,,,,"Second-pass ZIP-targeted search URL. Open link, verify official store ad/circular, then replace with confirmed source URL.",https://duckduckgo.com/?q=%22LAS%20MESETAS%20GROCERY%22%20%2211237%22%20%28%22weekly%20ad%22%20OR%20circular%20OR%20flyer%20OR%20specials%29
741485,MAX GROCERY,11237,,ZIP-targeted web search (manual verify),https://duckduckgo.com/?q=%22MAX%20GROCERY%22%20%2211237%22%20%28%22weekly%20ad%22%20OR%20circular%20OR%20flyer%20OR%20specials%29,advertised,,,,,,,,,,"Second-pass ZIP-targeted search URL. Open link, verify official store ad/circular, then replace with confirmed source URL.",https://duckduckgo.com/?q=%22MAX%20GROCERY%22%20%2211237%22%20%28%22weekly%20ad%22%20OR%20circular%20OR%20flyer%20OR%20specials%29
736127,MET FRESH SUPERMARKET,11237,2026-05-23,Met Foods Weekly Ad,https://www.metfoods.com/weekly-ad/,advertised,,,,,,,,,,Matched to chain circular/weekly-ad source.,https://duckduckgo.com/?q=%22MET%20FRESH%20SUPERMARKET%22%20%2211237%22%20%28%22weekly%20ad%22%20OR%20circular%20OR%20flyer%20OR%20specials%29
706520,MORELOS GROCERY,11237,,ZIP-targeted web search (manual verify),https://duckduckgo.com/?q=%22MORELOS%20GROCERY%22%20%2211237%22%20%28%22weekly%20ad%22%20OR%20circular%20OR%20flyer%20OR%20specials%29,advertised,,,,,,,,,,"Second-pass ZIP-targeted search URL. Open link, verify official store ad/circular, then replace with confirmed source URL.",https://duckduckgo.com/?q=%22MORELOS%20GROCERY%22%20%2211237%22%20%28%22weekly%20ad%22%20OR%20circular%20OR%20flyer%20OR%20specials%29
763615,MR GROCERY & BEER,11237,,ZIP-targeted web search (manual verify),https://duckduckgo.com/?q=%22MR%20GROCERY%20%26%20BEER%22%20%2211237%22%20%28%22weekly%20ad%22%20OR%20circular%20OR%20flyer%20OR%20specials%29,advertised,,,,,,,,,,"Second-pass ZIP-targeted search URL. Open link, verify official store ad/circular, then replace with confirmed source URL.",https://duckduckgo.com/?q=%22MR%20GROCERY%20%26%20BEER%22%20%2211237%22%20%28%22weekly%20ad%22%20OR%20circular%20OR%20flyer%20OR%20specials%29
619604,QUISQUEYA GROCERY,11237,,ZIP-targeted web search (manual verify),https://duckduckgo.com/?q=%22QUISQUEYA%20GROCERY%22%20%2211237%22%20%28%22weekly%20ad%22%20OR%20circular%20OR%20flyer%20OR%20specials%29,advertised,,,,,,,,,,"Second-pass ZIP-targeted search URL. Open link, verify official store ad/circular, then replace with confirmed source URL.",https://duckduckgo.com/?q=%22QUISQUEYA%20GROCERY%22%20%2211237%22%20%28%22weekly%20ad%22%20OR%20circular%20OR%20flyer%20OR%20specials%29
616422,STEVE MEXICAN GROCERY,11237,,ZIP-targeted web search (manual verify),https://duckduckgo.com/?q=%22STEVE%20MEXICAN%20GROCERY%22%20%2211237%22%20%28%22weekly%20ad%22%20OR%20circular%20OR%20flyer%20OR%20specials%29,advertised,,,,,,,,,,"Second-pass ZIP-targeted search URL. Open link, verify official store ad/circular, then replace with confirmed source URL.",https://duckduckgo.com/?q=%22STEVE%20MEXICAN%20GROCERY%22%20%2211237%22%20%28%22weekly%20ad%22%20OR%20circular%20OR%20flyer%20OR%20specials%29
615880,VALERIE GROCERY,11237,,ZIP-targeted web search (manual verify),https://duckduckgo.com/?q=%22VALERIE%20GROCERY%22%20%2211237%22%20%28%22weekly%20ad%22%20OR%20circular%20OR%20flyer%20OR%20specials%29,advertised,,,,,,,,,,"Second-pass ZIP-targeted search URL. Open link, verify official store ad/circular, then replace with confirmed source URL.",https://duckduckgo.com/?q=%22VALERIE%20GROCERY%22%20%2211237%22%20%28%22weekly%20ad%22%20OR%20circular%20OR%20flyer%20OR%20specials%29
758682,BEST FAMILY GROCERY,11238,,ZIP-targeted web search (manual verify),https://duckduckgo.com/?q=%22BEST%20FAMILY%20GROCERY%22%20%2211238%22%20%28%22weekly%20ad%22%20OR%20circular%20OR%20flyer%20OR%20specials%29,advertised,,,,,,,,,,"Second-pass ZIP-targeted search URL. Open link, verify official store ad/circular, then replace with confirmed source URL.",https://duckduckgo.com/?q=%22BEST%20FAMILY%20GROCERY%22%20%2211238%22%20%28%22weekly%20ad%22%20OR%20circular%20OR%20flyer%20OR%20specials%29
617342,BOB&BETTYS SUPERMARKET,11238,,ZIP-targeted web search (manual verify),https://duckduckgo.com/?q=%22BOB%26BETTYS%20SUPERMARKET%22%20%2211238%22%20%28%22weekly%20ad%22%20OR%20circular%20OR%20flyer%20OR%20specials%29,advertised,,,,,,,,,,"Second-pass ZIP-targeted search URL. Open link, verify official store ad/circular, then replace with confirmed source URL.",https://duckduckgo.com/?q=%22BOB%26BETTYS%20SUPERMARKET%22%20%2211238%22%20%28%22weekly%20ad%22%20OR%20circular%20OR%20flyer%20OR%20specials%29
613430,BURGOS GROCERY,11238,,ZIP-targeted web search (manual verify),https://duckduckgo.com/?q=%22BURGOS%20GROCERY%22%20%2211238%22%20%28%22weekly%20ad%22%20OR%20circular%20OR%20flyer%20OR%20specials%29,advertised,,,,,,,,,,"Second-pass ZIP-targeted search URL. Open link, verify official store ad/circular, then replace with confirmed source URL.",https://duckduckgo.com/?q=%22BURGOS%20GROCERY%22%20%2211238%22%20%28%22weekly%20ad%22%20OR%20circular%20OR%20flyer%20OR%20specials%29
610056,CEPEDA GROCERY,11238,,ZIP-targeted web search (manual verify),https://duckduckgo.com/?q=%22CEPEDA%20GROCERY%22%20%2211238%22%20%28%22weekly%20ad%22%20OR%20circular%20OR%20flyer%20OR%20specials%29,advertised,,,,,,,,,,"Second-pass ZIP-targeted search URL. Open link, verify official store ad/circular, then replace with confirmed source URL.",https://duckduckgo.com/?q=%22CEPEDA%20GROCERY%22%20%2211238%22%20%28%22weekly%20ad%22%20OR%20circular%20OR%20flyer%20OR%20specials%29
618294,DANNY GROCERY,11238,,ZIP-targeted web search (manual verify),https://duckduckgo.com/?q=%22DANNY%20GROCERY%22%20%2211238%22%20%28%22weekly%20ad%22%20OR%20circular%20OR%20flyer%20OR%20specials%29,advertised,,,,,,,,,,"Second-pass ZIP-targeted search URL. Open link, verify official store ad/circular, then replace with confirmed source URL.",https://duckduckgo.com/?q=%22DANNY%20GROCERY%22%20%2211238%22%20%28%22weekly%20ad%22%20OR%20circular%20OR%20flyer%20OR%20specials%29
612219,FOODTOWN,11238,2026-05-23,Foodtown Weekly Circular,https://www.foodtown.com/,advertised,,,,,,,,,,Matched to chain circular/weekly-ad source.,https://duckduckgo.com/?q=%22FOODTOWN%22%20%2211238%22%20%28%22weekly%20ad%22%20OR%20circular%20OR%20flyer%20OR%20specials%29
611801,KEY FOOD,11238,2026-05-23,Key Food / Food Universe Flyers,https://www.keyfood.com/flyers,advertised,,,,,,,,,,Matched to chain circular/weekly-ad source.,https://duckduckgo.com/?q=%22KEY%20FOOD%22%20%2211238%22%20%28%22weekly%20ad%22%20OR%20circular%20OR%20flyer%20OR%20specials%29
756582,KEY FOOD FRESH #2645,11238,2026-05-23,Key Food / Food Universe Flyers,https://www.keyfood.com/flyers,advertised,,,,,,,,,,Matched to chain circular/weekly-ad source.,https://duckduckgo.com/?q=%22KEY%20FOOD%20FRESH%20%232645%22%20%2211238%22%20%28%22weekly%20ad%22%20OR%20circular%20OR%20flyer%20OR%20specials%29
764896,LIDL #1580,11239,2026-05-23,Lidl Weekly Ad,https://www.lidl.com/flyer,advertised,,,,,,,,,,Matched to chain circular/weekly-ad source.,https://duckduckgo.com/?q=%22LIDL%20%231580%22%20%2211239%22%20%28%22weekly%20ad%22%20OR%20circular%20OR%20flyer%20OR%20specials%29
612209,BED-ROSS GROCERY,11249,,ZIP-targeted web search (manual verify),https://duckduckgo.com/?q=%22BED-ROSS%20GROCERY%22%20%2211249%22%20%28%22weekly%20ad%22%20OR%20circular%20OR%20flyer%20OR%20specials%29,advertised,,,,,,,,,,"Second-pass ZIP-targeted search URL. Open link, verify official store ad/circular, then replace with confirmed source URL.",https://duckduckgo.com/?q=%22BED-ROSS%20GROCERY%22%20%2211249%22%20%28%22weekly%20ad%22%20OR%20circular%20OR%20flyer%20OR%20specials%29
723676,KIKKA @ WHOLE FOODS WILLIAMSBURG,11249,2026-05-23,Whole Foods Weekly Sales,https://www.wholefoodsmarket.com/sales-flyer,advertised,,,,,,,,,,Matched to chain circular/weekly-ad source.,https://duckduckgo.com/?q=%22KIKKA%20%40%20WHOLE%20FOODS%20WILLIAMSBURG%22%20%2211249%22%20%28%22weekly%20ad%22%20OR%20circular%20OR%20flyer%20OR%20specials%29
751378,TRADER JOE'S,11249,2026-05-23,Trader Joe's Fearless Flyer,https://www.traderjoes.com/home/fearless-flyer,advertised,,,,,,,,,,Matched to chain circular/weekly-ad source.,https://duckduckgo.com/?q=%22TRADER%20JOE%27S%22%20%2211249%22%20%28%22weekly%20ad%22%20OR%20circular%20OR%20flyer%20OR%20specials%29
724038,WHOLE FOODS MARKET,11249,2026-05-23,Whole Foods Weekly Sales,https://www.wholefoodsmarket.com/sales-flyer,advertised,,,,,,,,,,Matched to chain circular/weekly-ad source.,https://duckduckgo.com/?q=%22WHOLE%20FOODS%20MARKET%22%20%2211249%22%20%28%22weekly%20ad%22%20OR%20circular%20OR%20flyer%20OR%20specials%29
671167,BAYLOR GROCERY,11354,,ZIP-targeted web search (manual verify),https://duckduckgo.com/?q=%22BAYLOR%20GROCERY%22%20%2211354%22%20%28%22weekly%20ad%22%20OR%20circular%20OR%20flyer%20OR%20specials%29,advertised,,,,,,,,,,"Second-pass ZIP-targeted search URL. Open link, verify official store ad/circular, then replace with confirmed source URL.",https://duckduckgo.com/?q=%22BAYLOR%20GROCERY%22%20%2211354%22%20%28%22weekly%20ad%22%20OR%20circular%20OR%20flyer%20OR%20specials%29
762422,CLOUD GROCERY,11354,,ZIP-targeted web search (manual verify),https://duckduckgo.com/?q=%22CLOUD%20GROCERY%22%20%2211354%22%20%28%22weekly%20ad%22%20OR%20circular%20OR%20flyer%20OR%20specials%29,advertised,,,,,,,,,,"Second-pass ZIP-targeted search URL. Open link, verify official store ad/circular, then replace with confirmed source URL.",https://duckduckgo.com/?q=%22CLOUD%20GROCERY%22%20%2211354%22%20%28%22weekly%20ad%22%20OR%20circular%20OR%20flyer%20OR%20specials%29
752460,GW SUPERMARKET,11354,,ZIP-targeted web search (manual verify),https://duckduckgo.com/?q=%22GW%20SUPERMARKET%22%20%2211354%22%20%28%22weekly%20ad%22%20OR%20circular%20OR%20flyer%20OR%20specials%29,advertised,,,,,,,,,,"Second-pass ZIP-targeted search URL. Open link, verify official store ad/circular, then replace with confirmed source URL.",https://duckduckgo.com/?q=%22GW%20SUPERMARKET%22%20%2211354%22%20%28%22weekly%20ad%22%20OR%20circular%20OR%20flyer%20OR%20specials%29
752430,H MART,11354,2026-05-23,H Mart Weekly Sales,https://www.hmart.com/weekly-sales-and-events,advertised,,,,,,,,,,Matched to chain circular/weekly-ad source.,https://duckduckgo.com/?q=%22H%20MART%22%20%2211354%22%20%28%22weekly%20ad%22%20OR%20circular%20OR%20flyer%20OR%20specials%29
744266,H MART,11354,2026-05-23,H Mart Weekly Sales,https://www.hmart.com/weekly-sales-and-events,advertised,,,,,,,,,,Matched to chain circular/weekly-ad source.,https://duckduckgo.com/?q=%22H%20MART%22%20%2211354%22%20%28%22weekly%20ad%22%20OR%20circular%20OR%20flyer%20OR%20specials%29
633730,HANYANG SUPERMARKET,11354,,ZIP-targeted web search (manual verify),https://duckduckgo.com/?q=%22HANYANG%20SUPERMARKET%22%20%2211354%22%20%28%22weekly%20ad%22%20OR%20circular%20OR%20flyer%20OR%20specials%29,advertised,,,,,,,,,,"Second-pass ZIP-targeted search URL. Open link, verify official store ad/circular, then replace with confirmed source URL.",https://duckduckgo.com/?q=%22HANYANG%20SUPERMARKET%22%20%2211354%22%20%28%22weekly%20ad%22%20OR%20circular%20OR%20flyer%20OR%20specials%29
734102,HENGTONG GROCERY,11354,,ZIP-targeted web search (manual verify),https://duckduckgo.com/?q=%22HENGTONG%20GROCERY%22%20%2211354%22%20%28%22weekly%20ad%22%20OR%20circular%20OR%20flyer%20OR%20specials%29,advertised,,,,,,,,,,"Second-pass ZIP-targeted search URL. Open link, verify official store ad/circular, then replace with confirmed source URL.",https://duckduckgo.com/?q=%22HENGTONG%20GROCERY%22%20%2211354%22%20%28%22weekly%20ad%22%20OR%20circular%20OR%20flyer%20OR%20specials%29
739415,HUA LIAN SUPERMARKET,11354,,ZIP-targeted web search (manual verify),https://duckduckgo.com/?q=%22HUA%20LIAN%20SUPERMARKET%22%20%2211354%22%20%28%22weekly%20ad%22%20OR%20circular%20OR%20flyer%20OR%20specials%29,advertised,,,,,,,,,,"Second-pass ZIP-targeted search URL. Open link, verify official store ad/circular, then replace with confirmed source URL.",https://duckduckgo.com/?q=%22HUA%20LIAN%20SUPERMARKET%22%20%2211354%22%20%28%22weekly%20ad%22%20OR%20circular%20OR%20flyer%20OR%20specials%29
735994,KW SUPERMARKET,11354,,ZIP-targeted web search (manual verify),https://duckduckgo.com/?q=%22KW%20SUPERMARKET%22%20%2211354%22%20%28%22weekly%20ad%22%20OR%20circular%20OR%20flyer%20OR%20specials%29,advertised,,,,,,,,,,"Second-pass ZIP-targeted search URL. Open link, verify official store ad/circular, then replace with confirmed source URL.",https://duckduckgo.com/?q=%22KW%20SUPERMARKET%22%20%2211354%22%20%28%22weekly%20ad%22%20OR%20circular%20OR%20flyer%20OR%20specials%29
746845,US 1 SUPERMARKET,11354,,ZIP-targeted web search (manual verify),https://duckduckgo.com/?q=%22US%201%20SUPERMARKET%22%20%2211354%22%20%28%22weekly%20ad%22%20OR%20circular%20OR%20flyer%20OR%20specials%29,advertised,,,,,,,,,,"Second-pass ZIP-targeted search URL. Open link, verify official store ad/circular, then replace with confirmed source URL.",https://duckduckgo.com/?q=%22US%201%20SUPERMARKET%22%20%2211354%22%20%28%22weekly%20ad%22%20OR%20circular%20OR%20flyer%20OR%20specials%29
758133,WHITESTONE SUPERMARKET,11354,,ZIP-targeted web search (manual verify),https://duckduckgo.com/?q=%22WHITESTONE%20SUPERMARKET%22%20%2211354%22%20%28%22weekly%20ad%22%20OR%20circular%20OR%20flyer%20OR%20specials%29,advertised,,,,,,,,,,"Second-pass ZIP-targeted search URL. Open link, verify official store ad/circular, then replace with confirmed source URL.",https://duckduckgo.com/?q=%22WHITESTONE%20SUPERMARKET%22%20%2211354%22%20%28%22weekly%20ad%22%20OR%20circular%20OR%20flyer%20OR%20specials%29
760619,41 AVE ASIAN GROCERY STORE,11355,,ZIP-targeted web search (manual verify),https://duckduckgo.com/?q=%2241%20AVE%20ASIAN%20GROCERY%20STORE%22%20%2211355%22%20%28%22weekly%20ad%22%20OR%20circular%20OR%20flyer%20OR%20specials%29,advertised,,,,,,,,,,"Second-pass ZIP-targeted search URL. Open link, verify official store ad/circular, then replace with confirmed source URL.",https://duckduckgo.com/?q=%2241%20AVE%20ASIAN%20GROCERY%20STORE%22%20%2211355%22%20%28%22weekly%20ad%22%20OR%20circular%20OR%20flyer%20OR%20specials%29
734907,BOWNE GROCERY,11355,,ZIP-targeted web search (manual verify),https://duckduckgo.com/?q=%22BOWNE%20GROCERY%22%20%2211355%22%20%28%22weekly%20ad%22%20OR%20circular%20OR%20flyer%20OR%20specials%29,advertised,,,,,,,,,,"Second-pass ZIP-targeted search URL. Open link, verify official store ad/circular, then replace with confirmed source URL.",https://duckduckgo.com/?q=%22BOWNE%20GROCERY%22%20%2211355%22%20%28%22weekly%20ad%22%20OR%20circular%20OR%20flyer%20OR%20specials%29
634735,C&A SUPERMARKET,11355,,ZIP-targeted web search (manual verify),https://duckduckgo.com/?q=%22C%26A%20SUPERMARKET%22%20%2211355%22%20%28%22weekly%20ad%22%20OR%20circular%20OR%20flyer%20OR%20specials%29,advertised,,,,,,,,,,"Second-pass ZIP-targeted search URL. Open link, verify official store ad/circular, then replace with confirmed source URL.",https://duckduckgo.com/?q=%22C%26A%20SUPERMARKET%22%20%2211355%22%20%28%22weekly%20ad%22%20OR%20circular%20OR%20flyer%20OR%20specials%29
633958,CHUNG FAT SUPERMARKET,11355,,ZIP-targeted web search (manual verify),https://duckduckgo.com/?q=%22CHUNG%20FAT%20SUPERMARKET%22%20%2211355%22%20%28%22weekly%20ad%22%20OR%20circular%20OR%20flyer%20OR%20specials%29,advertised,,,,,,,,,,"Second-pass ZIP-targeted search URL. Open link, verify official store ad/circular, then replace with confirmed source URL.",https://duckduckgo.com/?q=%22CHUNG%20FAT%20SUPERMARKET%22%20%2211355%22%20%28%22weekly%20ad%22%20OR%20circular%20OR%20flyer%20OR%20specials%29
750752,CP LEGEND GROCERY,11355,,ZIP-targeted web search (manual verify),https://duckduckgo.com/?q=%22CP%20LEGEND%20GROCERY%22%20%2211355%22%20%28%22weekly%20ad%22%20OR%20circular%20OR%20flyer%20OR%20specials%29,advertised,,,,,,,,,,"Second-pass ZIP-targeted search URL. Open link, verify official store ad/circular, then replace with confirmed source URL.",https://duckduckgo.com/?q=%22CP%20LEGEND%20GROCERY%22%20%2211355%22%20%28%22weekly%20ad%22%20OR%20circular%20OR%20flyer%20OR%20specials%29
723534,DHYIA GROCERY AND CONVENIENCE STORE,11355,,ZIP-targeted web search (manual verify),https://duckduckgo.com/?q=%22DHYIA%20GROCERY%20AND%20CONVENIENCE%20STORE%22%20%2211355%22%20%28%22weekly%20ad%22%20OR%20circular%20OR%20flyer%20OR%20specials%29,advertised,,,,,,,,,,"Second-pass ZIP-targeted search URL. Open link, verify official store ad/circular, then replace with confirmed source URL.",https://duckduckgo.com/?q=%22DHYIA%20GROCERY%20AND%20CONVENIENCE%20STORE%22%20%2211355%22%20%28%22weekly%20ad%22%20OR%20circular%20OR%20flyer%20OR%20specials%29
760407,DOUBLE HAPPINESS GROCERY,11355,,ZIP-targeted web search (manual verify),https://duckduckgo.com/?q=%22DOUBLE%20HAPPINESS%20GROCERY%22%20%2211355%22%20%28%22weekly%20ad%22%20OR%20circular%20OR%20flyer%20OR%20specials%29,advertised,,,,,,,,,,"Second-pass ZIP-targeted search URL. Open link, verify official store ad/circular, then replace with confirmed source URL.",https://duckduckgo.com/?q=%22DOUBLE%20HAPPINESS%20GROCERY%22%20%2211355%22%20%28%22weekly%20ad%22%20OR%20circular%20OR%20flyer%20OR%20specials%29
753395,GAO VILLAGE SUPERMARKET,11355,,ZIP-targeted web search (manual verify),https://duckduckgo.com/?q=%22GAO%20VILLAGE%20SUPERMARKET%22%20%2211355%22%20%28%22weekly%20ad%22%20OR%20circular%20OR%20flyer%20OR%20specials%29,advertised,,,,,,,,,,"Second-pass ZIP-targeted search URL. Open link, verify official store ad/circular, then replace with confirmed source URL.",https://duckduckgo.com/?q=%22GAO%20VILLAGE%20SUPERMARKET%22%20%2211355%22%20%28%22weekly%20ad%22%20OR%20circular%20OR%20flyer%20OR%20specials%29
635922,GOLD CITY SUPERMARKET,11355,,ZIP-targeted web search (manual verify),https://duckduckgo.com/?q=%22GOLD%20CITY%20SUPERMARKET%22%20%2211355%22%20%28%22weekly%20ad%22%20OR%20circular%20OR%20flyer%20OR%20specials%29,advertised,,,,,,,,,,"Second-pass ZIP-targeted search URL. Open link, verify official store ad/circular, then replace with confirmed source URL.",https://duckduckgo.com/?q=%22GOLD%20CITY%20SUPERMARKET%22%20%2211355%22%20%28%22weekly%20ad%22%20OR%20circular%20OR%20flyer%20OR%20specials%29
758418,GOOD FORTUNE SUPERMARKET OF NY,11355,,ZIP-targeted web search (manual verify),https://duckduckgo.com/?q=%22GOOD%20FORTUNE%20SUPERMARKET%20OF%20NY%22%20%2211355%22%20%28%22weekly%20ad%22%20OR%20circular%20OR%20flyer%20OR%20specials%29,advertised,,,,,,,,,,"Second-pass ZIP-targeted search URL. Open link, verify official store ad/circular, then replace with confirmed source URL.",https://duckduckgo.com/?q=%22GOOD%20FORTUNE%20SUPERMARKET%20OF%20NY%22%20%2211355%22%20%28%22weekly%20ad%22%20OR%20circular%20OR%20flyer%20OR%20specials%29
757839,HAPPY CORNER GROCERY,11355,,ZIP-targeted web search (manual verify),https://duckduckgo.com/?q=%22HAPPY%20CORNER%20GROCERY%22%20%2211355%22%20%28%22weekly%20ad%22%20OR%20circular%20OR%20flyer%20OR%20specials%29,advertised,,,,,,,,,,"Second-pass ZIP-targeted search URL. Open link, verify official store ad/circular, then replace with confirmed source URL.",https://duckduckgo.com/?q=%22HAPPY%20CORNER%20GROCERY%22%20%2211355%22%20%28%22weekly%20ad%22%20OR%20circular%20OR%20flyer%20OR%20specials%29
745884,HENG GROCERY,11355,,ZIP-targeted web search (manual verify),https://duckduckgo.com/?q=%22HENG%20GROCERY%22%20%2211355%22%20%28%22weekly%20ad%22%20OR%20circular%20OR%20flyer%20OR%20specials%29,advertised,,,,,,,,,,"Second-pass ZIP-targeted search URL. Open link, verify official store ad/circular, then replace with confirmed source URL.",https://duckduckgo.com/?q=%22HENG%20GROCERY%22%20%2211355%22%20%28%22weekly%20ad%22%20OR%20circular%20OR%20flyer%20OR%20specials%29
759605,JY&Y GROCERY,11355,,ZIP-targeted web search (manual verify),https://duckduckgo.com/?q=%22JY%26Y%20GROCERY%22%20%2211355%22%20%28%22weekly%20ad%22%20OR%20circular%20OR%20flyer%20OR%20specials%29,advertised,,,,,,,,,,"Second-pass ZIP-targeted search URL. Open link, verify official store ad/circular, then replace with confirmed source URL.",https://duckduckgo.com/?q=%22JY%26Y%20GROCERY%22%20%2211355%22%20%28%22weekly%20ad%22%20OR%20circular%20OR%20flyer%20OR%20specials%29
737472,RI SHENG GROCERY,11355,,ZIP-targeted web search (manual verify),https://duckduckgo.com/?q=%22RI%20SHENG%20GROCERY%22%20%2211355%22%20%28%22weekly%20ad%22%20OR%20circular%20OR%20flyer%20OR%20specials%29,advertised,,,,,,,,,,"Second-pass ZIP-targeted search URL. Open link, verify official store ad/circular, then replace with confirmed source URL.",https://duckduckgo.com/?q=%22RI%20SHENG%20GROCERY%22%20%2211355%22%20%28%22weekly%20ad%22%20OR%20circular%20OR%20flyer%20OR%20specials%29
671015,SHREE SIDDHIVINAYAKA GROCERY,11355,,ZIP-targeted web search (manual verify),https://duckduckgo.com/?q=%22SHREE%20SIDDHIVINAYAKA%20GROCERY%22%20%2211355%22%20%28%22weekly%20ad%22%20OR%20circular%20OR%20flyer%20OR%20specials%29,advertised,,,,,,,,,,"Second-pass ZIP-targeted search URL. Open link, verify official store ad/circular, then replace with confirmed source URL.",https://duckduckgo.com/?q=%22SHREE%20SIDDHIVINAYAKA%20GROCERY%22%20%2211355%22%20%28%22weekly%20ad%22%20OR%20circular%20OR%20flyer%20OR%20specials%29
730452,SOPHIA GROCERY,11355,,ZIP-targeted web search (manual verify),https://duckduckgo.com/?q=%22SOPHIA%20GROCERY%22%20%2211355%22%20%28%22weekly%20ad%22%20OR%20circular%20OR%20flyer%20OR%20specials%29,advertised,,,,,,,,,,"Second-pass ZIP-targeted search URL. Open link, verify official store ad/circular, then replace with confirmed source URL.",https://duckduckgo.com/?q=%22SOPHIA%20GROCERY%22%20%2211355%22%20%28%22weekly%20ad%22%20OR%20circular%20OR%20flyer%20OR%20specials%29
764305,XINXIN GROCERY,11355,,ZIP-targeted web search (manual verify),https://duckduckgo.com/?q=%22XINXIN%20GROCERY%22%20%2211355%22%20%28%22weekly%20ad%22%20OR%20circular%20OR%20flyer%20OR%20specials%29,advertised,,,,,,,,,,"Second-pass ZIP-targeted search URL. Open link, verify official store ad/circular, then replace with confirmed source URL.",https://duckduckgo.com/?q=%22XINXIN%20GROCERY%22%20%2211355%22%20%28%22weekly%20ad%22%20OR%20circular%20OR%20flyer%20OR%20specials%29
706228,YONG FA SUPERMARKET,11355,,ZIP-targeted web search (manual verify),https://duckduckgo.com/?q=%22YONG%20FA%20SUPERMARKET%22%20%2211355%22%20%28%22weekly%20ad%22%20OR%20circular%20OR%20flyer%20OR%20specials%29,advertised,,,,,,,,,,"Second-pass ZIP-targeted search URL. Open link, verify official store ad/circular, then replace with confirmed source URL.",https://duckduckgo.com/?q=%22YONG%20FA%20SUPERMARKET%22%20%2211355%22%20%28%22weekly%20ad%22%20OR%20circular%20OR%20flyer%20OR%20specials%29
759575,ZHEN ZHEN GROCERY,11355,,ZIP-targeted web search (manual verify),https://duckduckgo.com/?q=%22ZHEN%20ZHEN%20GROCERY%22%20%2211355%22%20%28%22weekly%20ad%22%20OR%20circular%20OR%20flyer%20OR%20specials%29,advertised,,,,,,,,,,"Second-pass ZIP-targeted search URL. Open link, verify official store ad/circular, then replace with confirmed source URL.",https://duckduckgo.com/?q=%22ZHEN%20ZHEN%20GROCERY%22%20%2211355%22%20%28%22weekly%20ad%22%20OR%20circular%20OR%20flyer%20OR%20specials%29
632195,DHARA NEWS & GROCERY,11356,,ZIP-targeted web search (manual verify),https://duckduckgo.com/?q=%22DHARA%20NEWS%20%26%20GROCERY%22%20%2211356%22%20%28%22weekly%20ad%22%20OR%20circular%20OR%20flyer%20OR%20specials%29,advertised,,,,,,,,,,"Second-pass ZIP-targeted search URL. Open link, verify official store ad/circular, then replace with confirmed source URL.",https://duckduckgo.com/?q=%22DHARA%20NEWS%20%26%20GROCERY%22%20%2211356%22%20%28%22weekly%20ad%22%20OR%20circular%20OR%20flyer%20OR%20specials%29
753774,EAT FAIR GROCERY,11356,,ZIP-targeted web search (manual verify),https://duckduckgo.com/?q=%22EAT%20FAIR%20GROCERY%22%20%2211356%22%20%28%22weekly%20ad%22%20OR%20circular%20OR%20flyer%20OR%20specials%29,advertised,,,,,,,,,,"Second-pass ZIP-targeted search URL. Open link, verify official store ad/circular, then replace with confirmed source URL.",https://duckduckgo.com/?q=%22EAT%20FAIR%20GROCERY%22%20%2211356%22%20%28%22weekly%20ad%22%20OR%20circular%20OR%20flyer%20OR%20specials%29
711090,KEY FOOD 1776,11356,2026-05-23,Key Food / Food Universe Flyers,https://www.keyfood.com/flyers,advertised,,,,,,,,,,Matched to chain circular/weekly-ad source.,https://duckduckgo.com/?q=%22KEY%20FOOD%201776%22%20%2211356%22%20%28%22weekly%20ad%22%20OR%20circular%20OR%20flyer%20OR%20specials%29
719888,SHOPRITE OF 20TH AVENUE,11356,2026-05-23,ShopRite Weekly Circular,https://www.shoprite.com/sm/planning/rsid/473/circulars/,advertised,,,,,,,,,,Matched to chain circular/weekly-ad source.,https://duckduckgo.com/?q=%22SHOPRITE%20OF%2020TH%20AVENUE%22%20%2211356%22%20%28%22weekly%20ad%22%20OR%20circular%20OR%20flyer%20OR%20specials%29
734477,VDK GROCERY,11356,,ZIP-targeted web search (manual verify),https://duckduckgo.com/?q=%22VDK%20GROCERY%22%20%2211356%22%20%28%22weekly%20ad%22%20OR%20circular%20OR%20flyer%20OR%20specials%29,advertised,,,,,,,,,,"Second-pass ZIP-targeted search URL. Open link, verify official store ad/circular, then replace with confirmed source URL.",https://duckduckgo.com/?q=%22VDK%20GROCERY%22%20%2211356%22%20%28%22weekly%20ad%22%20OR%20circular%20OR%20flyer%20OR%20specials%29
633133,A TO Z GROCERY,11357,,ZIP-targeted web search (manual verify),https://duckduckgo.com/?q=%22A%20TO%20Z%20GROCERY%22%20%2211357%22%20%28%22weekly%20ad%22%20OR%20circular%20OR%20flyer%20OR%20specials%29,advertised,,,,,,,,,,"Second-pass ZIP-targeted search URL. Open link, verify official store ad/circular, then replace with confirmed source URL.",https://duckduckgo.com/?q=%22A%20TO%20Z%20GROCERY%22%20%2211357%22%20%28%22weekly%20ad%22%20OR%20circular%20OR%20flyer%20OR%20specials%29
738508,MET FRESH SUPERMARKET,11357,2026-05-23,Met Foods Weekly Ad,https://www.metfoods.com/weekly-ad/,advertised,,,,,,,,,,Matched to chain circular/weekly-ad source.,https://duckduckgo.com/?q=%22MET%20FRESH%20SUPERMARKET%22%20%2211357%22%20%28%22weekly%20ad%22%20OR%20circular%20OR%20flyer%20OR%20specials%29
729848,CHOI VEGETABLE & GROCERY,11358,,ZIP-targeted web search (manual verify),https://duckduckgo.com/?q=%22CHOI%20VEGETABLE%20%26%20GROCERY%22%20%2211358%22%20%28%22weekly%20ad%22%20OR%20circular%20OR%20flyer%20OR%20specials%29,advertised,,,,,,,,,,"Second-pass ZIP-targeted search URL. Open link, verify official store ad/circular, then replace with confirmed source URL.",https://duckduckgo.com/?q=%22CHOI%20VEGETABLE%20%26%20GROCERY%22%20%2211358%22%20%28%22weekly%20ad%22%20OR%20circular%20OR%20flyer%20OR%20specials%29
707748,H MART,11358,2026-05-23,H Mart Weekly Sales,https://www.hmart.com/weekly-sales-and-events,advertised,,,,,,,,,,Matched to chain circular/weekly-ad source.,https://duckduckgo.com/?q=%22H%20MART%22%20%2211358%22%20%28%22weekly%20ad%22%20OR%20circular%20OR%20flyer%20OR%20specials%29
757946,LUCEROS GROCERY STORE,11358,,ZIP-targeted web search (manual verify),https://duckduckgo.com/?q=%22LUCEROS%20GROCERY%20STORE%22%20%2211358%22%20%28%22weekly%20ad%22%20OR%20circular%20OR%20flyer%20OR%20specials%29,advertised,,,,,,,,,,"Second-pass ZIP-targeted search URL. Open link, verify official store ad/circular, then replace with confirmed source URL.",https://duckduckgo.com/?q=%22LUCEROS%20GROCERY%20STORE%22%20%2211358%22%20%28%22weekly%20ad%22%20OR%20circular%20OR%20flyer%20OR%20specials%29
742756,MARINO'S SUPERMARKET,11358,,ZIP-targeted web search (manual verify),https://duckduckgo.com/?q=%22MARINO%27S%20SUPERMARKET%22%20%2211358%22%20%28%22weekly%20ad%22%20OR%20circular%20OR%20flyer%20OR%20specials%29,advertised,,,,,,,,,,"Second-pass ZIP-targeted search URL. Open link, verify official store ad/circular, then replace with confirmed source URL.",https://duckduckgo.com/?q=%22MARINO%27S%20SUPERMARKET%22%20%2211358%22%20%28%22weekly%20ad%22%20OR%20circular%20OR%20flyer%20OR%20specials%29
706367,T & C GROCERY,11358,,ZIP-targeted web search (manual verify),https://duckduckgo.com/?q=%22T%20%26%20C%20GROCERY%22%20%2211358%22%20%28%22weekly%20ad%22%20OR%20circular%20OR%20flyer%20OR%20specials%29,advertised,,,,,,,,,,"Second-pass ZIP-targeted search URL. Open link, verify official store ad/circular, then replace with confirmed source URL.",https://duckduckgo.com/?q=%22T%20%26%20C%20GROCERY%22%20%2211358%22%20%28%22weekly%20ad%22%20OR%20circular%20OR%20flyer%20OR%20specials%29
768372,AJ&E 99UP SUPERMARKET,11361,,ZIP-targeted web search (manual verify),https://duckduckgo.com/?q=%22AJ%26E%2099UP%20SUPERMARKET%22%20%2211361%22%20%28%22weekly%20ad%22%20OR%20circular%20OR%20flyer%20OR%20specials%29,advertised,,,,,,,,,,"Second-pass ZIP-targeted search URL. Open link, verify official store ad/circular, then replace with confirmed source URL.",https://duckduckgo.com/?q=%22AJ%26E%2099UP%20SUPERMARKET%22%20%2211361%22%20%28%22weekly%20ad%22%20OR%20circular%20OR%20flyer%20OR%20specials%29
755549,WALFOOD SUPERMARKET,11361,,ZIP-targeted web search (manual verify),https://duckduckgo.com/?q=%22WALFOOD%20SUPERMARKET%22%20%2211361%22%20%28%22weekly%20ad%22%20OR%20circular%20OR%20flyer%20OR%20specials%29,advertised,,,,,,,,,,"Second-pass ZIP-targeted search URL. Open link, verify official store ad/circular, then replace with confirmed source URL.",https://duckduckgo.com/?q=%22WALFOOD%20SUPERMARKET%22%20%2211361%22%20%28%22weekly%20ad%22%20OR%20circular%20OR%20flyer%20OR%20specials%29
755766,ACE SUSHI@FOOD BAZAAR,11362,2026-05-23,Food Bazaar Weekly Ad,https://www.foodbazaar.com/weekly-ad/,advertised,,,,,,,,,,Matched to chain circular/weekly-ad source.,https://duckduckgo.com/?q=%22ACE%20SUSHI%40FOOD%20BAZAAR%22%20%2211362%22%20%28%22weekly%20ad%22%20OR%20circular%20OR%20flyer%20OR%20specials%29
743868,FOOD BAZAAR,11362,2026-05-23,Food Bazaar Weekly Ad,https://www.foodbazaar.com/weekly-ad/,advertised,,,,,,,,,,Matched to chain circular/weekly-ad source.,https://duckduckgo.com/?q=%22FOOD%20BAZAAR%22%20%2211362%22%20%28%22weekly%20ad%22%20OR%20circular%20OR%20flyer%20OR%20specials%29
745120,LITTLE NECK SUPERMARKET,11362,,ZIP-targeted web search (manual verify),https://duckduckgo.com/?q=%22LITTLE%20NECK%20SUPERMARKET%22%20%2211362%22%20%28%22weekly%20ad%22%20OR%20circular%20OR%20flyer%20OR%20specials%29,advertised,,,,,,,,,,"Second-pass ZIP-targeted search URL. Open link, verify official store ad/circular, then replace with confirmed source URL.",https://duckduckgo.com/?q=%22LITTLE%20NECK%20SUPERMARKET%22%20%2211362%22%20%28%22weekly%20ad%22%20OR%20circular%20OR%20flyer%20OR%20specials%29
766771,68 AVE BABY GROCERY,11365,,ZIP-targeted web search (manual verify),https://duckduckgo.com/?q=%2268%20AVE%20BABY%20GROCERY%22%20%2211365%22%20%28%22weekly%20ad%22%20OR%20circular%20OR%20flyer%20OR%20specials%29,advertised,,,,,,,,,,"Second-pass ZIP-targeted search URL. Open link, verify official store ad/circular, then replace with confirmed source URL.",https://duckduckgo.com/?q=%2268%20AVE%20BABY%20GROCERY%22%20%2211365%22%20%28%22weekly%20ad%22%20OR%20circular%20OR%20flyer%20OR%20specials%29
749093,ASSOCIATED FRESH MARKETPLACE,11365,2026-05-23,Associated Supermarkets Weekly Ad,https://www.yapik.com/us/associated-supermarkets/weekly-ad,advertised,,,,,,,,,,Matched to third-party weekly-ad index for this chain; verify store-specific ad before final use.,https://duckduckgo.com/?q=%22ASSOCIATED%20FRESH%20MARKETPLACE%22%20%2211365%22%20%28%22weekly%20ad%22%20OR%20circular%20OR%20flyer%20OR%20specials%29
636862,KEY FOOD 1044,11365,2026-05-23,Key Food / Food Universe Flyers,https://www.keyfood.com/flyers,advertised,,,,,,,,,,Matched to chain circular/weekly-ad source.,https://duckduckgo.com/?q=%22KEY%20FOOD%201044%22%20%2211365%22%20%28%22weekly%20ad%22%20OR%20circular%20OR%20flyer%20OR%20specials%29
765721,LIDL #1572,11365,2026-05-23,Lidl Weekly Ad,https://www.lidl.com/flyer,advertised,,,,,,,,,,Matched to chain circular/weekly-ad source.,https://duckduckgo.com/?q=%22LIDL%20%231572%22%20%2211365%22%20%28%22weekly%20ad%22%20OR%20circular%20OR%20flyer%20OR%20specials%29
709769,KOUCHI SUPERMARKET,11366,,ZIP-targeted web search (manual verify),https://duckduckgo.com/?q=%22KOUCHI%20SUPERMARKET%22%20%2211366%22%20%28%22weekly%20ad%22%20OR%20circular%20OR%20flyer%20OR%20specials%29,advertised,,,,,,,,,,"Second-pass ZIP-targeted search URL. Open link, verify official store ad/circular, then replace with confirmed source URL.",https://duckduckgo.com/?q=%22KOUCHI%20SUPERMARKET%22%20%2211366%22%20%28%22weekly%20ad%22%20OR%20circular%20OR%20flyer%20OR%20specials%29
732977,KEY FOOD,11367,2026-05-23,Key Food / Food Universe Flyers,https://www.keyfood.com/flyers,advertised,,,,,,,,,,Matched to chain circular/weekly-ad source.,https://duckduckgo.com/?q=%22KEY%20FOOD%22%20%2211367%22%20%28%22weekly%20ad%22%20OR%20circular%20OR%20flyer%20OR%20specials%29
733517,KEY FOOD MARKET PLACE,11367,2026-05-23,Key Food / Food Universe Flyers,https://www.keyfood.com/flyers,advertised,,,,,,,,,,Matched to chain circular/weekly-ad source.,https://duckduckgo.com/?q=%22KEY%20FOOD%20MARKET%20PLACE%22%20%2211367%22%20%28%22weekly%20ad%22%20OR%20circular%20OR%20flyer%20OR%20specials%29
731654,MAZAL GLATT SUPERMARKET,11367,,ZIP-targeted web search (manual verify),https://duckduckgo.com/?q=%22MAZAL%20GLATT%20SUPERMARKET%22%20%2211367%22%20%28%22weekly%20ad%22%20OR%20circular%20OR%20flyer%20OR%20specials%29,advertised,,,,,,,,,,"Second-pass ZIP-targeted search URL. Open link, verify official store ad/circular, then replace with confirmed source URL.",https://duckduckgo.com/?q=%22MAZAL%20GLATT%20SUPERMARKET%22%20%2211367%22%20%28%22weekly%20ad%22%20OR%20circular%20OR%20flyer%20OR%20specials%29
634979,PAULS GROCERY,11367,,ZIP-targeted web search (manual verify),https://duckduckgo.com/?q=%22PAULS%20GROCERY%22%20%2211367%22%20%28%22weekly%20ad%22%20OR%20circular%20OR%20flyer%20OR%20specials%29,advertised,,,,,,,,,,"Second-pass ZIP-targeted search URL. Open link, verify official store ad/circular, then replace with confirmed source URL.",https://duckduckgo.com/?q=%22PAULS%20GROCERY%22%20%2211367%22%20%28%22weekly%20ad%22%20OR%20circular%20OR%20flyer%20OR%20specials%29
725505,R & M MAIN SUPERMARKET,11367,,ZIP-targeted web search (manual verify),https://duckduckgo.com/?q=%22R%20%26%20M%20MAIN%20SUPERMARKET%22%20%2211367%22%20%28%22weekly%20ad%22%20OR%20circular%20OR%20flyer%20OR%20specials%29,advertised,,,,,,,,,,"Second-pass ZIP-targeted search URL. Open link, verify official store ad/circular, then replace with confirmed source URL.",https://duckduckgo.com/?q=%22R%20%26%20M%20MAIN%20SUPERMARKET%22%20%2211367%22%20%28%22weekly%20ad%22%20OR%20circular%20OR%20flyer%20OR%20specials%29
716264,WASSERMAN SUPERMARKET,11367,,ZIP-targeted web search (manual verify),https://duckduckgo.com/?q=%22WASSERMAN%20SUPERMARKET%22%20%2211367%22%20%28%22weekly%20ad%22%20OR%20circular%20OR%20flyer%20OR%20specials%29,advertised,,,,,,,,,,"Second-pass ZIP-targeted search URL. Open link, verify official store ad/circular, then replace with confirmed source URL.",https://duckduckgo.com/?q=%22WASSERMAN%20SUPERMARKET%22%20%2211367%22%20%28%22weekly%20ad%22%20OR%20circular%20OR%20flyer%20OR%20specials%29
707882,108TH STREET GROCERY,11368,,ZIP-targeted web search (manual verify),https://duckduckgo.com/?q=%22108TH%20STREET%20GROCERY%22%20%2211368%22%20%28%22weekly%20ad%22%20OR%20circular%20OR%20flyer%20OR%20specials%29,advertised,,,,,,,,,,"Second-pass ZIP-targeted search URL. Open link, verify official store ad/circular, then replace with confirmed source URL.",https://duckduckgo.com/?q=%22108TH%20STREET%20GROCERY%22%20%2211368%22%20%28%22weekly%20ad%22%20OR%20circular%20OR%20flyer%20OR%20specials%29
631889,3 STAR GROCERY,11368,,ZIP-targeted web search (manual verify),https://duckduckgo.com/?q=%223%20STAR%20GROCERY%22%20%2211368%22%20%28%22weekly%20ad%22%20OR%20circular%20OR%20flyer%20OR%20specials%29,advertised,,,,,,,,,,"Second-pass ZIP-targeted search URL. Open link, verify official store ad/circular, then replace with confirmed source URL.",https://duckduckgo.com/?q=%223%20STAR%20GROCERY%22%20%2211368%22%20%28%22weekly%20ad%22%20OR%20circular%20OR%20flyer%20OR%20specials%29
750682,4306 HAPPY GROCERY,11368,,ZIP-targeted web search (manual verify),https://duckduckgo.com/?q=%224306%20HAPPY%20GROCERY%22%20%2211368%22%20%28%22weekly%20ad%22%20OR%20circular%20OR%20flyer%20OR%20specials%29,advertised,,,,,,,,,,"Second-pass ZIP-targeted search URL. Open link, verify official store ad/circular, then replace with confirmed source URL.",https://duckduckgo.com/?q=%224306%20HAPPY%20GROCERY%22%20%2211368%22%20%28%22weekly%20ad%22%20OR%20circular%20OR%20flyer%20OR%20specials%29
766508,ALKARE GROCERY,11368,,ZIP-targeted web search (manual verify),https://duckduckgo.com/?q=%22ALKARE%20GROCERY%22%20%2211368%22%20%28%22weekly%20ad%22%20OR%20circular%20OR%20flyer%20OR%20specials%29,advertised,,,,,,,,,,"Second-pass ZIP-targeted search URL. Open link, verify official store ad/circular, then replace with confirmed source URL.",https://duckduckgo.com/?q=%22ALKARE%20GROCERY%22%20%2211368%22%20%28%22weekly%20ad%22%20OR%20circular%20OR%20flyer%20OR%20specials%29
633770,BAEZ GROCERY STORE,11368,,ZIP-targeted web search (manual verify),https://duckduckgo.com/?q=%22BAEZ%20GROCERY%20STORE%22%20%2211368%22%20%28%22weekly%20ad%22%20OR%20circular%20OR%20flyer%20OR%20specials%29,advertised,,,,,,,,,,"Second-pass ZIP-targeted search URL. Open link, verify official store ad/circular, then replace with confirmed source URL.",https://duckduckgo.com/?q=%22BAEZ%20GROCERY%20STORE%22%20%2211368%22%20%28%22weekly%20ad%22%20OR%20circular%20OR%20flyer%20OR%20specials%29
637197,C TOWN SUPERMARKET,11368,2026-05-23,CTown Weekly Ad,https://www.ctownsupermarkets.com/Weekly-Ad,advertised,,,,,,,,,,Matched to chain circular/weekly-ad source.,https://duckduckgo.com/?q=%22C%20TOWN%20SUPERMARKET%22%20%2211368%22%20%28%22weekly%20ad%22%20OR%20circular%20OR%20flyer%20OR%20specials%29
730717,CANDY & GROCERY FOOD,11368,,ZIP-targeted web search (manual verify),https://duckduckgo.com/?q=%22CANDY%20%26%20GROCERY%20FOOD%22%20%2211368%22%20%28%22weekly%20ad%22%20OR%20circular%20OR%20flyer%20OR%20specials%29,advertised,,,,,,,,,,"Second-pass ZIP-targeted search URL. Open link, verify official store ad/circular, then replace with confirmed source URL.",https://duckduckgo.com/?q=%22CANDY%20%26%20GROCERY%20FOOD%22%20%2211368%22%20%28%22weekly%20ad%22%20OR%20circular%20OR%20flyer%20OR%20specials%29
632722,CIBAO GROCERY,11368,,ZIP-targeted web search (manual verify),https://duckduckgo.com/?q=%22CIBAO%20GROCERY%22%20%2211368%22%20%28%22weekly%20ad%22%20OR%20circular%20OR%20flyer%20OR%20specials%29,advertised,,,,,,,,,,"Second-pass ZIP-targeted search URL. Open link, verify official store ad/circular, then replace with confirmed source URL.",https://duckduckgo.com/?q=%22CIBAO%20GROCERY%22%20%2211368%22%20%28%22weekly%20ad%22%20OR%20circular%20OR%20flyer%20OR%20specials%29
756643,DELY GROCERY ECUATORIAN,11368,,ZIP-targeted web search (manual verify),https://duckduckgo.com/?q=%22DELY%20GROCERY%20ECUATORIAN%22%20%2211368%22%20%28%22weekly%20ad%22%20OR%20circular%20OR%20flyer%20OR%20specials%29,advertised,,,,,,,,,,"Second-pass ZIP-targeted search URL. Open link, verify official store ad/circular, then replace with confirmed source URL.",https://duckduckgo.com/?q=%22DELY%20GROCERY%20ECUATORIAN%22%20%2211368%22%20%28%22weekly%20ad%22%20OR%20circular%20OR%20flyer%20OR%20specials%29
639078,ELIS GROCERY,11368,,ZIP-targeted web search (manual verify),https://duckduckgo.com/?q=%22ELIS%20GROCERY%22%20%2211368%22%20%28%22weekly%20ad%22%20OR%20circular%20OR%20flyer%20OR%20specials%29,advertised,,,,,,,,,,"Second-pass ZIP-targeted search URL. Open link, verify official store ad/circular, then replace with confirmed source URL.",https://duckduckgo.com/?q=%22ELIS%20GROCERY%22%20%2211368%22%20%28%22weekly%20ad%22%20OR%20circular%20OR%20flyer%20OR%20specials%29
635744,ESQUINA 100&34 GROCERY,11368,,ZIP-targeted web search (manual verify),https://duckduckgo.com/?q=%22ESQUINA%20100%2634%20GROCERY%22%20%2211368%22%20%28%22weekly%20ad%22%20OR%20circular%20OR%20flyer%20OR%20specials%29,advertised,,,,,,,,,,"Second-pass ZIP-targeted search URL. Open link, verify official store ad/circular, then replace with confirmed source URL.",https://duckduckgo.com/?q=%22ESQUINA%20100%2634%20GROCERY%22%20%2211368%22%20%28%22weekly%20ad%22%20OR%20circular%20OR%20flyer%20OR%20specials%29
632118,FOOD BAZAAR SUPERMARKET,11368,2026-05-23,Food Bazaar Weekly Ad,https://www.foodbazaar.com/weekly-ad/,advertised,,,,,,,,,,Matched to chain circular/weekly-ad source.,https://duckduckgo.com/?q=%22FOOD%20BAZAAR%20SUPERMARKET%22%20%2211368%22%20%28%22weekly%20ad%22%20OR%20circular%20OR%20flyer%20OR%20specials%29
760961,FRESH FARM SUPERMARKET,11368,,ZIP-targeted web search (manual verify),https://duckduckgo.com/?q=%22FRESH%20FARM%20SUPERMARKET%22%20%2211368%22%20%28%22weekly%20ad%22%20OR%20circular%20OR%20flyer%20OR%20specials%29,advertised,,,,,,,,,,"Second-pass ZIP-targeted search URL. Open link, verify official store ad/circular, then replace with confirmed source URL.",https://duckduckgo.com/?q=%22FRESH%20FARM%20SUPERMARKET%22%20%2211368%22%20%28%22weekly%20ad%22%20OR%20circular%20OR%20flyer%20OR%20specials%29
715666,GRANDE MUNDO SUPERMARKET,11368,,ZIP-targeted web search (manual verify),https://duckduckgo.com/?q=%22GRANDE%20MUNDO%20SUPERMARKET%22%20%2211368%22%20%28%22weekly%20ad%22%20OR%20circular%20OR%20flyer%20OR%20specials%29,advertised,,,,,,,,,,"Second-pass ZIP-targeted search URL. Open link, verify official store ad/circular, then replace with confirmed source URL.",https://duckduckgo.com/?q=%22GRANDE%20MUNDO%20SUPERMARKET%22%20%2211368%22%20%28%22weekly%20ad%22%20OR%20circular%20OR%20flyer%20OR%20specials%29
766839,GROCERY VIRGEN DEL CISNE,11368,,ZIP-targeted web search (manual verify),https://duckduckgo.com/?q=%22GROCERY%20VIRGEN%20DEL%20CISNE%22%20%2211368%22%20%28%22weekly%20ad%22%20OR%20circular%20OR%20flyer%20OR%20specials%29,advertised,,,,,,,,,,"Second-pass ZIP-targeted search URL. Open link, verify official store ad/circular, then replace with confirmed source URL.",https://duckduckgo.com/?q=%22GROCERY%20VIRGEN%20DEL%20CISNE%22%20%2211368%22%20%28%22weekly%20ad%22%20OR%20circular%20OR%20flyer%20OR%20specials%29
638818,HERNANDEZ SUPERMARKET,11368,,ZIP-targeted web search (manual verify),https://duckduckgo.com/?q=%22HERNANDEZ%20SUPERMARKET%22%20%2211368%22%20%28%22weekly%20ad%22%20OR%20circular%20OR%20flyer%20OR%20specials%29,advertised,,,,,,,,,,"Second-pass ZIP-targeted search URL. Open link, verify official store ad/circular, then replace with confirmed source URL.",https://duckduckgo.com/?q=%22HERNANDEZ%20SUPERMARKET%22%20%2211368%22%20%28%22weekly%20ad%22%20OR%20circular%20OR%20flyer%20OR%20specials%29
749507,J & M GROCERY,11368,,ZIP-targeted web search (manual verify),https://duckduckgo.com/?q=%22J%20%26%20M%20GROCERY%22%20%2211368%22%20%28%22weekly%20ad%22%20OR%20circular%20OR%20flyer%20OR%20specials%29,advertised,,,,,,,,,,"Second-pass ZIP-targeted search URL. Open link, verify official store ad/circular, then replace with confirmed source URL.",https://duckduckgo.com/?q=%22J%20%26%20M%20GROCERY%22%20%2211368%22%20%28%22weekly%20ad%22%20OR%20circular%20OR%20flyer%20OR%20specials%29
753703,JONY GROCERY,11368,,ZIP-targeted web search (manual verify),https://duckduckgo.com/?q=%22JONY%20GROCERY%22%20%2211368%22%20%28%22weekly%20ad%22%20OR%20circular%20OR%20flyer%20OR%20specials%29,advertised,,,,,,,,,,"Second-pass ZIP-targeted search URL. Open link, verify official store ad/circular, then replace with confirmed source URL.",https://duckduckgo.com/?q=%22JONY%20GROCERY%22%20%2211368%22%20%28%22weekly%20ad%22%20OR%20circular%20OR%20flyer%20OR%20specials%29
754041,JUSBELINDA GROCERY,11368,,ZIP-targeted web search (manual verify),https://duckduckgo.com/?q=%22JUSBELINDA%20GROCERY%22%20%2211368%22%20%28%22weekly%20ad%22%20OR%20circular%20OR%20flyer%20OR%20specials%29,advertised,,,,,,,,,,"Second-pass ZIP-targeted search URL. Open link, verify official store ad/circular, then replace with confirmed source URL.",https://duckduckgo.com/?q=%22JUSBELINDA%20GROCERY%22%20%2211368%22%20%28%22weekly%20ad%22%20OR%20circular%20OR%20flyer%20OR%20specials%29
633759,KEY FOOD,11368,2026-05-23,Key Food / Food Universe Flyers,https://www.keyfood.com/flyers,advertised,,,,,,,,,,Matched to chain circular/weekly-ad source.,https://duckduckgo.com/?q=%22KEY%20FOOD%22%20%2211368%22%20%28%22weekly%20ad%22%20OR%20circular%20OR%20flyer%20OR%20specials%29
637529,KEY FOOD 1454,11368,2026-05-23,Key Food / Food Universe Flyers,https://www.keyfood.com/flyers,advertised,,,,,,,,,,Matched to chain circular/weekly-ad source.,https://duckduckgo.com/?q=%22KEY%20FOOD%201454%22%20%2211368%22%20%28%22weekly%20ad%22%20OR%20circular%20OR%20flyer%20OR%20specials%29
753763,LA SIMPATIA GROCERY,11368,,ZIP-targeted web search (manual verify),https://duckduckgo.com/?q=%22LA%20SIMPATIA%20GROCERY%22%20%2211368%22%20%28%22weekly%20ad%22%20OR%20circular%20OR%20flyer%20OR%20specials%29,advertised,,,,,,,,,,"Second-pass ZIP-targeted search URL. Open link, verify official store ad/circular, then replace with confirmed source URL.",https://duckduckgo.com/?q=%22LA%20SIMPATIA%20GROCERY%22%20%2211368%22%20%28%22weekly%20ad%22%20OR%20circular%20OR%20flyer%20OR%20specials%29
755731,LOS VECINOS GROCERY STORE,11368,,ZIP-targeted web search (manual verify),https://duckduckgo.com/?q=%22LOS%20VECINOS%20GROCERY%20STORE%22%20%2211368%22%20%28%22weekly%20ad%22%20OR%20circular%20OR%20flyer%20OR%20specials%29,advertised,,,,,,,,,,"Second-pass ZIP-targeted search URL. Open link, verify official store ad/circular, then replace with confirmed source URL.",https://duckduckgo.com/?q=%22LOS%20VECINOS%20GROCERY%20STORE%22%20%2211368%22%20%28%22weekly%20ad%22%20OR%20circular%20OR%20flyer%20OR%20specials%29
631266,LUCIANO GROCERY,11368,,ZIP-targeted web search (manual verify),https://duckduckgo.com/?q=%22LUCIANO%20GROCERY%22%20%2211368%22%20%28%22weekly%20ad%22%20OR%20circular%20OR%20flyer%20OR%20specials%29,advertised,,,,,,,,,,"Second-pass ZIP-targeted search URL. Open link, verify official store ad/circular, then replace with confirmed source URL.",https://duckduckgo.com/?q=%22LUCIANO%20GROCERY%22%20%2211368%22%20%28%22weekly%20ad%22%20OR%20circular%20OR%20flyer%20OR%20specials%29
639806,MARIANITAS GROCERY,11368,,ZIP-targeted web search (manual verify),https://duckduckgo.com/?q=%22MARIANITAS%20GROCERY%22%20%2211368%22%20%28%22weekly%20ad%22%20OR%20circular%20OR%20flyer%20OR%20specials%29,advertised,,,,,,,,,,"Second-pass ZIP-targeted search URL. Open link, verify official store ad/circular, then replace with confirmed source URL.",https://duckduckgo.com/?q=%22MARIANITAS%20GROCERY%22%20%2211368%22%20%28%22weekly%20ad%22%20OR%20circular%20OR%20flyer%20OR%20specials%29
734346,MELYS GROCERY,11368,,ZIP-targeted web search (manual verify),https://duckduckgo.com/?q=%22MELYS%20GROCERY%22%20%2211368%22%20%28%22weekly%20ad%22%20OR%20circular%20OR%20flyer%20OR%20specials%29,advertised,,,,,,,,,,"Second-pass ZIP-targeted search URL. Open link, verify official store ad/circular, then replace with confirmed source URL.",https://duckduckgo.com/?q=%22MELYS%20GROCERY%22%20%2211368%22%20%28%22weekly%20ad%22%20OR%20circular%20OR%20flyer%20OR%20specials%29
634580,MERCEDITAS GROCERY STR,11368,,ZIP-targeted web search (manual verify),https://duckduckgo.com/?q=%22MERCEDITAS%20GROCERY%20STR%22%20%2211368%22%20%28%22weekly%20ad%22%20OR%20circular%20OR%20flyer%20OR%20specials%29,advertised,,,,,,,,,,"Second-pass ZIP-targeted search URL. Open link, verify official store ad/circular, then replace with confirmed source URL.",https://duckduckgo.com/?q=%22MERCEDITAS%20GROCERY%20STR%22%20%2211368%22%20%28%22weekly%20ad%22%20OR%20circular%20OR%20flyer%20OR%20specials%29
716970,MI TIERRA SUPERMARKET,11368,,ZIP-targeted web search (manual verify),https://duckduckgo.com/?q=%22MI%20TIERRA%20SUPERMARKET%22%20%2211368%22%20%28%22weekly%20ad%22%20OR%20circular%20OR%20flyer%20OR%20specials%29,advertised,,,,,,,,,,"Second-pass ZIP-targeted search URL. Open link, verify official store ad/circular, then replace with confirmed source URL.",https://duckduckgo.com/?q=%22MI%20TIERRA%20SUPERMARKET%22%20%2211368%22%20%28%22weekly%20ad%22%20OR%20circular%20OR%20flyer%20OR%20specials%29
702001,MI TIERRA SUPERMARKET,11368,,ZIP-targeted web search (manual verify),https://duckduckgo.com/?q=%22MI%20TIERRA%20SUPERMARKET%22%20%2211368%22%20%28%22weekly%20ad%22%20OR%20circular%20OR%20flyer%20OR%20specials%29,advertised,,,,,,,,,,"Second-pass ZIP-targeted search URL. Open link, verify official store ad/circular, then replace with confirmed source URL.",https://duckduckgo.com/?q=%22MI%20TIERRA%20SUPERMARKET%22%20%2211368%22%20%28%22weekly%20ad%22%20OR%20circular%20OR%20flyer%20OR%20specials%29
748327,MINI GROCERY NATIONAL CARNICERIA,11368,,ZIP-targeted web search (manual verify),https://duckduckgo.com/?q=%22MINI%20GROCERY%20NATIONAL%20CARNICERIA%22%20%2211368%22%20%28%22weekly%20ad%22%20OR%20circular%20OR%20flyer%20OR%20specials%29,advertised,,,,,,,,,,"Second-pass ZIP-targeted search URL. Open link, verify official store ad/circular, then replace with confirmed source URL.",https://duckduckgo.com/?q=%22MINI%20GROCERY%20NATIONAL%20CARNICERIA%22%20%2211368%22%20%28%22weekly%20ad%22%20OR%20circular%20OR%20flyer%20OR%20specials%29
639593,MONTEROS GROCERY,11368,,ZIP-targeted web search (manual verify),https://duckduckgo.com/?q=%22MONTEROS%20GROCERY%22%20%2211368%22%20%28%22weekly%20ad%22%20OR%20circular%20OR%20flyer%20OR%20specials%29,advertised,,,,,,,,,,"Second-pass ZIP-targeted search URL. Open link, verify official store ad/circular, then replace with confirmed source URL.",https://duckduckgo.com/?q=%22MONTEROS%20GROCERY%22%20%2211368%22%20%28%22weekly%20ad%22%20OR%20circular%20OR%20flyer%20OR%20specials%29
714887,PIONEER SUPERMARKET,11368,2026-05-23,Pioneer Supermarkets Store Site,https://www.pioneersupermarkets.com/,advertised,,,,,,,,,,Matched to chain circular/weekly-ad source.,https://duckduckgo.com/?q=%22PIONEER%20SUPERMARKET%22%20%2211368%22%20%28%22weekly%20ad%22%20OR%20circular%20OR%20flyer%20OR%20specials%29
738941,R STOP 1 SUPERMARKET,11368,,ZIP-targeted web search (manual verify),https://duckduckgo.com/?q=%22R%20STOP%201%20SUPERMARKET%22%20%2211368%22%20%28%22weekly%20ad%22%20OR%20circular%20OR%20flyer%20OR%20specials%29,advertised,,,,,,,,,,"Second-pass ZIP-targeted search URL. Open link, verify official store ad/circular, then replace with confirmed source URL.",https://duckduckgo.com/?q=%22R%20STOP%201%20SUPERMARKET%22%20%2211368%22%20%28%22weekly%20ad%22%20OR%20circular%20OR%20flyer%20OR%20specials%29
630113,RAMIREZ GROCERY,11368,,ZIP-targeted web search (manual verify),https://duckduckgo.com/?q=%22RAMIREZ%20GROCERY%22%20%2211368%22%20%28%22weekly%20ad%22%20OR%20circular%20OR%20flyer%20OR%20specials%29,advertised,,,,,,,,,,"Second-pass ZIP-targeted search URL. Open link, verify official store ad/circular, then replace with confirmed source URL.",https://duckduckgo.com/?q=%22RAMIREZ%20GROCERY%22%20%2211368%22%20%28%22weekly%20ad%22%20OR%20circular%20OR%20flyer%20OR%20specials%29
734178,RODRIGUEZ GROCERY STORE #2,11368,,ZIP-targeted web search (manual verify),https://duckduckgo.com/?q=%22RODRIGUEZ%20GROCERY%20STORE%20%232%22%20%2211368%22%20%28%22weekly%20ad%22%20OR%20circular%20OR%20flyer%20OR%20specials%29,advertised,,,,,,,,,,"Second-pass ZIP-targeted search URL. Open link, verify official store ad/circular, then replace with confirmed source URL.",https://duckduckgo.com/?q=%22RODRIGUEZ%20GROCERY%20STORE%20%232%22%20%2211368%22%20%28%22weekly%20ad%22%20OR%20circular%20OR%20flyer%20OR%20specials%29
717456,SOLIS GROCERY STORE,11368,,ZIP-targeted web search (manual verify),https://duckduckgo.com/?q=%22SOLIS%20GROCERY%20STORE%22%20%2211368%22%20%28%22weekly%20ad%22%20OR%20circular%20OR%20flyer%20OR%20specials%29,advertised,,,,,,,,,,"Second-pass ZIP-targeted search URL. Open link, verify official store ad/circular, then replace with confirmed source URL.",https://duckduckgo.com/?q=%22SOLIS%20GROCERY%20STORE%22%20%2211368%22%20%28%22weekly%20ad%22%20OR%20circular%20OR%20flyer%20OR%20specials%29
754870,TEJADA FAMILY GROCERY,11368,,ZIP-targeted web search (manual verify),https://duckduckgo.com/?q=%22TEJADA%20FAMILY%20GROCERY%22%20%2211368%22%20%28%22weekly%20ad%22%20OR%20circular%20OR%20flyer%20OR%20specials%29,advertised,,,,,,,,,,"Second-pass ZIP-targeted search URL. Open link, verify official store ad/circular, then replace with confirmed source URL.",https://duckduckgo.com/?q=%22TEJADA%20FAMILY%20GROCERY%22%20%2211368%22%20%28%22weekly%20ad%22%20OR%20circular%20OR%20flyer%20OR%20specials%29
760319,TEXIS GROCERY,11368,,ZIP-targeted web search (manual verify),https://duckduckgo.com/?q=%22TEXIS%20GROCERY%22%20%2211368%22%20%28%22weekly%20ad%22%20OR%20circular%20OR%20flyer%20OR%20specials%29,advertised,,,,,,,,,,"Second-pass ZIP-targeted search URL. Open link, verify official store ad/circular, then replace with confirmed source URL.",https://duckduckgo.com/?q=%22TEXIS%20GROCERY%22%20%2211368%22%20%28%22weekly%20ad%22%20OR%20circular%20OR%20flyer%20OR%20specials%29
639110,TU ESQUINA GROCERY,11368,,ZIP-targeted web search (manual verify),https://duckduckgo.com/?q=%22TU%20ESQUINA%20GROCERY%22%20%2211368%22%20%28%22weekly%20ad%22%20OR%20circular%20OR%20flyer%20OR%20specials%29,advertised,,,,,,,,,,"Second-pass ZIP-targeted search URL. Open link, verify official store ad/circular, then replace with confirmed source URL.",https://duckduckgo.com/?q=%22TU%20ESQUINA%20GROCERY%22%20%2211368%22%20%28%22weekly%20ad%22%20OR%20circular%20OR%20flyer%20OR%20specials%29
637074,DANI GROCERY,11369,,ZIP-targeted web search (manual verify),https://duckduckgo.com/?q=%22DANI%20GROCERY%22%20%2211369%22%20%28%22weekly%20ad%22%20OR%20circular%20OR%20flyer%20OR%20specials%29,advertised,,,,,,,,,,"Second-pass ZIP-targeted search URL. Open link, verify official store ad/circular, then replace with confirmed source URL.",https://duckduckgo.com/?q=%22DANI%20GROCERY%22%20%2211369%22%20%28%22weekly%20ad%22%20OR%20circular%20OR%20flyer%20OR%20specials%29
718602,EAST ELMHURST GROCERY,11369,,ZIP-targeted web search (manual verify),https://duckduckgo.com/?q=%22EAST%20ELMHURST%20GROCERY%22%20%2211369%22%20%28%22weekly%20ad%22%20OR%20circular%20OR%20flyer%20OR%20specials%29,advertised,,,,,,,,,,"Second-pass ZIP-targeted search URL. Open link, verify official store ad/circular, then replace with confirmed source URL.",https://duckduckgo.com/?q=%22EAST%20ELMHURST%20GROCERY%22%20%2211369%22%20%28%22weekly%20ad%22%20OR%20circular%20OR%20flyer%20OR%20specials%29
760314,31ST AVE GROCERY & 99 CENT STORE,11370,,ZIP-targeted web search (manual verify),https://duckduckgo.com/?q=%2231ST%20AVE%20GROCERY%20%26%2099%20CENT%20STORE%22%20%2211370%22%20%28%22weekly%20ad%22%20OR%20circular%20OR%20flyer%20OR%20specials%29,advertised,,,,,,,,,,"Second-pass ZIP-targeted search URL. Open link, verify official store ad/circular, then replace with confirmed source URL.",https://duckduckgo.com/?q=%2231ST%20AVE%20GROCERY%20%26%2099%20CENT%20STORE%22%20%2211370%22%20%28%22weekly%20ad%22%20OR%20circular%20OR%20flyer%20OR%20specials%29
754544,FARM COUNTRY SUPERMARKET,11370,,ZIP-targeted web search (manual verify),https://duckduckgo.com/?q=%22FARM%20COUNTRY%20SUPERMARKET%22%20%2211370%22%20%28%22weekly%20ad%22%20OR%20circular%20OR%20flyer%20OR%20specials%29,advertised,,,,,,,,,,"Second-pass ZIP-targeted search URL. Open link, verify official store ad/circular, then replace with confirmed source URL.",https://duckduckgo.com/?q=%22FARM%20COUNTRY%20SUPERMARKET%22%20%2211370%22%20%28%22weekly%20ad%22%20OR%20circular%20OR%20flyer%20OR%20specials%29
739054,MI PUEBLITO GROCERY,11370,,ZIP-targeted web search (manual verify),https://duckduckgo.com/?q=%22MI%20PUEBLITO%20GROCERY%22%20%2211370%22%20%28%22weekly%20ad%22%20OR%20circular%20OR%20flyer%20OR%20specials%29,advertised,,,,,,,,,,"Second-pass ZIP-targeted search URL. Open link, verify official store ad/circular, then replace with confirmed source URL.",https://duckduckgo.com/?q=%22MI%20PUEBLITO%20GROCERY%22%20%2211370%22%20%28%22weekly%20ad%22%20OR%20circular%20OR%20flyer%20OR%20specials%29
723958,37-63 GROCERY FOOD,11372,,ZIP-targeted web search (manual verify),https://duckduckgo.com/?q=%2237-63%20GROCERY%20FOOD%22%20%2211372%22%20%28%22weekly%20ad%22%20OR%20circular%20OR%20flyer%20OR%20specials%29,advertised,,,,,,,,,,"Second-pass ZIP-targeted search URL. Open link, verify official store ad/circular, then replace with confirmed source URL.",https://duckduckgo.com/?q=%2237-63%20GROCERY%20FOOD%22%20%2211372%22%20%28%22weekly%20ad%22%20OR%20circular%20OR%20flyer%20OR%20specials%29
706824,37TH AVE GROCERY,11372,,ZIP-targeted web search (manual verify),https://duckduckgo.com/?q=%2237TH%20AVE%20GROCERY%22%20%2211372%22%20%28%22weekly%20ad%22%20OR%20circular%20OR%20flyer%20OR%20specials%29,advertised,,,,,,,,,,"Second-pass ZIP-targeted search URL. Open link, verify official store ad/circular, then replace with confirmed source URL.",https://duckduckgo.com/?q=%2237TH%20AVE%20GROCERY%22%20%2211372%22%20%28%22weekly%20ad%22%20OR%20circular%20OR%20flyer%20OR%20specials%29
670294,94 STREET GROCERY,11372,,ZIP-targeted web search (manual verify),https://duckduckgo.com/?q=%2294%20STREET%20GROCERY%22%20%2211372%22%20%28%22weekly%20ad%22%20OR%20circular%20OR%20flyer%20OR%20specials%29,advertised,,,,,,,,,,"Second-pass ZIP-targeted search URL. Open link, verify official store ad/circular, then replace with confirmed source URL.",https://duckduckgo.com/?q=%2294%20STREET%20GROCERY%22%20%2211372%22%20%28%22weekly%20ad%22%20OR%20circular%20OR%20flyer%20OR%20specials%29
758597,APEX NEWS & GROCERY,11372,,ZIP-targeted web search (manual verify),https://duckduckgo.com/?q=%22APEX%20NEWS%20%26%20GROCERY%22%20%2211372%22%20%28%22weekly%20ad%22%20OR%20circular%20OR%20flyer%20OR%20specials%29,advertised,,,,,,,,,,"Second-pass ZIP-targeted search URL. Open link, verify official store ad/circular, then replace with confirmed source URL.",https://duckduckgo.com/?q=%22APEX%20NEWS%20%26%20GROCERY%22%20%2211372%22%20%28%22weekly%20ad%22%20OR%20circular%20OR%20flyer%20OR%20specials%29
635549,BRAVO SUPERMARKET 043,11372,2026-05-23,Bravo Supermarkets Weekly Circular,https://www.bravosupermarkets.com/weekly-circular,advertised,,,,,,,,,,Matched to chain circular/weekly-ad source.,https://duckduckgo.com/?q=%22BRAVO%20SUPERMARKET%20043%22%20%2211372%22%20%28%22weekly%20ad%22%20OR%20circular%20OR%20flyer%20OR%20specials%29
730660,CANDY GROCERY,11372,,ZIP-targeted web search (manual verify),https://duckduckgo.com/?q=%22CANDY%20GROCERY%22%20%2211372%22%20%28%22weekly%20ad%22%20OR%20circular%20OR%20flyer%20OR%20specials%29,advertised,,,,,,,,,,"Second-pass ZIP-targeted search URL. Open link, verify official store ad/circular, then replace with confirmed source URL.",https://duckduckgo.com/?q=%22CANDY%20GROCERY%22%20%2211372%22%20%28%22weekly%20ad%22%20OR%20circular%20OR%20flyer%20OR%20specials%29
746324,COATZINGO GROCERY,11372,,ZIP-targeted web search (manual verify),https://duckduckgo.com/?q=%22COATZINGO%20GROCERY%22%20%2211372%22%20%28%22weekly%20ad%22%20OR%20circular%20OR%20flyer%20OR%20specials%29,advertised,,,,,,,,,,"Second-pass ZIP-targeted search URL. Open link, verify official store ad/circular, then replace with confirmed source URL.",https://duckduckgo.com/?q=%22COATZINGO%20GROCERY%22%20%2211372%22%20%28%22weekly%20ad%22%20OR%20circular%20OR%20flyer%20OR%20specials%29
708509,EL MOLINO SUPERMARKET,11372,,ZIP-targeted web search (manual verify),https://duckduckgo.com/?q=%22EL%20MOLINO%20SUPERMARKET%22%20%2211372%22%20%28%22weekly%20ad%22%20OR%20circular%20OR%20flyer%20OR%20specials%29,advertised,,,,,,,,,,"Second-pass ZIP-targeted search URL. Open link, verify official store ad/circular, then replace with confirmed source URL.",https://duckduckgo.com/?q=%22EL%20MOLINO%20SUPERMARKET%22%20%2211372%22%20%28%22weekly%20ad%22%20OR%20circular%20OR%20flyer%20OR%20specials%29
632081,FOODTOWN,11372,2026-05-23,Foodtown Weekly Circular,https://www.foodtown.com/,advertised,,,,,,,,,,Matched to chain circular/weekly-ad source.,https://duckduckgo.com/?q=%22FOODTOWN%22%20%2211372%22%20%28%22weekly%20ad%22%20OR%20circular%20OR%20flyer%20OR%20specials%29
746136,FRIENDLY 88 GROCERY,11372,,ZIP-targeted web search (manual verify),https://duckduckgo.com/?q=%22FRIENDLY%2088%20GROCERY%22%20%2211372%22%20%28%22weekly%20ad%22%20OR%20circular%20OR%20flyer%20OR%20specials%29,advertised,,,,,,,,,,"Second-pass ZIP-targeted search URL. Open link, verify official store ad/circular, then replace with confirmed source URL.",https://duckduckgo.com/?q=%22FRIENDLY%2088%20GROCERY%22%20%2211372%22%20%28%22weekly%20ad%22%20OR%20circular%20OR%20flyer%20OR%20specials%29
747420,GROCERY EL ROCIO,11372,,ZIP-targeted web search (manual verify),https://duckduckgo.com/?q=%22GROCERY%20EL%20ROCIO%22%20%2211372%22%20%28%22weekly%20ad%22%20OR%20circular%20OR%20flyer%20OR%20specials%29,advertised,,,,,,,,,,"Second-pass ZIP-targeted search URL. Open link, verify official store ad/circular, then replace with confirmed source URL.",https://duckduckgo.com/?q=%22GROCERY%20EL%20ROCIO%22%20%2211372%22%20%28%22weekly%20ad%22%20OR%20circular%20OR%20flyer%20OR%20specials%29
638748,KEY FOOD,11372,2026-05-23,Key Food / Food Universe Flyers,https://www.keyfood.com/flyers,advertised,,,,,,,,,,Matched to chain circular/weekly-ad source.,https://duckduckgo.com/?q=%22KEY%20FOOD%22%20%2211372%22%20%28%22weekly%20ad%22%20OR%20circular%20OR%20flyer%20OR%20specials%29
637089,KEY FOOD MARKETPLACE,11372,2026-05-23,Key Food / Food Universe Flyers,https://www.keyfood.com/flyers,advertised,,,,,,,,,,Matched to chain circular/weekly-ad source.,https://duckduckgo.com/?q=%22KEY%20FOOD%20MARKETPLACE%22%20%2211372%22%20%28%22weekly%20ad%22%20OR%20circular%20OR%20flyer%20OR%20specials%29
637512,LA OTRA GROCERY,11372,,ZIP-targeted web search (manual verify),https://duckduckgo.com/?q=%22LA%20OTRA%20GROCERY%22%20%2211372%22%20%28%22weekly%20ad%22%20OR%20circular%20OR%20flyer%20OR%20specials%29,advertised,,,,,,,,,,"Second-pass ZIP-targeted search URL. Open link, verify official store ad/circular, then replace with confirmed source URL.",https://duckduckgo.com/?q=%22LA%20OTRA%20GROCERY%22%20%2211372%22%20%28%22weekly%20ad%22%20OR%20circular%20OR%20flyer%20OR%20specials%29
724215,LOS POBLANOS GROCERY,11372,,ZIP-targeted web search (manual verify),https://duckduckgo.com/?q=%22LOS%20POBLANOS%20GROCERY%22%20%2211372%22%20%28%22weekly%20ad%22%20OR%20circular%20OR%20flyer%20OR%20specials%29,advertised,,,,,,,,,,"Second-pass ZIP-targeted search URL. Open link, verify official store ad/circular, then replace with confirmed source URL.",https://duckduckgo.com/?q=%22LOS%20POBLANOS%20GROCERY%22%20%2211372%22%20%28%22weekly%20ad%22%20OR%20circular%20OR%20flyer%20OR%20specials%29
709479,MEHBOOB GROCERY,11372,,ZIP-targeted web search (manual verify),https://duckduckgo.com/?q=%22MEHBOOB%20GROCERY%22%20%2211372%22%20%28%22weekly%20ad%22%20OR%20circular%20OR%20flyer%20OR%20specials%29,advertised,,,,,,,,,,"Second-pass ZIP-targeted search URL. Open link, verify official store ad/circular, then replace with confirmed source URL.",https://duckduckgo.com/?q=%22MEHBOOB%20GROCERY%22%20%2211372%22%20%28%22weekly%20ad%22%20OR%20circular%20OR%20flyer%20OR%20specials%29
639534,MI TIERRA SUPERMARKET,11372,,ZIP-targeted web search (manual verify),https://duckduckgo.com/?q=%22MI%20TIERRA%20SUPERMARKET%22%20%2211372%22%20%28%22weekly%20ad%22%20OR%20circular%20OR%20flyer%20OR%20specials%29,advertised,,,,,,,,,,"Second-pass ZIP-targeted search URL. Open link, verify official store ad/circular, then replace with confirmed source URL.",https://duckduckgo.com/?q=%22MI%20TIERRA%20SUPERMARKET%22%20%2211372%22%20%28%22weekly%20ad%22%20OR%20circular%20OR%20flyer%20OR%20specials%29
745172,PREMIUM SUPERMARKET,11372,,ZIP-targeted web search (manual verify),https://duckduckgo.com/?q=%22PREMIUM%20SUPERMARKET%22%20%2211372%22%20%28%22weekly%20ad%22%20OR%20circular%20OR%20flyer%20OR%20specials%29,advertised,,,,,,,,,,"Second-pass ZIP-targeted search URL. Open link, verify official store ad/circular, then replace with confirmed source URL.",https://duckduckgo.com/?q=%22PREMIUM%20SUPERMARKET%22%20%2211372%22%20%28%22weekly%20ad%22%20OR%20circular%20OR%20flyer%20OR%20specials%29
739070,QUISQUEYA GROCERY,11372,,ZIP-targeted web search (manual verify),https://duckduckgo.com/?q=%22QUISQUEYA%20GROCERY%22%20%2211372%22%20%28%22weekly%20ad%22%20OR%20circular%20OR%20flyer%20OR%20specials%29,advertised,,,,,,,,,,"Second-pass ZIP-targeted search URL. Open link, verify official store ad/circular, then replace with confirmed source URL.",https://duckduckgo.com/?q=%22QUISQUEYA%20GROCERY%22%20%2211372%22%20%28%22weekly%20ad%22%20OR%20circular%20OR%20flyer%20OR%20specials%29
706132,ROOSEVELT CANDY GROCERY,11372,,ZIP-targeted web search (manual verify),https://duckduckgo.com/?q=%22ROOSEVELT%20CANDY%20GROCERY%22%20%2211372%22%20%28%22weekly%20ad%22%20OR%20circular%20OR%20flyer%20OR%20specials%29,advertised,,,,,,,,,,"Second-pass ZIP-targeted search URL. Open link, verify official store ad/circular, then replace with confirmed source URL.",https://duckduckgo.com/?q=%22ROOSEVELT%20CANDY%20GROCERY%22%20%2211372%22%20%28%22weekly%20ad%22%20OR%20circular%20OR%20flyer%20OR%20specials%29
731780,S & M GROCERY,11372,,ZIP-targeted web search (manual verify),https://duckduckgo.com/?q=%22S%20%26%20M%20GROCERY%22%20%2211372%22%20%28%22weekly%20ad%22%20OR%20circular%20OR%20flyer%20OR%20specials%29,advertised,,,,,,,,,,"Second-pass ZIP-targeted search URL. Open link, verify official store ad/circular, then replace with confirmed source URL.",https://duckduckgo.com/?q=%22S%20%26%20M%20GROCERY%22%20%2211372%22%20%28%22weekly%20ad%22%20OR%20circular%20OR%20flyer%20OR%20specials%29
725975,W & K GROCERY,11372,,ZIP-targeted web search (manual verify),https://duckduckgo.com/?q=%22W%20%26%20K%20GROCERY%22%20%2211372%22%20%28%22weekly%20ad%22%20OR%20circular%20OR%20flyer%20OR%20specials%29,advertised,,,,,,,,,,"Second-pass ZIP-targeted search URL. Open link, verify official store ad/circular, then replace with confirmed source URL.",https://duckduckgo.com/?q=%22W%20%26%20K%20GROCERY%22%20%2211372%22%20%28%22weekly%20ad%22%20OR%20circular%20OR%20flyer%20OR%20specials%29
754273,78 ST MOM GROCERY STORE,11373,,ZIP-targeted web search (manual verify),https://duckduckgo.com/?q=%2278%20ST%20MOM%20GROCERY%20STORE%22%20%2211373%22%20%28%22weekly%20ad%22%20OR%20circular%20OR%20flyer%20OR%20specials%29,advertised,,,,,,,,,,"Second-pass ZIP-targeted search URL. Open link, verify official store ad/circular, then replace with confirmed source URL.",https://duckduckgo.com/?q=%2278%20ST%20MOM%20GROCERY%20STORE%22%20%2211373%22%20%28%22weekly%20ad%22%20OR%20circular%20OR%20flyer%20OR%20specials%29
756220,AADHYA FRUIT & GROCERY,11373,,ZIP-targeted web search (manual verify),https://duckduckgo.com/?q=%22AADHYA%20FRUIT%20%26%20GROCERY%22%20%2211373%22%20%28%22weekly%20ad%22%20OR%20circular%20OR%20flyer%20OR%20specials%29,advertised,,,,,,,,,,"Second-pass ZIP-targeted search URL. Open link, verify official store ad/circular, then replace with confirmed source URL.",https://duckduckgo.com/?q=%22AADHYA%20FRUIT%20%26%20GROCERY%22%20%2211373%22%20%28%22weekly%20ad%22%20OR%20circular%20OR%20flyer%20OR%20specials%29
741212,BROADWAY GROCERY STORE,11373,,ZIP-targeted web search (manual verify),https://duckduckgo.com/?q=%22BROADWAY%20GROCERY%20STORE%22%20%2211373%22%20%28%22weekly%20ad%22%20OR%20circular%20OR%20flyer%20OR%20specials%29,advertised,,,,,,,,,,"Second-pass ZIP-targeted search URL. Open link, verify official store ad/circular, then replace with confirmed source URL.",https://duckduckgo.com/?q=%22BROADWAY%20GROCERY%20STORE%22%20%2211373%22%20%28%22weekly%20ad%22%20OR%20circular%20OR%20flyer%20OR%20specials%29
638278,CASA RIVERA GROCERY,11373,,ZIP-targeted web search (manual verify),https://duckduckgo.com/?q=%22CASA%20RIVERA%20GROCERY%22%20%2211373%22%20%28%22weekly%20ad%22%20OR%20circular%20OR%20flyer%20OR%20specials%29,advertised,,,,,,,,,,"Second-pass ZIP-targeted search URL. Open link, verify official store ad/circular, then replace with confirmed source URL.",https://duckduckgo.com/?q=%22CASA%20RIVERA%20GROCERY%22%20%2211373%22%20%28%22weekly%20ad%22%20OR%20circular%20OR%20flyer%20OR%20specials%29
738927,D&Z SUPERMARKET,11373,,ZIP-targeted web search (manual verify),https://duckduckgo.com/?q=%22D%26Z%20SUPERMARKET%22%20%2211373%22%20%28%22weekly%20ad%22%20OR%20circular%20OR%20flyer%20OR%20specials%29,advertised,,,,,,,,,,"Second-pass ZIP-targeted search URL. Open link, verify official store ad/circular, then replace with confirmed source URL.",https://duckduckgo.com/?q=%22D%26Z%20SUPERMARKET%22%20%2211373%22%20%28%22weekly%20ad%22%20OR%20circular%20OR%20flyer%20OR%20specials%29
751848,ENTRE AMIGOS GROCERY,11373,,ZIP-targeted web search (manual verify),https://duckduckgo.com/?q=%22ENTRE%20AMIGOS%20GROCERY%22%20%2211373%22%20%28%22weekly%20ad%22%20OR%20circular%20OR%20flyer%20OR%20specials%29,advertised,,,,,,,,,,"Second-pass ZIP-targeted search URL. Open link, verify official store ad/circular, then replace with confirmed source URL.",https://duckduckgo.com/?q=%22ENTRE%20AMIGOS%20GROCERY%22%20%2211373%22%20%28%22weekly%20ad%22%20OR%20circular%20OR%20flyer%20OR%20specials%29
638675,FOOD BAZAAR,11373,2026-05-23,Food Bazaar Weekly Ad,https://www.foodbazaar.com/weekly-ad/,advertised,,,,,,,,,,Matched to chain circular/weekly-ad source.,https://duckduckgo.com/?q=%22FOOD%20BAZAAR%22%20%2211373%22%20%28%22weekly%20ad%22%20OR%20circular%20OR%20flyer%20OR%20specials%29
709895,G&G GROCERY STORE,11373,,ZIP-targeted web search (manual verify),https://duckduckgo.com/?q=%22G%26G%20GROCERY%20STORE%22%20%2211373%22%20%28%22weekly%20ad%22%20OR%20circular%20OR%20flyer%20OR%20specials%29,advertised,,,,,,,,,,"Second-pass ZIP-targeted search URL. Open link, verify official store ad/circular, then replace with confirmed source URL.",https://duckduckgo.com/?q=%22G%26G%20GROCERY%20STORE%22%20%2211373%22%20%28%22weekly%20ad%22%20OR%20circular%20OR%20flyer%20OR%20specials%29
639145,GOOD SUPERMARKET,11373,,ZIP-targeted web search (manual verify),https://duckduckgo.com/?q=%22GOOD%20SUPERMARKET%22%20%2211373%22%20%28%22weekly%20ad%22%20OR%20circular%20OR%20flyer%20OR%20specials%29,advertised,,,,,,,,,,"Second-pass ZIP-targeted search URL. Open link, verify official store ad/circular, then replace with confirmed source URL.",https://duckduckgo.com/?q=%22GOOD%20SUPERMARKET%22%20%2211373%22%20%28%22weekly%20ad%22%20OR%20circular%20OR%20flyer%20OR%20specials%29
705498,GREEN GROCERY & CONVENIENCE,11373,,ZIP-targeted web search (manual verify),https://duckduckgo.com/?q=%22GREEN%20GROCERY%20%26%20CONVENIENCE%22%20%2211373%22%20%28%22weekly%20ad%22%20OR%20circular%20OR%20flyer%20OR%20specials%29,advertised,,,,,,,,,,"Second-pass ZIP-targeted search URL. Open link, verify official store ad/circular, then replace with confirmed source URL.",https://duckduckgo.com/?q=%22GREEN%20GROCERY%20%26%20CONVENIENCE%22%20%2211373%22%20%28%22weekly%20ad%22%20OR%20circular%20OR%20flyer%20OR%20specials%29
729968,HAPPY 88 GROCERY STORE,11373,,ZIP-targeted web search (manual verify),https://duckduckgo.com/?q=%22HAPPY%2088%20GROCERY%20STORE%22%20%2211373%22%20%28%22weekly%20ad%22%20OR%20circular%20OR%20flyer%20OR%20specials%29,advertised,,,,,,,,,,"Second-pass ZIP-targeted search URL. Open link, verify official store ad/circular, then replace with confirmed source URL.",https://duckduckgo.com/?q=%22HAPPY%2088%20GROCERY%20STORE%22%20%2211373%22%20%28%22weekly%20ad%22%20OR%20circular%20OR%20flyer%20OR%20specials%29
722758,HING HING GROCERY SHOP,11373,,ZIP-targeted web search (manual verify),https://duckduckgo.com/?q=%22HING%20HING%20GROCERY%20SHOP%22%20%2211373%22%20%28%22weekly%20ad%22%20OR%20circular%20OR%20flyer%20OR%20specials%29,advertised,,,,,,,,,,"Second-pass ZIP-targeted search URL. Open link, verify official store ad/circular, then replace with confirmed source URL.",https://duckduckgo.com/?q=%22HING%20HING%20GROCERY%20SHOP%22%20%2211373%22%20%28%22weekly%20ad%22%20OR%20circular%20OR%20flyer%20OR%20specials%29
708470,HUA CHU GROCERY,11373,,ZIP-targeted web search (manual verify),https://duckduckgo.com/?q=%22HUA%20CHU%20GROCERY%22%20%2211373%22%20%28%22weekly%20ad%22%20OR%20circular%20OR%20flyer%20OR%20specials%29,advertised,,,,,,,,,,"Second-pass ZIP-targeted search URL. Open link, verify official store ad/circular, then replace with confirmed source URL.",https://duckduckgo.com/?q=%22HUA%20CHU%20GROCERY%22%20%2211373%22%20%28%22weekly%20ad%22%20OR%20circular%20OR%20flyer%20OR%20specials%29
758785,IVILUX GROCERY,11373,,ZIP-targeted web search (manual verify),https://duckduckgo.com/?q=%22IVILUX%20GROCERY%22%20%2211373%22%20%28%22weekly%20ad%22%20OR%20circular%20OR%20flyer%20OR%20specials%29,advertised,,,,,,,,,,"Second-pass ZIP-targeted search URL. Open link, verify official store ad/circular, then replace with confirmed source URL.",https://duckduckgo.com/?q=%22IVILUX%20GROCERY%22%20%2211373%22%20%28%22weekly%20ad%22%20OR%20circular%20OR%20flyer%20OR%20specials%29
758890,JAPANESE GROCERY STORE,11373,,ZIP-targeted web search (manual verify),https://duckduckgo.com/?q=%22JAPANESE%20GROCERY%20STORE%22%20%2211373%22%20%28%22weekly%20ad%22%20OR%20circular%20OR%20flyer%20OR%20specials%29,advertised,,,,,,,,,,"Second-pass ZIP-targeted search URL. Open link, verify official store ad/circular, then replace with confirmed source URL.",https://duckduckgo.com/?q=%22JAPANESE%20GROCERY%20STORE%22%20%2211373%22%20%28%22weekly%20ad%22%20OR%20circular%20OR%20flyer%20OR%20specials%29
743191,JUNCTION GROCERY & DISCOUNT STORE,11373,,ZIP-targeted web search (manual verify),https://duckduckgo.com/?q=%22JUNCTION%20GROCERY%20%26%20DISCOUNT%20STORE%22%20%2211373%22%20%28%22weekly%20ad%22%20OR%20circular%20OR%20flyer%20OR%20specials%29,advertised,,,,,,,,,,"Second-pass ZIP-targeted search URL. Open link, verify official store ad/circular, then replace with confirmed source URL.",https://duckduckgo.com/?q=%22JUNCTION%20GROCERY%20%26%20DISCOUNT%20STORE%22%20%2211373%22%20%28%22weekly%20ad%22%20OR%20circular%20OR%20flyer%20OR%20specials%29
739987,LI LI GROCERY,11373,,ZIP-targeted web search (manual verify),https://duckduckgo.com/?q=%22LI%20LI%20GROCERY%22%20%2211373%22%20%28%22weekly%20ad%22%20OR%20circular%20OR%20flyer%20OR%20specials%29,advertised,,,,,,,,,,"Second-pass ZIP-targeted search URL. Open link, verify official store ad/circular, then replace with confirmed source URL.",https://duckduckgo.com/?q=%22LI%20LI%20GROCERY%22%20%2211373%22%20%28%22weekly%20ad%22%20OR%20circular%20OR%20flyer%20OR%20specials%29
760059,LIDL-1559,11373,2026-05-23,Lidl Weekly Ad,https://www.lidl.com/flyer,advertised,,,,,,,,,,Matched to chain circular/weekly-ad source.,https://duckduckgo.com/?q=%22LIDL-1559%22%20%2211373%22%20%28%22weekly%20ad%22%20OR%20circular%20OR%20flyer%20OR%20specials%29
715328,LOLAS GROCERY STORE,11373,,ZIP-targeted web search (manual verify),https://duckduckgo.com/?q=%22LOLAS%20GROCERY%20STORE%22%20%2211373%22%20%28%22weekly%20ad%22%20OR%20circular%20OR%20flyer%20OR%20specials%29,advertised,,,,,,,,,,"Second-pass ZIP-targeted search URL. Open link, verify official store ad/circular, then replace with confirmed source URL.",https://duckduckgo.com/?q=%22LOLAS%20GROCERY%20STORE%22%20%2211373%22%20%28%22weekly%20ad%22%20OR%20circular%20OR%20flyer%20OR%20specials%29
725389,M&B CANDY GROCERY STORE,11373,,ZIP-targeted web search (manual verify),https://duckduckgo.com/?q=%22M%26B%20CANDY%20GROCERY%20STORE%22%20%2211373%22%20%28%22weekly%20ad%22%20OR%20circular%20OR%20flyer%20OR%20specials%29,advertised,,,,,,,,,,"Second-pass ZIP-targeted search URL. Open link, verify official store ad/circular, then replace with confirmed source URL.",https://duckduckgo.com/?q=%22M%26B%20CANDY%20GROCERY%20STORE%22%20%2211373%22%20%28%22weekly%20ad%22%20OR%20circular%20OR%20flyer%20OR%20specials%29
744658,M&T GROCERY,11373,,ZIP-targeted web search (manual verify),https://duckduckgo.com/?q=%22M%26T%20GROCERY%22%20%2211373%22%20%28%22weekly%20ad%22%20OR%20circular%20OR%20flyer%20OR%20specials%29,advertised,,,,,,,,,,"Second-pass ZIP-targeted search URL. Open link, verify official store ad/circular, then replace with confirmed source URL.",https://duckduckgo.com/?q=%22M%26T%20GROCERY%22%20%2211373%22%20%28%22weekly%20ad%22%20OR%20circular%20OR%20flyer%20OR%20specials%29
733950,RACHEL GROCERY STORE,11373,,ZIP-targeted web search (manual verify),https://duckduckgo.com/?q=%22RACHEL%20GROCERY%20STORE%22%20%2211373%22%20%28%22weekly%20ad%22%20OR%20circular%20OR%20flyer%20OR%20specials%29,advertised,,,,,,,,,,"Second-pass ZIP-targeted search URL. Open link, verify official store ad/circular, then replace with confirmed source URL.",https://duckduckgo.com/?q=%22RACHEL%20GROCERY%20STORE%22%20%2211373%22%20%28%22weekly%20ad%22%20OR%20circular%20OR%20flyer%20OR%20specials%29
742342,SF SUPERMARKET,11373,,ZIP-targeted web search (manual verify),https://duckduckgo.com/?q=%22SF%20SUPERMARKET%22%20%2211373%22%20%28%22weekly%20ad%22%20OR%20circular%20OR%20flyer%20OR%20specials%29,advertised,,,,,,,,,,"Second-pass ZIP-targeted search URL. Open link, verify official store ad/circular, then replace with confirmed source URL.",https://duckduckgo.com/?q=%22SF%20SUPERMARKET%22%20%2211373%22%20%28%22weekly%20ad%22%20OR%20circular%20OR%20flyer%20OR%20specials%29
705737,US SUPERMARKET,11373,,ZIP-targeted web search (manual verify),https://duckduckgo.com/?q=%22US%20SUPERMARKET%22%20%2211373%22%20%28%22weekly%20ad%22%20OR%20circular%20OR%20flyer%20OR%20specials%29,advertised,,,,,,,,,,"Second-pass ZIP-targeted search URL. Open link, verify official store ad/circular, then replace with confirmed source URL.",https://duckduckgo.com/?q=%22US%20SUPERMARKET%22%20%2211373%22%20%28%22weekly%20ad%22%20OR%20circular%20OR%20flyer%20OR%20specials%29
708467,WOODSIDE GROCERY & DISCOUNT,11373,,ZIP-targeted web search (manual verify),https://duckduckgo.com/?q=%22WOODSIDE%20GROCERY%20%26%20DISCOUNT%22%20%2211373%22%20%28%22weekly%20ad%22%20OR%20circular%20OR%20flyer%20OR%20specials%29,advertised,,,,,,,,,,"Second-pass ZIP-targeted search URL. Open link, verify official store ad/circular, then replace with confirmed source URL.",https://duckduckgo.com/?q=%22WOODSIDE%20GROCERY%20%26%20DISCOUNT%22%20%2211373%22%20%28%22weekly%20ad%22%20OR%20circular%20OR%20flyer%20OR%20specials%29
634316,Y J ELMHURST GROCERY,11373,,ZIP-targeted web search (manual verify),https://duckduckgo.com/?q=%22Y%20J%20ELMHURST%20GROCERY%22%20%2211373%22%20%28%22weekly%20ad%22%20OR%20circular%20OR%20flyer%20OR%20specials%29,advertised,,,,,,,,,,"Second-pass ZIP-targeted search URL. Open link, verify official store ad/circular, then replace with confirmed source URL.",https://duckduckgo.com/?q=%22Y%20J%20ELMHURST%20GROCERY%22%20%2211373%22%20%28%22weekly%20ad%22%20OR%20circular%20OR%20flyer%20OR%20specials%29
639969,ALDI 1,11374,2026-05-23,ALDI Weekly Ad,https://www.aldi.us/weekly-specials/our-weekly-ads/,advertised,,,,,,,,,,Matched to chain circular/weekly-ad source.,https://duckduckgo.com/?q=%22ALDI%201%22%20%2211374%22%20%28%22weekly%20ad%22%20OR%20circular%20OR%20flyer%20OR%20specials%29
632649,FOODTOWN,11374,2026-05-23,Foodtown Weekly Circular,https://www.foodtown.com/,advertised,,,,,,,,,,Matched to chain circular/weekly-ad source.,https://duckduckgo.com/?q=%22FOODTOWN%22%20%2211374%22%20%28%22weekly%20ad%22%20OR%20circular%20OR%20flyer%20OR%20specials%29
729499,KEY FOOD FRESH,11374,2026-05-23,Key Food / Food Universe Flyers,https://www.keyfood.com/flyers,advertised,,,,,,,,,,Matched to chain circular/weekly-ad source.,https://duckduckgo.com/?q=%22KEY%20FOOD%20FRESH%22%20%2211374%22%20%28%22weekly%20ad%22%20OR%20circular%20OR%20flyer%20OR%20specials%29
757691,METRO 8955 GROCERY,11374,,ZIP-targeted web search (manual verify),https://duckduckgo.com/?q=%22METRO%208955%20GROCERY%22%20%2211374%22%20%28%22weekly%20ad%22%20OR%20circular%20OR%20flyer%20OR%20specials%29,advertised,,,,,,,,,,"Second-pass ZIP-targeted search URL. Open link, verify official store ad/circular, then replace with confirmed source URL.",https://duckduckgo.com/?q=%22METRO%208955%20GROCERY%22%20%2211374%22%20%28%22weekly%20ad%22%20OR%20circular%20OR%20flyer%20OR%20specials%29
632152,R&M SUPERMARKET,11374,,ZIP-targeted web search (manual verify),https://duckduckgo.com/?q=%22R%26M%20SUPERMARKET%22%20%2211374%22%20%28%22weekly%20ad%22%20OR%20circular%20OR%20flyer%20OR%20specials%29,advertised,,,,,,,,,,"Second-pass ZIP-targeted search URL. Open link, verify official store ad/circular, then replace with confirmed source URL.",https://duckduckgo.com/?q=%22R%26M%20SUPERMARKET%22%20%2211374%22%20%28%22weekly%20ad%22%20OR%20circular%20OR%20flyer%20OR%20specials%29
734045,REGO MARKETPLACE BY C-TOWN,11374,2026-05-23,CTown Weekly Ad,https://www.ctownsupermarkets.com/Weekly-Ad,advertised,,,,,,,,,,Matched to chain circular/weekly-ad source.,https://duckduckgo.com/?q=%22REGO%20MARKETPLACE%20BY%20C-TOWN%22%20%2211374%22%20%28%22weekly%20ad%22%20OR%20circular%20OR%20flyer%20OR%20specials%29
638867,CARMEL GROCERY,11375,,ZIP-targeted web search (manual verify),https://duckduckgo.com/?q=%22CARMEL%20GROCERY%22%20%2211375%22%20%28%22weekly%20ad%22%20OR%20circular%20OR%20flyer%20OR%20specials%29,advertised,,,,,,,,,,"Second-pass ZIP-targeted search URL. Open link, verify official store ad/circular, then replace with confirmed source URL.",https://duckduckgo.com/?q=%22CARMEL%20GROCERY%22%20%2211375%22%20%28%22weekly%20ad%22%20OR%20circular%20OR%20flyer%20OR%20specials%29
637050,KEY FOOD #1428,11375,2026-05-23,Key Food / Food Universe Flyers,https://www.keyfood.com/flyers,advertised,,,,,,,,,,Matched to chain circular/weekly-ad source.,https://duckduckgo.com/?q=%22KEY%20FOOD%20%231428%22%20%2211375%22%20%28%22weekly%20ad%22%20OR%20circular%20OR%20flyer%20OR%20specials%29
638014,KEY FOOD #1462,11375,2026-05-23,Key Food / Food Universe Flyers,https://www.keyfood.com/flyers,advertised,,,,,,,,,,Matched to chain circular/weekly-ad source.,https://duckduckgo.com/?q=%22KEY%20FOOD%20%231462%22%20%2211375%22%20%28%22weekly%20ad%22%20OR%20circular%20OR%20flyer%20OR%20specials%29
634606,KEYFOOD,11375,2026-05-23,Key Food / Food Universe Flyers,https://www.keyfood.com/flyers,advertised,,,,,,,,,,Matched to chain circular/weekly-ad source.,https://duckduckgo.com/?q=%22KEYFOOD%22%20%2211375%22%20%28%22weekly%20ad%22%20OR%20circular%20OR%20flyer%20OR%20specials%29
639542,OPTIMO GROCERY,11375,,ZIP-targeted web search (manual verify),https://duckduckgo.com/?q=%22OPTIMO%20GROCERY%22%20%2211375%22%20%28%22weekly%20ad%22%20OR%20circular%20OR%20flyer%20OR%20specials%29,advertised,,,,,,,,,,"Second-pass ZIP-targeted search URL. Open link, verify official store ad/circular, then replace with confirmed source URL.",https://duckduckgo.com/?q=%22OPTIMO%20GROCERY%22%20%2211375%22%20%28%22weekly%20ad%22%20OR%20circular%20OR%20flyer%20OR%20specials%29
709508,ORCHARD SUPERMARKET,11375,,ZIP-targeted web search (manual verify),https://duckduckgo.com/?q=%22ORCHARD%20SUPERMARKET%22%20%2211375%22%20%28%22weekly%20ad%22%20OR%20circular%20OR%20flyer%20OR%20specials%29,advertised,,,,,,,,,,"Second-pass ZIP-targeted search URL. Open link, verify official store ad/circular, then replace with confirmed source URL.",https://duckduckgo.com/?q=%22ORCHARD%20SUPERMARKET%22%20%2211375%22%20%28%22weekly%20ad%22%20OR%20circular%20OR%20flyer%20OR%20specials%29
632223,R&M GLATT SUPERMARKET,11375,,ZIP-targeted web search (manual verify),https://duckduckgo.com/?q=%22R%26M%20GLATT%20SUPERMARKET%22%20%2211375%22%20%28%22weekly%20ad%22%20OR%20circular%20OR%20flyer%20OR%20specials%29,advertised,,,,,,,,,,"Second-pass ZIP-targeted search URL. Open link, verify official store ad/circular, then replace with confirmed source URL.",https://duckduckgo.com/?q=%22R%26M%20GLATT%20SUPERMARKET%22%20%2211375%22%20%28%22weekly%20ad%22%20OR%20circular%20OR%20flyer%20OR%20specials%29
757737,TRADER JOES 578,11375,2026-05-23,Trader Joe's Fearless Flyer,https://www.traderjoes.com/home/fearless-flyer,advertised,,,,,,,,,,Matched to chain circular/weekly-ad source.,https://duckduckgo.com/?q=%22TRADER%20JOES%20578%22%20%2211375%22%20%28%22weekly%20ad%22%20OR%20circular%20OR%20flyer%20OR%20specials%29
754961,67 ST GROCERY,11377,,ZIP-targeted web search (manual verify),https://duckduckgo.com/?q=%2267%20ST%20GROCERY%22%20%2211377%22%20%28%22weekly%20ad%22%20OR%20circular%20OR%20flyer%20OR%20specials%29,advertised,,,,,,,,,,"Second-pass ZIP-targeted search URL. Open link, verify official store ad/circular, then replace with confirmed source URL.",https://duckduckgo.com/?q=%2267%20ST%20GROCERY%22%20%2211377%22%20%28%22weekly%20ad%22%20OR%20circular%20OR%20flyer%20OR%20specials%29
745022,AMAZING GRACE GROCERY,11377,,ZIP-targeted web search (manual verify),https://duckduckgo.com/?q=%22AMAZING%20GRACE%20GROCERY%22%20%2211377%22%20%28%22weekly%20ad%22%20OR%20circular%20OR%20flyer%20OR%20specials%29,advertised,,,,,,,,,,"Second-pass ZIP-targeted search URL. Open link, verify official store ad/circular, then replace with confirmed source URL.",https://duckduckgo.com/?q=%22AMAZING%20GRACE%20GROCERY%22%20%2211377%22%20%28%22weekly%20ad%22%20OR%20circular%20OR%20flyer%20OR%20specials%29
717277,FOOD EXPRESS SUPERMARKET,11377,,ZIP-targeted web search (manual verify),https://duckduckgo.com/?q=%22FOOD%20EXPRESS%20SUPERMARKET%22%20%2211377%22%20%28%22weekly%20ad%22%20OR%20circular%20OR%20flyer%20OR%20specials%29,advertised,,,,,,,,,,"Second-pass ZIP-targeted search URL. Open link, verify official store ad/circular, then replace with confirmed source URL.",https://duckduckgo.com/?q=%22FOOD%20EXPRESS%20SUPERMARKET%22%20%2211377%22%20%28%22weekly%20ad%22%20OR%20circular%20OR%20flyer%20OR%20specials%29
730097,GOOD NEIGHBOR SUNNYSIDE SUPERMARKET,11377,,ZIP-targeted web search (manual verify),https://duckduckgo.com/?q=%22GOOD%20NEIGHBOR%20SUNNYSIDE%20SUPERMARKET%22%20%2211377%22%20%28%22weekly%20ad%22%20OR%20circular%20OR%20flyer%20OR%20specials%29,advertised,,,,,,,,,,"Second-pass ZIP-targeted search URL. Open link, verify official store ad/circular, then replace with confirmed source URL.",https://duckduckgo.com/?q=%22GOOD%20NEIGHBOR%20SUNNYSIDE%20SUPERMARKET%22%20%2211377%22%20%28%22weekly%20ad%22%20OR%20circular%20OR%20flyer%20OR%20specials%29
757408,H MART,11377,2026-05-23,H Mart Weekly Sales,https://www.hmart.com/weekly-sales-and-events,advertised,,,,,,,,,,Matched to chain circular/weekly-ad source.,https://duckduckgo.com/?q=%22H%20MART%22%20%2211377%22%20%28%22weekly%20ad%22%20OR%20circular%20OR%20flyer%20OR%20specials%29
746762,JANEY GROCERY,11377,,ZIP-targeted web search (manual verify),https://duckduckgo.com/?q=%22JANEY%20GROCERY%22%20%2211377%22%20%28%22weekly%20ad%22%20OR%20circular%20OR%20flyer%20OR%20specials%29,advertised,,,,,,,,,,"Second-pass ZIP-targeted search URL. Open link, verify official store ad/circular, then replace with confirmed source URL.",https://duckduckgo.com/?q=%22JANEY%20GROCERY%22%20%2211377%22%20%28%22weekly%20ad%22%20OR%20circular%20OR%20flyer%20OR%20specials%29
758169,JOY BABY & GROCERY,11377,,ZIP-targeted web search (manual verify),https://duckduckgo.com/?q=%22JOY%20BABY%20%26%20GROCERY%22%20%2211377%22%20%28%22weekly%20ad%22%20OR%20circular%20OR%20flyer%20OR%20specials%29,advertised,,,,,,,,,,"Second-pass ZIP-targeted search URL. Open link, verify official store ad/circular, then replace with confirmed source URL.",https://duckduckgo.com/?q=%22JOY%20BABY%20%26%20GROCERY%22%20%2211377%22%20%28%22weekly%20ad%22%20OR%20circular%20OR%20flyer%20OR%20specials%29
719548,KEY FOOD,11377,2026-05-23,Key Food / Food Universe Flyers,https://www.keyfood.com/flyers,advertised,,,,,,,,,,Matched to chain circular/weekly-ad source.,https://duckduckgo.com/?q=%22KEY%20FOOD%22%20%2211377%22%20%28%22weekly%20ad%22%20OR%20circular%20OR%20flyer%20OR%20specials%29
634101,KEY FOOD,11377,2026-05-23,Key Food / Food Universe Flyers,https://www.keyfood.com/flyers,advertised,,,,,,,,,,Matched to chain circular/weekly-ad source.,https://duckduckgo.com/?q=%22KEY%20FOOD%22%20%2211377%22%20%28%22weekly%20ad%22%20OR%20circular%20OR%20flyer%20OR%20specials%29
703896,NEW WOODSIDE GROCERY,11377,,ZIP-targeted web search (manual verify),https://duckduckgo.com/?q=%22NEW%20WOODSIDE%20GROCERY%22%20%2211377%22%20%28%22weekly%20ad%22%20OR%20circular%20OR%20flyer%20OR%20specials%29,advertised,,,,,,,,,,"Second-pass ZIP-targeted search URL. Open link, verify official store ad/circular, then replace with confirmed source URL.",https://duckduckgo.com/?q=%22NEW%20WOODSIDE%20GROCERY%22%20%2211377%22%20%28%22weekly%20ad%22%20OR%20circular%20OR%20flyer%20OR%20specials%29
639401,NIDHI GROCERY,11377,,ZIP-targeted web search (manual verify),https://duckduckgo.com/?q=%22NIDHI%20GROCERY%22%20%2211377%22%20%28%22weekly%20ad%22%20OR%20circular%20OR%20flyer%20OR%20specials%29,advertised,,,,,,,,,,"Second-pass ZIP-targeted search URL. Open link, verify official store ad/circular, then replace with confirmed source URL.",https://duckduckgo.com/?q=%22NIDHI%20GROCERY%22%20%2211377%22%20%28%22weekly%20ad%22%20OR%20circular%20OR%20flyer%20OR%20specials%29
752917,O&A GROCERY,11377,,ZIP-targeted web search (manual verify),https://duckduckgo.com/?q=%22O%26A%20GROCERY%22%20%2211377%22%20%28%22weekly%20ad%22%20OR%20circular%20OR%20flyer%20OR%20specials%29,advertised,,,,,,,,,,"Second-pass ZIP-targeted search URL. Open link, verify official store ad/circular, then replace with confirmed source URL.",https://duckduckgo.com/?q=%22O%26A%20GROCERY%22%20%2211377%22%20%28%22weekly%20ad%22%20OR%20circular%20OR%20flyer%20OR%20specials%29
671306,ROBIN GROCERY & NEWS,11377,,ZIP-targeted web search (manual verify),https://duckduckgo.com/?q=%22ROBIN%20GROCERY%20%26%20NEWS%22%20%2211377%22%20%28%22weekly%20ad%22%20OR%20circular%20OR%20flyer%20OR%20specials%29,advertised,,,,,,,,,,"Second-pass ZIP-targeted search URL. Open link, verify official store ad/circular, then replace with confirmed source URL.",https://duckduckgo.com/?q=%22ROBIN%20GROCERY%20%26%20NEWS%22%20%2211377%22%20%28%22weekly%20ad%22%20OR%20circular%20OR%20flyer%20OR%20specials%29
731465,SJ GROCERY CONVENIENCE STORE,11377,,ZIP-targeted web search (manual verify),https://duckduckgo.com/?q=%22SJ%20GROCERY%20CONVENIENCE%20STORE%22%20%2211377%22%20%28%22weekly%20ad%22%20OR%20circular%20OR%20flyer%20OR%20specials%29,advertised,,,,,,,,,,"Second-pass ZIP-targeted search URL. Open link, verify official store ad/circular, then replace with confirmed source URL.",https://duckduckgo.com/?q=%22SJ%20GROCERY%20CONVENIENCE%20STORE%22%20%2211377%22%20%28%22weekly%20ad%22%20OR%20circular%20OR%20flyer%20OR%20specials%29
722316,SUNNY BABY GROCERY,11377,,ZIP-targeted web search (manual verify),https://duckduckgo.com/?q=%22SUNNY%20BABY%20GROCERY%22%20%2211377%22%20%28%22weekly%20ad%22%20OR%20circular%20OR%20flyer%20OR%20specials%29,advertised,,,,,,,,,,"Second-pass ZIP-targeted search URL. Open link, verify official store ad/circular, then replace with confirmed source URL.",https://duckduckgo.com/?q=%22SUNNY%20BABY%20GROCERY%22%20%2211377%22%20%28%22weekly%20ad%22%20OR%20circular%20OR%20flyer%20OR%20specials%29
636907,WOODSIDE GROCERY,11377,,ZIP-targeted web search (manual verify),https://duckduckgo.com/?q=%22WOODSIDE%20GROCERY%22%20%2211377%22%20%28%22weekly%20ad%22%20OR%20circular%20OR%20flyer%20OR%20specials%29,advertised,,,,,,,,,,"Second-pass ZIP-targeted search URL. Open link, verify official store ad/circular, then replace with confirmed source URL.",https://duckduckgo.com/?q=%22WOODSIDE%20GROCERY%22%20%2211377%22%20%28%22weekly%20ad%22%20OR%20circular%20OR%20flyer%20OR%20specials%29
732856,KEY FOOD,11378,2026-05-23,Key Food / Food Universe Flyers,https://www.keyfood.com/flyers,advertised,,,,,,,,,,Matched to chain circular/weekly-ad source.,https://duckduckgo.com/?q=%22KEY%20FOOD%22%20%2211378%22%20%28%22weekly%20ad%22%20OR%20circular%20OR%20flyer%20OR%20specials%29
742643,MARKET FRESH SUPERMARKET,11378,,ZIP-targeted web search (manual verify),https://duckduckgo.com/?q=%22MARKET%20FRESH%20SUPERMARKET%22%20%2211378%22%20%28%22weekly%20ad%22%20OR%20circular%20OR%20flyer%20OR%20specials%29,advertised,,,,,,,,,,"Second-pass ZIP-targeted search URL. Open link, verify official store ad/circular, then replace with confirmed source URL.",https://duckduckgo.com/?q=%22MARKET%20FRESH%20SUPERMARKET%22%20%2211378%22%20%28%22weekly%20ad%22%20OR%20circular%20OR%20flyer%20OR%20specials%29
637900,MASPETH MARKETPLACE BY KEY FOOD,11378,2026-05-23,Key Food / Food Universe Flyers,https://www.keyfood.com/flyers,advertised,,,,,,,,,,Matched to chain circular/weekly-ad source.,https://duckduckgo.com/?q=%22MASPETH%20MARKETPLACE%20BY%20KEY%20FOOD%22%20%2211378%22%20%28%22weekly%20ad%22%20OR%20circular%20OR%20flyer%20OR%20specials%29
631853,SYRENA GROCERY,11378,,ZIP-targeted web search (manual verify),https://duckduckgo.com/?q=%22SYRENA%20GROCERY%22%20%2211378%22%20%28%22weekly%20ad%22%20OR%20circular%20OR%20flyer%20OR%20specials%29,advertised,,,,,,,,,,"Second-pass ZIP-targeted search URL. Open link, verify official store ad/circular, then replace with confirmed source URL.",https://duckduckgo.com/?q=%22SYRENA%20GROCERY%22%20%2211378%22%20%28%22weekly%20ad%22%20OR%20circular%20OR%20flyer%20OR%20specials%29
767104,CTOWN SUPERMARKET,11379,2026-05-23,CTown Weekly Ad,https://www.ctownsupermarkets.com/Weekly-Ad,advertised,,,,,,,,,,Matched to chain circular/weekly-ad source.,https://duckduckgo.com/?q=%22CTOWN%20SUPERMARKET%22%20%2211379%22%20%28%22weekly%20ad%22%20OR%20circular%20OR%20flyer%20OR%20specials%29
727187,ELIOT CONVENIENT & GROCERY,11379,,ZIP-targeted web search (manual verify),https://duckduckgo.com/?q=%22ELIOT%20CONVENIENT%20%26%20GROCERY%22%20%2211379%22%20%28%22weekly%20ad%22%20OR%20circular%20OR%20flyer%20OR%20specials%29,advertised,,,,,,,,,,"Second-pass ZIP-targeted search URL. Open link, verify official store ad/circular, then replace with confirmed source URL.",https://duckduckgo.com/?q=%22ELIOT%20CONVENIENT%20%26%20GROCERY%22%20%2211379%22%20%28%22weekly%20ad%22%20OR%20circular%20OR%20flyer%20OR%20specials%29
632187,FISH CORNER MET FOOD,11379,2026-05-23,Met Foods Weekly Ad,https://www.metfoods.com/weekly-ad/,advertised,,,,,,,,,,Matched to chain circular/weekly-ad source.,https://duckduckgo.com/?q=%22FISH%20CORNER%20MET%20FOOD%22%20%2211379%22%20%28%22weekly%20ad%22%20OR%20circular%20OR%20flyer%20OR%20specials%29
637433,ASSOCIATED,11385,2026-05-23,Associated Supermarkets Weekly Ad,https://www.yapik.com/us/associated-supermarkets/weekly-ad,advertised,,,,,,,,,,Matched to third-party weekly-ad index for this chain; verify store-specific ad before final use.,https://duckduckgo.com/?q=%22ASSOCIATED%22%20%2211385%22%20%28%22weekly%20ad%22%20OR%20circular%20OR%20flyer%20OR%20specials%29
631467,BENNYS GROCERY,11385,,ZIP-targeted web search (manual verify),https://duckduckgo.com/?q=%22BENNYS%20GROCERY%22%20%2211385%22%20%28%22weekly%20ad%22%20OR%20circular%20OR%20flyer%20OR%20specials%29,advertised,,,,,,,,,,"Second-pass ZIP-targeted search URL. Open link, verify official store ad/circular, then replace with confirmed source URL.",https://duckduckgo.com/?q=%22BENNYS%20GROCERY%22%20%2211385%22%20%28%22weekly%20ad%22%20OR%20circular%20OR%20flyer%20OR%20specials%29
672254,BHAKTI SAGAR GROCERY,11385,,ZIP-targeted web search (manual verify),https://duckduckgo.com/?q=%22BHAKTI%20SAGAR%20GROCERY%22%20%2211385%22%20%28%22weekly%20ad%22%20OR%20circular%20OR%20flyer%20OR%20specials%29,advertised,,,,,,,,,,"Second-pass ZIP-targeted search URL. Open link, verify official store ad/circular, then replace with confirmed source URL.",https://duckduckgo.com/?q=%22BHAKTI%20SAGAR%20GROCERY%22%20%2211385%22%20%28%22weekly%20ad%22%20OR%20circular%20OR%20flyer%20OR%20specials%29
746484,C TOWN SUPERMARKET,11385,2026-05-23,CTown Weekly Ad,https://www.ctownsupermarkets.com/Weekly-Ad,advertised,,,,,,,,,,Matched to chain circular/weekly-ad source.,https://duckduckgo.com/?q=%22C%20TOWN%20SUPERMARKET%22%20%2211385%22%20%28%22weekly%20ad%22%20OR%20circular%20OR%20flyer%20OR%20specials%29
760262,C-TOWN FRESH,11385,2026-05-23,CTown Weekly Ad,https://www.ctownsupermarkets.com/Weekly-Ad,advertised,,,,,,,,,,Matched to chain circular/weekly-ad source.,https://duckduckgo.com/?q=%22C-TOWN%20FRESH%22%20%2211385%22%20%28%22weekly%20ad%22%20OR%20circular%20OR%20flyer%20OR%20specials%29
724382,DIOMAR GROCERY,11385,,ZIP-targeted web search (manual verify),https://duckduckgo.com/?q=%22DIOMAR%20GROCERY%22%20%2211385%22%20%28%22weekly%20ad%22%20OR%20circular%20OR%20flyer%20OR%20specials%29,advertised,,,,,,,,,,"Second-pass ZIP-targeted search URL. Open link, verify official store ad/circular, then replace with confirmed source URL.",https://duckduckgo.com/?q=%22DIOMAR%20GROCERY%22%20%2211385%22%20%28%22weekly%20ad%22%20OR%20circular%20OR%20flyer%20OR%20specials%29
638668,FOREST GROCERY,11385,,ZIP-targeted web search (manual verify),https://duckduckgo.com/?q=%22FOREST%20GROCERY%22%20%2211385%22%20%28%22weekly%20ad%22%20OR%20circular%20OR%20flyer%20OR%20specials%29,advertised,,,,,,,,,,"Second-pass ZIP-targeted search URL. Open link, verify official store ad/circular, then replace with confirmed source URL.",https://duckduckgo.com/?q=%22FOREST%20GROCERY%22%20%2211385%22%20%28%22weekly%20ad%22%20OR%20circular%20OR%20flyer%20OR%20specials%29
764785,GOOD NEIGHBORS 1 SUPERMARKET,11385,,ZIP-targeted web search (manual verify),https://duckduckgo.com/?q=%22GOOD%20NEIGHBORS%201%20SUPERMARKET%22%20%2211385%22%20%28%22weekly%20ad%22%20OR%20circular%20OR%20flyer%20OR%20specials%29,advertised,,,,,,,,,,"Second-pass ZIP-targeted search URL. Open link, verify official store ad/circular, then replace with confirmed source URL.",https://duckduckgo.com/?q=%22GOOD%20NEIGHBORS%201%20SUPERMARKET%22%20%2211385%22%20%28%22weekly%20ad%22%20OR%20circular%20OR%20flyer%20OR%20specials%29
736614,GOOD NEIGHBORS SUPERMARKET,11385,,ZIP-targeted web search (manual verify),https://duckduckgo.com/?q=%22GOOD%20NEIGHBORS%20SUPERMARKET%22%20%2211385%22%20%28%22weekly%20ad%22%20OR%20circular%20OR%20flyer%20OR%20specials%29,advertised,,,,,,,,,,"Second-pass ZIP-targeted search URL. Open link, verify official store ad/circular, then replace with confirmed source URL.",https://duckduckgo.com/?q=%22GOOD%20NEIGHBORS%20SUPERMARKET%22%20%2211385%22%20%28%22weekly%20ad%22%20OR%20circular%20OR%20flyer%20OR%20specials%29
746791,KINGSTAR GOURMET GROCERY,11385,,ZIP-targeted web search (manual verify),https://duckduckgo.com/?q=%22KINGSTAR%20GOURMET%20GROCERY%22%20%2211385%22%20%28%22weekly%20ad%22%20OR%20circular%20OR%20flyer%20OR%20specials%29,advertised,,,,,,,,,,"Second-pass ZIP-targeted search URL. Open link, verify official store ad/circular, then replace with confirmed source URL.",https://duckduckgo.com/?q=%22KINGSTAR%20GOURMET%20GROCERY%22%20%2211385%22%20%28%22weekly%20ad%22%20OR%20circular%20OR%20flyer%20OR%20specials%29
757506,L&C GROCERY,11385,,ZIP-targeted web search (manual verify),https://duckduckgo.com/?q=%22L%26C%20GROCERY%22%20%2211385%22%20%28%22weekly%20ad%22%20OR%20circular%20OR%20flyer%20OR%20specials%29,advertised,,,,,,,,,,"Second-pass ZIP-targeted search URL. Open link, verify official store ad/circular, then replace with confirmed source URL.",https://duckduckgo.com/?q=%22L%26C%20GROCERY%22%20%2211385%22%20%28%22weekly%20ad%22%20OR%20circular%20OR%20flyer%20OR%20specials%29
759654,LP BABY & GROCERY,11385,,ZIP-targeted web search (manual verify),https://duckduckgo.com/?q=%22LP%20BABY%20%26%20GROCERY%22%20%2211385%22%20%28%22weekly%20ad%22%20OR%20circular%20OR%20flyer%20OR%20specials%29,advertised,,,,,,,,,,"Second-pass ZIP-targeted search URL. Open link, verify official store ad/circular, then replace with confirmed source URL.",https://duckduckgo.com/?q=%22LP%20BABY%20%26%20GROCERY%22%20%2211385%22%20%28%22weekly%20ad%22%20OR%20circular%20OR%20flyer%20OR%20specials%29
634510,LRM ESPINAL GROCERY,11385,,ZIP-targeted web search (manual verify),https://duckduckgo.com/?q=%22LRM%20ESPINAL%20GROCERY%22%20%2211385%22%20%28%22weekly%20ad%22%20OR%20circular%20OR%20flyer%20OR%20specials%29,advertised,,,,,,,,,,"Second-pass ZIP-targeted search URL. Open link, verify official store ad/circular, then replace with confirmed source URL.",https://duckduckgo.com/?q=%22LRM%20ESPINAL%20GROCERY%22%20%2211385%22%20%28%22weekly%20ad%22%20OR%20circular%20OR%20flyer%20OR%20specials%29
715822,LUNA FRUIT & GROCERY,11385,,ZIP-targeted web search (manual verify),https://duckduckgo.com/?q=%22LUNA%20FRUIT%20%26%20GROCERY%22%20%2211385%22%20%28%22weekly%20ad%22%20OR%20circular%20OR%20flyer%20OR%20specials%29,advertised,,,,,,,,,,"Second-pass ZIP-targeted search URL. Open link, verify official store ad/circular, then replace with confirmed source URL.",https://duckduckgo.com/?q=%22LUNA%20FRUIT%20%26%20GROCERY%22%20%2211385%22%20%28%22weekly%20ad%22%20OR%20circular%20OR%20flyer%20OR%20specials%29
762820,SUPERFRESH SUPERMARKET,11385,2026-05-23,SuperFresh Weekly Sale,https://www.superfreshsupermarket.com/weekly-sale,advertised,,,,,,,,,,Matched to chain circular/weekly-ad source.,https://duckduckgo.com/?q=%22SUPERFRESH%20SUPERMARKET%22%20%2211385%22%20%28%22weekly%20ad%22%20OR%20circular%20OR%20flyer%20OR%20specials%29
636825,WESTERN BEEF 1,11385,2026-05-23,Western Beef Weekly Sales,https://www.westernbeef.com/sales,advertised,,,,,,,,,,Matched to chain circular/weekly-ad source.,https://duckduckgo.com/?q=%22WESTERN%20BEEF%201%22%20%2211385%22%20%28%22weekly%20ad%22%20OR%20circular%20OR%20flyer%20OR%20specials%29
761490,WOODBINE GROCERY,11385,,ZIP-targeted web search (manual verify),https://duckduckgo.com/?q=%22WOODBINE%20GROCERY%22%20%2211385%22%20%28%22weekly%20ad%22%20OR%20circular%20OR%20flyer%20OR%20specials%29,advertised,,,,,,,,,,"Second-pass ZIP-targeted search URL. Open link, verify official store ad/circular, then replace with confirmed source URL.",https://duckduckgo.com/?q=%22WOODBINE%20GROCERY%22%20%2211385%22%20%28%22weekly%20ad%22%20OR%20circular%20OR%20flyer%20OR%20specials%29
634144,BATISTA MINI GROCERY,11411,,ZIP-targeted web search (manual verify),https://duckduckgo.com/?q=%22BATISTA%20MINI%20GROCERY%22%20%2211411%22%20%28%22weekly%20ad%22%20OR%20circular%20OR%20flyer%20OR%20specials%29,advertised,,,,,,,,,,"Second-pass ZIP-targeted search URL. Open link, verify official store ad/circular, then replace with confirmed source URL.",https://duckduckgo.com/?q=%22BATISTA%20MINI%20GROCERY%22%20%2211411%22%20%28%22weekly%20ad%22%20OR%20circular%20OR%20flyer%20OR%20specials%29
634947,CHEZ MIREILLE GROCERY,11411,,ZIP-targeted web search (manual verify),https://duckduckgo.com/?q=%22CHEZ%20MIREILLE%20GROCERY%22%20%2211411%22%20%28%22weekly%20ad%22%20OR%20circular%20OR%20flyer%20OR%20specials%29,advertised,,,,,,,,,,"Second-pass ZIP-targeted search URL. Open link, verify official store ad/circular, then replace with confirmed source URL.",https://duckduckgo.com/?q=%22CHEZ%20MIREILLE%20GROCERY%22%20%2211411%22%20%28%22weekly%20ad%22%20OR%20circular%20OR%20flyer%20OR%20specials%29
754584,FARMBRIA BY FOOD BAZAAR,11411,2026-05-23,Food Bazaar Weekly Ad,https://www.foodbazaar.com/weekly-ad/,advertised,,,,,,,,,,Matched to chain circular/weekly-ad source.,https://duckduckgo.com/?q=%22FARMBRIA%20BY%20FOOD%20BAZAAR%22%20%2211411%22%20%28%22weekly%20ad%22%20OR%20circular%20OR%20flyer%20OR%20specials%29
764285,LINDEN CANDY & GROCERY,11411,,ZIP-targeted web search (manual verify),https://duckduckgo.com/?q=%22LINDEN%20CANDY%20%26%20GROCERY%22%20%2211411%22%20%28%22weekly%20ad%22%20OR%20circular%20OR%20flyer%20OR%20specials%29,advertised,,,,,,,,,,"Second-pass ZIP-targeted search URL. Open link, verify official store ad/circular, then replace with confirmed source URL.",https://duckduckgo.com/?q=%22LINDEN%20CANDY%20%26%20GROCERY%22%20%2211411%22%20%28%22weekly%20ad%22%20OR%20circular%20OR%20flyer%20OR%20specials%29
749972,A&E SUPERMARKET,11412,,ZIP-targeted web search (manual verify),https://duckduckgo.com/?q=%22A%26E%20SUPERMARKET%22%20%2211412%22%20%28%22weekly%20ad%22%20OR%20circular%20OR%20flyer%20OR%20specials%29,advertised,,,,,,,,,,"Second-pass ZIP-targeted search URL. Open link, verify official store ad/circular, then replace with confirmed source URL.",https://duckduckgo.com/?q=%22A%26E%20SUPERMARKET%22%20%2211412%22%20%28%22weekly%20ad%22%20OR%20circular%20OR%20flyer%20OR%20specials%29
764757,136 GROCERY,11413,,ZIP-targeted web search (manual verify),https://duckduckgo.com/?q=%22136%20GROCERY%22%20%2211413%22%20%28%22weekly%20ad%22%20OR%20circular%20OR%20flyer%20OR%20specials%29,advertised,,,,,,,,,,"Second-pass ZIP-targeted search URL. Open link, verify official store ad/circular, then replace with confirmed source URL.",https://duckduckgo.com/?q=%22136%20GROCERY%22%20%2211413%22%20%28%22weekly%20ad%22%20OR%20circular%20OR%20flyer%20OR%20specials%29
723528,EXPRESS GROCERY,11413,,ZIP-targeted web search (manual verify),https://duckduckgo.com/?q=%22EXPRESS%20GROCERY%22%20%2211413%22%20%28%22weekly%20ad%22%20OR%20circular%20OR%20flyer%20OR%20specials%29,advertised,,,,,,,,,,"Second-pass ZIP-targeted search URL. Open link, verify official store ad/circular, then replace with confirmed source URL.",https://duckduckgo.com/?q=%22EXPRESS%20GROCERY%22%20%2211413%22%20%28%22weekly%20ad%22%20OR%20circular%20OR%20flyer%20OR%20specials%29
631433,GREAT SUPERMARKET,11413,,ZIP-targeted web search (manual verify),https://duckduckgo.com/?q=%22GREAT%20SUPERMARKET%22%20%2211413%22%20%28%22weekly%20ad%22%20OR%20circular%20OR%20flyer%20OR%20specials%29,advertised,,,,,,,,,,"Second-pass ZIP-targeted search URL. Open link, verify official store ad/circular, then replace with confirmed source URL.",https://duckduckgo.com/?q=%22GREAT%20SUPERMARKET%22%20%2211413%22%20%28%22weekly%20ad%22%20OR%20circular%20OR%20flyer%20OR%20specials%29
633006,KEY FOOD 778,11413,2026-05-23,Key Food / Food Universe Flyers,https://www.keyfood.com/flyers,advertised,,,,,,,,,,Matched to chain circular/weekly-ad source.,https://duckduckgo.com/?q=%22KEY%20FOOD%20778%22%20%2211413%22%20%28%22weekly%20ad%22%20OR%20circular%20OR%20flyer%20OR%20specials%29
714056,KEY FOOD,11414,2026-05-23,Key Food / Food Universe Flyers,https://www.keyfood.com/flyers,advertised,,,,,,,,,,Matched to chain circular/weekly-ad source.,https://duckduckgo.com/?q=%22KEY%20FOOD%22%20%2211414%22%20%28%22weekly%20ad%22%20OR%20circular%20OR%20flyer%20OR%20specials%29
634663,VITELIO'S MARKETPLACE/KEY FOOD,11415,2026-05-23,Key Food / Food Universe Flyers,https://www.keyfood.com/flyers,advertised,,,,,,,,,,Matched to chain circular/weekly-ad source.,https://duckduckgo.com/?q=%22VITELIO%27S%20MARKETPLACE/KEY%20FOOD%22%20%2211415%22%20%28%22weekly%20ad%22%20OR%20circular%20OR%20flyer%20OR%20specials%29
741344,ABDULLAH SUPERMARKET,11416,,ZIP-targeted web search (manual verify),https://duckduckgo.com/?q=%22ABDULLAH%20SUPERMARKET%22%20%2211416%22%20%28%22weekly%20ad%22%20OR%20circular%20OR%20flyer%20OR%20specials%29,advertised,,,,,,,,,,"Second-pass ZIP-targeted search URL. Open link, verify official store ad/circular, then replace with confirmed source URL.",https://duckduckgo.com/?q=%22ABDULLAH%20SUPERMARKET%22%20%2211416%22%20%28%22weekly%20ad%22%20OR%20circular%20OR%20flyer%20OR%20specials%29
633982,KEYFOOD 1732,11416,2026-05-23,Key Food / Food Universe Flyers,https://www.keyfood.com/flyers,advertised,,,,,,,,,,Matched to chain circular/weekly-ad source.,https://duckduckgo.com/?q=%22KEYFOOD%201732%22%20%2211416%22%20%28%22weekly%20ad%22%20OR%20circular%20OR%20flyer%20OR%20specials%29
734181,MALA & SONS GROCERY,11416,,ZIP-targeted web search (manual verify),https://duckduckgo.com/?q=%22MALA%20%26%20SONS%20GROCERY%22%20%2211416%22%20%28%22weekly%20ad%22%20OR%20circular%20OR%20flyer%20OR%20specials%29,advertised,,,,,,,,,,"Second-pass ZIP-targeted search URL. Open link, verify official store ad/circular, then replace with confirmed source URL.",https://duckduckgo.com/?q=%22MALA%20%26%20SONS%20GROCERY%22%20%2211416%22%20%28%22weekly%20ad%22%20OR%20circular%20OR%20flyer%20OR%20specials%29
723710,MANNAN SUPERMARKET,11416,,ZIP-targeted web search (manual verify),https://duckduckgo.com/?q=%22MANNAN%20SUPERMARKET%22%20%2211416%22%20%28%22weekly%20ad%22%20OR%20circular%20OR%20flyer%20OR%20specials%29,advertised,,,,,,,,,,"Second-pass ZIP-targeted search URL. Open link, verify official store ad/circular, then replace with confirmed source URL.",https://duckduckgo.com/?q=%22MANNAN%20SUPERMARKET%22%20%2211416%22%20%28%22weekly%20ad%22%20OR%20circular%20OR%20flyer%20OR%20specials%29
766881,MENA GROCERY,11416,,ZIP-targeted web search (manual verify),https://duckduckgo.com/?q=%22MENA%20GROCERY%22%20%2211416%22%20%28%22weekly%20ad%22%20OR%20circular%20OR%20flyer%20OR%20specials%29,advertised,,,,,,,,,,"Second-pass ZIP-targeted search URL. Open link, verify official store ad/circular, then replace with confirmed source URL.",https://duckduckgo.com/?q=%22MENA%20GROCERY%22%20%2211416%22%20%28%22weekly%20ad%22%20OR%20circular%20OR%20flyer%20OR%20specials%29
745667,MARKET PLACE SUPERMARKET,11417,,ZIP-targeted web search (manual verify),https://duckduckgo.com/?q=%22MARKET%20PLACE%20SUPERMARKET%22%20%2211417%22%20%28%22weekly%20ad%22%20OR%20circular%20OR%20flyer%20OR%20specials%29,advertised,,,,,,,,,,"Second-pass ZIP-targeted search URL. Open link, verify official store ad/circular, then replace with confirmed source URL.",https://duckduckgo.com/?q=%22MARKET%20PLACE%20SUPERMARKET%22%20%2211417%22%20%28%22weekly%20ad%22%20OR%20circular%20OR%20flyer%20OR%20specials%29
711471,MILK FARM SUPERMARKET,11417,,ZIP-targeted web search (manual verify),https://duckduckgo.com/?q=%22MILK%20FARM%20SUPERMARKET%22%20%2211417%22%20%28%22weekly%20ad%22%20OR%20circular%20OR%20flyer%20OR%20specials%29,advertised,,,,,,,,,,"Second-pass ZIP-targeted search URL. Open link, verify official store ad/circular, then replace with confirmed source URL.",https://duckduckgo.com/?q=%22MILK%20FARM%20SUPERMARKET%22%20%2211417%22%20%28%22weekly%20ad%22%20OR%20circular%20OR%20flyer%20OR%20specials%29
633862,BABA SUPERMARKET,11418,,ZIP-targeted web search (manual verify),https://duckduckgo.com/?q=%22BABA%20SUPERMARKET%22%20%2211418%22%20%28%22weekly%20ad%22%20OR%20circular%20OR%20flyer%20OR%20specials%29,advertised,,,,,,,,,,"Second-pass ZIP-targeted search URL. Open link, verify official store ad/circular, then replace with confirmed source URL.",https://duckduckgo.com/?q=%22BABA%20SUPERMARKET%22%20%2211418%22%20%28%22weekly%20ad%22%20OR%20circular%20OR%20flyer%20OR%20specials%29
630835,BRAVO SUPERMARKET,11418,2026-05-23,Bravo Supermarkets Weekly Circular,https://www.bravosupermarkets.com/weekly-circular,advertised,,,,,,,,,,Matched to chain circular/weekly-ad source.,https://duckduckgo.com/?q=%22BRAVO%20SUPERMARKET%22%20%2211418%22%20%28%22weekly%20ad%22%20OR%20circular%20OR%20flyer%20OR%20specials%29
739703,DIAZ GROCERY OF NY,11418,,ZIP-targeted web search (manual verify),https://duckduckgo.com/?q=%22DIAZ%20GROCERY%20OF%20NY%22%20%2211418%22%20%28%22weekly%20ad%22%20OR%20circular%20OR%20flyer%20OR%20specials%29,advertised,,,,,,,,,,"Second-pass ZIP-targeted search URL. Open link, verify official store ad/circular, then replace with confirmed source URL.",https://duckduckgo.com/?q=%22DIAZ%20GROCERY%20OF%20NY%22%20%2211418%22%20%28%22weekly%20ad%22%20OR%20circular%20OR%20flyer%20OR%20specials%29
634641,GOOD START GROCERY,11418,,ZIP-targeted web search (manual verify),https://duckduckgo.com/?q=%22GOOD%20START%20GROCERY%22%20%2211418%22%20%28%22weekly%20ad%22%20OR%20circular%20OR%20flyer%20OR%20specials%29,advertised,,,,,,,,,,"Second-pass ZIP-targeted search URL. Open link, verify official store ad/circular, then replace with confirmed source URL.",https://duckduckgo.com/?q=%22GOOD%20START%20GROCERY%22%20%2211418%22%20%28%22weekly%20ad%22%20OR%20circular%20OR%20flyer%20OR%20specials%29
718868,KEY FOOD SUPERMARKET,11418,2026-05-23,Key Food / Food Universe Flyers,https://www.keyfood.com/flyers,advertised,,,,,,,,,,Matched to chain circular/weekly-ad source.,https://duckduckgo.com/?q=%22KEY%20FOOD%20SUPERMARKET%22%20%2211418%22%20%28%22weekly%20ad%22%20OR%20circular%20OR%20flyer%20OR%20specials%29
705700,MANANA GROCERY,11418,,ZIP-targeted web search (manual verify),https://duckduckgo.com/?q=%22MANANA%20GROCERY%22%20%2211418%22%20%28%22weekly%20ad%22%20OR%20circular%20OR%20flyer%20OR%20specials%29,advertised,,,,,,,,,,"Second-pass ZIP-targeted search URL. Open link, verify official store ad/circular, then replace with confirmed source URL.",https://duckduckgo.com/?q=%22MANANA%20GROCERY%22%20%2211418%22%20%28%22weekly%20ad%22%20OR%20circular%20OR%20flyer%20OR%20specials%29
742743,MERCADO GROCERY 1,11418,,ZIP-targeted web search (manual verify),https://duckduckgo.com/?q=%22MERCADO%20GROCERY%201%22%20%2211418%22%20%28%22weekly%20ad%22%20OR%20circular%20OR%20flyer%20OR%20specials%29,advertised,,,,,,,,,,"Second-pass ZIP-targeted search URL. Open link, verify official store ad/circular, then replace with confirmed source URL.",https://duckduckgo.com/?q=%22MERCADO%20GROCERY%201%22%20%2211418%22%20%28%22weekly%20ad%22%20OR%20circular%20OR%20flyer%20OR%20specials%29
748873,STABROEK MARKET WEST INDIAN GROCERY,11418,,ZIP-targeted web search (manual verify),https://duckduckgo.com/?q=%22STABROEK%20MARKET%20WEST%20INDIAN%20GROCERY%22%20%2211418%22%20%28%22weekly%20ad%22%20OR%20circular%20OR%20flyer%20OR%20specials%29,advertised,,,,,,,,,,"Second-pass ZIP-targeted search URL. Open link, verify official store ad/circular, then replace with confirmed source URL.",https://duckduckgo.com/?q=%22STABROEK%20MARKET%20WEST%20INDIAN%20GROCERY%22%20%2211418%22%20%28%22weekly%20ad%22%20OR%20circular%20OR%20flyer%20OR%20specials%29
632060,SUNNY GROCERY & DISCOUNT,11418,,ZIP-targeted web search (manual verify),https://duckduckgo.com/?q=%22SUNNY%20GROCERY%20%26%20DISCOUNT%22%20%2211418%22%20%28%22weekly%20ad%22%20OR%20circular%20OR%20flyer%20OR%20specials%29,advertised,,,,,,,,,,"Second-pass ZIP-targeted search URL. Open link, verify official store ad/circular, then replace with confirmed source URL.",https://duckduckgo.com/?q=%22SUNNY%20GROCERY%20%26%20DISCOUNT%22%20%2211418%22%20%28%22weekly%20ad%22%20OR%20circular%20OR%20flyer%20OR%20specials%29
638703,AZ GROCERY AND MEAT,11419,,ZIP-targeted web search (manual verify),https://duckduckgo.com/?q=%22AZ%20GROCERY%20AND%20MEAT%22%20%2211419%22%20%28%22weekly%20ad%22%20OR%20circular%20OR%20flyer%20OR%20specials%29,advertised,,,,,,,,,,"Second-pass ZIP-targeted search URL. Open link, verify official store ad/circular, then replace with confirmed source URL.",https://duckduckgo.com/?q=%22AZ%20GROCERY%20AND%20MEAT%22%20%2211419%22%20%28%22weekly%20ad%22%20OR%20circular%20OR%20flyer%20OR%20specials%29
670216,J&B WEST INDIAN AMERICAN GROCERY,11419,,ZIP-targeted web search (manual verify),https://duckduckgo.com/?q=%22J%26B%20WEST%20INDIAN%20AMERICAN%20GROCERY%22%20%2211419%22%20%28%22weekly%20ad%22%20OR%20circular%20OR%20flyer%20OR%20specials%29,advertised,,,,,,,,,,"Second-pass ZIP-targeted search URL. Open link, verify official store ad/circular, then replace with confirmed source URL.",https://duckduckgo.com/?q=%22J%26B%20WEST%20INDIAN%20AMERICAN%20GROCERY%22%20%2211419%22%20%28%22weekly%20ad%22%20OR%20circular%20OR%20flyer%20OR%20specials%29
634177,J&P W INDIAN GROCERY,11419,,ZIP-targeted web search (manual verify),https://duckduckgo.com/?q=%22J%26P%20W%20INDIAN%20GROCERY%22%20%2211419%22%20%28%22weekly%20ad%22%20OR%20circular%20OR%20flyer%20OR%20specials%29,advertised,,,,,,,,,,"Second-pass ZIP-targeted search URL. Open link, verify official store ad/circular, then replace with confirmed source URL.",https://duckduckgo.com/?q=%22J%26P%20W%20INDIAN%20GROCERY%22%20%2211419%22%20%28%22weekly%20ad%22%20OR%20circular%20OR%20flyer%20OR%20specials%29
747761,K TOWN SUPERMARKET,11419,,ZIP-targeted web search (manual verify),https://duckduckgo.com/?q=%22K%20TOWN%20SUPERMARKET%22%20%2211419%22%20%28%22weekly%20ad%22%20OR%20circular%20OR%20flyer%20OR%20specials%29,advertised,,,,,,,,,,"Second-pass ZIP-targeted search URL. Open link, verify official store ad/circular, then replace with confirmed source URL.",https://duckduckgo.com/?q=%22K%20TOWN%20SUPERMARKET%22%20%2211419%22%20%28%22weekly%20ad%22%20OR%20circular%20OR%20flyer%20OR%20specials%29
758856,KEY FOOD,11419,2026-05-23,Key Food / Food Universe Flyers,https://www.keyfood.com/flyers,advertised,,,,,,,,,,Matched to chain circular/weekly-ad source.,https://duckduckgo.com/?q=%22KEY%20FOOD%22%20%2211419%22%20%28%22weekly%20ad%22%20OR%20circular%20OR%20flyer%20OR%20specials%29
723529,KEY FOOD SUPERMARKET,11419,2026-05-23,Key Food / Food Universe Flyers,https://www.keyfood.com/flyers,advertised,,,,,,,,,,Matched to chain circular/weekly-ad source.,https://duckduckgo.com/?q=%22KEY%20FOOD%20SUPERMARKET%22%20%2211419%22%20%28%22weekly%20ad%22%20OR%20circular%20OR%20flyer%20OR%20specials%29
754269,LIBERTY BISMILLAH SUPERMARKET,11419,,ZIP-targeted web search (manual verify),https://duckduckgo.com/?q=%22LIBERTY%20BISMILLAH%20SUPERMARKET%22%20%2211419%22%20%28%22weekly%20ad%22%20OR%20circular%20OR%20flyer%20OR%20specials%29,advertised,,,,,,,,,,"Second-pass ZIP-targeted search URL. Open link, verify official store ad/circular, then replace with confirmed source URL.",https://duckduckgo.com/?q=%22LIBERTY%20BISMILLAH%20SUPERMARKET%22%20%2211419%22%20%28%22weekly%20ad%22%20OR%20circular%20OR%20flyer%20OR%20specials%29
631608,MALIKI GROCERY,11419,,ZIP-targeted web search (manual verify),https://duckduckgo.com/?q=%22MALIKI%20GROCERY%22%20%2211419%22%20%28%22weekly%20ad%22%20OR%20circular%20OR%20flyer%20OR%20specials%29,advertised,,,,,,,,,,"Second-pass ZIP-targeted search URL. Open link, verify official store ad/circular, then replace with confirmed source URL.",https://duckduckgo.com/?q=%22MALIKI%20GROCERY%22%20%2211419%22%20%28%22weekly%20ad%22%20OR%20circular%20OR%20flyer%20OR%20specials%29
757597,BUENO 111 GROCERY,11420,,ZIP-targeted web search (manual verify),https://duckduckgo.com/?q=%22BUENO%20111%20GROCERY%22%20%2211420%22%20%28%22weekly%20ad%22%20OR%20circular%20OR%20flyer%20OR%20specials%29,advertised,,,,,,,,,,"Second-pass ZIP-targeted search URL. Open link, verify official store ad/circular, then replace with confirmed source URL.",https://duckduckgo.com/?q=%22BUENO%20111%20GROCERY%22%20%2211420%22%20%28%22weekly%20ad%22%20OR%20circular%20OR%20flyer%20OR%20specials%29
633572,KEY FOOD 1360,11420,2026-05-23,Key Food / Food Universe Flyers,https://www.keyfood.com/flyers,advertised,,,,,,,,,,Matched to chain circular/weekly-ad source.,https://duckduckgo.com/?q=%22KEY%20FOOD%201360%22%20%2211420%22%20%28%22weekly%20ad%22%20OR%20circular%20OR%20flyer%20OR%20specials%29
670773,KEYFOOD 1598,11420,2026-05-23,Key Food / Food Universe Flyers,https://www.keyfood.com/flyers,advertised,,,,,,,,,,Matched to chain circular/weekly-ad source.,https://duckduckgo.com/?q=%22KEYFOOD%201598%22%20%2211420%22%20%28%22weekly%20ad%22%20OR%20circular%20OR%20flyer%20OR%20specials%29
671456,T&T FISH AND GROCERY,11420,,ZIP-targeted web search (manual verify),https://duckduckgo.com/?q=%22T%26T%20FISH%20AND%20GROCERY%22%20%2211420%22%20%28%22weekly%20ad%22%20OR%20circular%20OR%20flyer%20OR%20specials%29,advertised,,,,,,,,,,"Second-pass ZIP-targeted search URL. Open link, verify official store ad/circular, then replace with confirmed source URL.",https://duckduckgo.com/?q=%22T%26T%20FISH%20AND%20GROCERY%22%20%2211420%22%20%28%22weekly%20ad%22%20OR%20circular%20OR%20flyer%20OR%20specials%29
630709,C TOWN SUPERMARKET,11421,2026-05-23,CTown Weekly Ad,https://www.ctownsupermarkets.com/Weekly-Ad,advertised,,,,,,,,,,Matched to chain circular/weekly-ad source.,https://duckduckgo.com/?q=%22C%20TOWN%20SUPERMARKET%22%20%2211421%22%20%28%22weekly%20ad%22%20OR%20circular%20OR%20flyer%20OR%20specials%29
638042,CIBAO GROCERY,11421,,ZIP-targeted web search (manual verify),https://duckduckgo.com/?q=%22CIBAO%20GROCERY%22%20%2211421%22%20%28%22weekly%20ad%22%20OR%20circular%20OR%20flyer%20OR%20specials%29,advertised,,,,,,,,,,"Second-pass ZIP-targeted search URL. Open link, verify official store ad/circular, then replace with confirmed source URL.",https://duckduckgo.com/?q=%22CIBAO%20GROCERY%22%20%2211421%22%20%28%22weekly%20ad%22%20OR%20circular%20OR%20flyer%20OR%20specials%29
741442,FINE FARE SUPERMARKET,11421,2026-05-23,Fine Fare Store Site,https://www.finefaresupermarkets.com/,advertised,,,,,,,,,,Matched to chain circular/weekly-ad source.,https://duckduckgo.com/?q=%22FINE%20FARE%20SUPERMARKET%22%20%2211421%22%20%28%22weekly%20ad%22%20OR%20circular%20OR%20flyer%20OR%20specials%29
745248,FRUTERIA & GROCERY,11421,,ZIP-targeted web search (manual verify),https://duckduckgo.com/?q=%22FRUTERIA%20%26%20GROCERY%22%20%2211421%22%20%28%22weekly%20ad%22%20OR%20circular%20OR%20flyer%20OR%20specials%29,advertised,,,,,,,,,,"Second-pass ZIP-targeted search URL. Open link, verify official store ad/circular, then replace with confirmed source URL.",https://duckduckgo.com/?q=%22FRUTERIA%20%26%20GROCERY%22%20%2211421%22%20%28%22weekly%20ad%22%20OR%20circular%20OR%20flyer%20OR%20specials%29
748307,GREEN VALLEY SUPERMARKET,11421,,ZIP-targeted web search (manual verify),https://duckduckgo.com/?q=%22GREEN%20VALLEY%20SUPERMARKET%22%20%2211421%22%20%28%22weekly%20ad%22%20OR%20circular%20OR%20flyer%20OR%20specials%29,advertised,,,,,,,,,,"Second-pass ZIP-targeted search URL. Open link, verify official store ad/circular, then replace with confirmed source URL.",https://duckduckgo.com/?q=%22GREEN%20VALLEY%20SUPERMARKET%22%20%2211421%22%20%28%22weekly%20ad%22%20OR%20circular%20OR%20flyer%20OR%20specials%29
738893,KEY FOOD # 2468,11421,2026-05-23,Key Food / Food Universe Flyers,https://www.keyfood.com/flyers,advertised,,,,,,,,,,Matched to chain circular/weekly-ad source.,https://duckduckgo.com/?q=%22KEY%20FOOD%20%23%202468%22%20%2211421%22%20%28%22weekly%20ad%22%20OR%20circular%20OR%20flyer%20OR%20specials%29
757480,ASSOCIATED,11422,2026-05-23,Associated Supermarkets Weekly Ad,https://www.yapik.com/us/associated-supermarkets/weekly-ad,advertised,,,,,,,,,,Matched to third-party weekly-ad index for this chain; verify store-specific ad before final use.,https://duckduckgo.com/?q=%22ASSOCIATED%22%20%2211422%22%20%28%22weekly%20ad%22%20OR%20circular%20OR%20flyer%20OR%20specials%29
737866,A-C MARKET GROCERY,11423,,ZIP-targeted web search (manual verify),https://duckduckgo.com/?q=%22A-C%20MARKET%20GROCERY%22%20%2211423%22%20%28%22weekly%20ad%22%20OR%20circular%20OR%20flyer%20OR%20specials%29,advertised,,,,,,,,,,"Second-pass ZIP-targeted search URL. Open link, verify official store ad/circular, then replace with confirmed source URL.",https://duckduckgo.com/?q=%22A-C%20MARKET%20GROCERY%22%20%2211423%22%20%28%22weekly%20ad%22%20OR%20circular%20OR%20flyer%20OR%20specials%29
735128,C TOWN SUPERMARKET,11423,2026-05-23,CTown Weekly Ad,https://www.ctownsupermarkets.com/Weekly-Ad,advertised,,,,,,,,,,Matched to chain circular/weekly-ad source.,https://duckduckgo.com/?q=%22C%20TOWN%20SUPERMARKET%22%20%2211423%22%20%28%22weekly%20ad%22%20OR%20circular%20OR%20flyer%20OR%20specials%29
760818,GRAM BANGLA SUPERMARKET,11423,,ZIP-targeted web search (manual verify),https://duckduckgo.com/?q=%22GRAM%20BANGLA%20SUPERMARKET%22%20%2211423%22%20%28%22weekly%20ad%22%20OR%20circular%20OR%20flyer%20OR%20specials%29,advertised,,,,,,,,,,"Second-pass ZIP-targeted search URL. Open link, verify official store ad/circular, then replace with confirmed source URL.",https://duckduckgo.com/?q=%22GRAM%20BANGLA%20SUPERMARKET%22%20%2211423%22%20%28%22weekly%20ad%22%20OR%20circular%20OR%20flyer%20OR%20specials%29
631834,KARINA GROCERY,11423,,ZIP-targeted web search (manual verify),https://duckduckgo.com/?q=%22KARINA%20GROCERY%22%20%2211423%22%20%28%22weekly%20ad%22%20OR%20circular%20OR%20flyer%20OR%20specials%29,advertised,,,,,,,,,,"Second-pass ZIP-targeted search URL. Open link, verify official store ad/circular, then replace with confirmed source URL.",https://duckduckgo.com/?q=%22KARINA%20GROCERY%22%20%2211423%22%20%28%22weekly%20ad%22%20OR%20circular%20OR%20flyer%20OR%20specials%29
733561,SB FRUIT VEGETABLE & GROCERY,11423,,ZIP-targeted web search (manual verify),https://duckduckgo.com/?q=%22SB%20FRUIT%20VEGETABLE%20%26%20GROCERY%22%20%2211423%22%20%28%22weekly%20ad%22%20OR%20circular%20OR%20flyer%20OR%20specials%29,advertised,,,,,,,,,,"Second-pass ZIP-targeted search URL. Open link, verify official store ad/circular, then replace with confirmed source URL.",https://duckduckgo.com/?q=%22SB%20FRUIT%20VEGETABLE%20%26%20GROCERY%22%20%2211423%22%20%28%22weekly%20ad%22%20OR%20circular%20OR%20flyer%20OR%20specials%29
719179,SKELDON MARKET PLACE GROCERY,11423,,ZIP-targeted web search (manual verify),https://duckduckgo.com/?q=%22SKELDON%20MARKET%20PLACE%20GROCERY%22%20%2211423%22%20%28%22weekly%20ad%22%20OR%20circular%20OR%20flyer%20OR%20specials%29,advertised,,,,,,,,,,"Second-pass ZIP-targeted search URL. Open link, verify official store ad/circular, then replace with confirmed source URL.",https://duckduckgo.com/?q=%22SKELDON%20MARKET%20PLACE%20GROCERY%22%20%2211423%22%20%28%22weekly%20ad%22%20OR%20circular%20OR%20flyer%20OR%20specials%29
701965,VALERY GROCERY,11423,,ZIP-targeted web search (manual verify),https://duckduckgo.com/?q=%22VALERY%20GROCERY%22%20%2211423%22%20%28%22weekly%20ad%22%20OR%20circular%20OR%20flyer%20OR%20specials%29,advertised,,,,,,,,,,"Second-pass ZIP-targeted search URL. Open link, verify official store ad/circular, then replace with confirmed source URL.",https://duckduckgo.com/?q=%22VALERY%20GROCERY%22%20%2211423%22%20%28%22weekly%20ad%22%20OR%20circular%20OR%20flyer%20OR%20specials%29
753957,NEW AL-HABIB MEAT AND GROCERY,11426,,ZIP-targeted web search (manual verify),https://duckduckgo.com/?q=%22NEW%20AL-HABIB%20MEAT%20AND%20GROCERY%22%20%2211426%22%20%28%22weekly%20ad%22%20OR%20circular%20OR%20flyer%20OR%20specials%29,advertised,,,,,,,,,,"Second-pass ZIP-targeted search URL. Open link, verify official store ad/circular, then replace with confirmed source URL.",https://duckduckgo.com/?q=%22NEW%20AL-HABIB%20MEAT%20AND%20GROCERY%22%20%2211426%22%20%28%22weekly%20ad%22%20OR%20circular%20OR%20flyer%20OR%20specials%29
730006,KEY FOOD,11427,2026-05-23,Key Food / Food Universe Flyers,https://www.keyfood.com/flyers,advertised,,,,,,,,,,Matched to chain circular/weekly-ad source.,https://duckduckgo.com/?q=%22KEY%20FOOD%22%20%2211427%22%20%28%22weekly%20ad%22%20OR%20circular%20OR%20flyer%20OR%20specials%29
632930,MJ GROCERY STORE,11427,,ZIP-targeted web search (manual verify),https://duckduckgo.com/?q=%22MJ%20GROCERY%20STORE%22%20%2211427%22%20%28%22weekly%20ad%22%20OR%20circular%20OR%20flyer%20OR%20specials%29,advertised,,,,,,,,,,"Second-pass ZIP-targeted search URL. Open link, verify official store ad/circular, then replace with confirmed source URL.",https://duckduckgo.com/?q=%22MJ%20GROCERY%20STORE%22%20%2211427%22%20%28%22weekly%20ad%22%20OR%20circular%20OR%20flyer%20OR%20specials%29
632762,KEY FOOD 1300,11428,2026-05-23,Key Food / Food Universe Flyers,https://www.keyfood.com/flyers,advertised,,,,,,,,,,Matched to chain circular/weekly-ad source.,https://duckduckgo.com/?q=%22KEY%20FOOD%201300%22%20%2211428%22%20%28%22weekly%20ad%22%20OR%20circular%20OR%20flyer%20OR%20specials%29
716144,SUPER SPRING GROCERY,11428,,ZIP-targeted web search (manual verify),https://duckduckgo.com/?q=%22SUPER%20SPRING%20GROCERY%22%20%2211428%22%20%28%22weekly%20ad%22%20OR%20circular%20OR%20flyer%20OR%20specials%29,advertised,,,,,,,,,,"Second-pass ZIP-targeted search URL. Open link, verify official store ad/circular, then replace with confirmed source URL.",https://duckduckgo.com/?q=%22SUPER%20SPRING%20GROCERY%22%20%2211428%22%20%28%22weekly%20ad%22%20OR%20circular%20OR%20flyer%20OR%20specials%29
764287,ALRAYAN SUPERMARKET,11429,,ZIP-targeted web search (manual verify),https://duckduckgo.com/?q=%22ALRAYAN%20SUPERMARKET%22%20%2211429%22%20%28%22weekly%20ad%22%20OR%20circular%20OR%20flyer%20OR%20specials%29,advertised,,,,,,,,,,"Second-pass ZIP-targeted search URL. Open link, verify official store ad/circular, then replace with confirmed source URL.",https://duckduckgo.com/?q=%22ALRAYAN%20SUPERMARKET%22%20%2211429%22%20%28%22weekly%20ad%22%20OR%20circular%20OR%20flyer%20OR%20specials%29
744447,C-TOWN,11429,2026-05-23,CTown Weekly Ad,https://www.ctownsupermarkets.com/Weekly-Ad,advertised,,,,,,,,,,Matched to chain circular/weekly-ad source.,https://duckduckgo.com/?q=%22C-TOWN%22%20%2211429%22%20%28%22weekly%20ad%22%20OR%20circular%20OR%20flyer%20OR%20specials%29
639605,EL MENEO GROCERY,11429,,ZIP-targeted web search (manual verify),https://duckduckgo.com/?q=%22EL%20MENEO%20GROCERY%22%20%2211429%22%20%28%22weekly%20ad%22%20OR%20circular%20OR%20flyer%20OR%20specials%29,advertised,,,,,,,,,,"Second-pass ZIP-targeted search URL. Open link, verify official store ad/circular, then replace with confirmed source URL.",https://duckduckgo.com/?q=%22EL%20MENEO%20GROCERY%22%20%2211429%22%20%28%22weekly%20ad%22%20OR%20circular%20OR%20flyer%20OR%20specials%29
734742,SUPREME GOURMET GROCERY,11429,,ZIP-targeted web search (manual verify),https://duckduckgo.com/?q=%22SUPREME%20GOURMET%20GROCERY%22%20%2211429%22%20%28%22weekly%20ad%22%20OR%20circular%20OR%20flyer%20OR%20specials%29,advertised,,,,,,,,,,"Second-pass ZIP-targeted search URL. Open link, verify official store ad/circular, then replace with confirmed source URL.",https://duckduckgo.com/?q=%22SUPREME%20GOURMET%20GROCERY%22%20%2211429%22%20%28%22weekly%20ad%22%20OR%20circular%20OR%20flyer%20OR%20specials%29
717815,A Y FAMILY GROCERY,11432,,ZIP-targeted web search (manual verify),https://duckduckgo.com/?q=%22A%20Y%20FAMILY%20GROCERY%22%20%2211432%22%20%28%22weekly%20ad%22%20OR%20circular%20OR%20flyer%20OR%20specials%29,advertised,,,,,,,,,,"Second-pass ZIP-targeted search URL. Open link, verify official store ad/circular, then replace with confirmed source URL.",https://duckduckgo.com/?q=%22A%20Y%20FAMILY%20GROCERY%22%20%2211432%22%20%28%22weekly%20ad%22%20OR%20circular%20OR%20flyer%20OR%20specials%29
741311,BISMILLAH SUPERMARKET,11432,,ZIP-targeted web search (manual verify),https://duckduckgo.com/?q=%22BISMILLAH%20SUPERMARKET%22%20%2211432%22%20%28%22weekly%20ad%22%20OR%20circular%20OR%20flyer%20OR%20specials%29,advertised,,,,,,,,,,"Second-pass ZIP-targeted search URL. Open link, verify official store ad/circular, then replace with confirmed source URL.",https://duckduckgo.com/?q=%22BISMILLAH%20SUPERMARKET%22%20%2211432%22%20%28%22weekly%20ad%22%20OR%20circular%20OR%20flyer%20OR%20specials%29
754177,FATIMA GROCERY,11432,,ZIP-targeted web search (manual verify),https://duckduckgo.com/?q=%22FATIMA%20GROCERY%22%20%2211432%22%20%28%22weekly%20ad%22%20OR%20circular%20OR%20flyer%20OR%20specials%29,advertised,,,,,,,,,,"Second-pass ZIP-targeted search URL. Open link, verify official store ad/circular, then replace with confirmed source URL.",https://duckduckgo.com/?q=%22FATIMA%20GROCERY%22%20%2211432%22%20%28%22weekly%20ad%22%20OR%20circular%20OR%20flyer%20OR%20specials%29
709656,FINE FARE SUPERMARKET,11432,2026-05-23,Fine Fare Store Site,https://www.finefaresupermarkets.com/,advertised,,,,,,,,,,Matched to chain circular/weekly-ad source.,https://duckduckgo.com/?q=%22FINE%20FARE%20SUPERMARKET%22%20%2211432%22%20%28%22weekly%20ad%22%20OR%20circular%20OR%20flyer%20OR%20specials%29
635910,FOODTOWN,11432,2026-05-23,Foodtown Weekly Circular,https://www.foodtown.com/,advertised,,,,,,,,,,Matched to chain circular/weekly-ad source.,https://duckduckgo.com/?q=%22FOODTOWN%22%20%2211432%22%20%28%22weekly%20ad%22%20OR%20circular%20OR%20flyer%20OR%20specials%29
631774,FOODTOWN,11432,2026-05-23,Foodtown Weekly Circular,https://www.foodtown.com/,advertised,,,,,,,,,,Matched to chain circular/weekly-ad source.,https://duckduckgo.com/?q=%22FOODTOWN%22%20%2211432%22%20%28%22weekly%20ad%22%20OR%20circular%20OR%20flyer%20OR%20specials%29
722124,GRAY GROCERY,11432,,ZIP-targeted web search (manual verify),https://duckduckgo.com/?q=%22GRAY%20GROCERY%22%20%2211432%22%20%28%22weekly%20ad%22%20OR%20circular%20OR%20flyer%20OR%20specials%29,advertised,,,,,,,,,,"Second-pass ZIP-targeted search URL. Open link, verify official store ad/circular, then replace with confirmed source URL.",https://duckduckgo.com/?q=%22GRAY%20GROCERY%22%20%2211432%22%20%28%22weekly%20ad%22%20OR%20circular%20OR%20flyer%20OR%20specials%29
638599,KEY FOOD 1046,11432,2026-05-23,Key Food / Food Universe Flyers,https://www.keyfood.com/flyers,advertised,,,,,,,,,,Matched to chain circular/weekly-ad source.,https://duckduckgo.com/?q=%22KEY%20FOOD%201046%22%20%2211432%22%20%28%22weekly%20ad%22%20OR%20circular%20OR%20flyer%20OR%20specials%29
756083,LABBAIK SUPERMARKET,11432,,ZIP-targeted web search (manual verify),https://duckduckgo.com/?q=%22LABBAIK%20SUPERMARKET%22%20%2211432%22%20%28%22weekly%20ad%22%20OR%20circular%20OR%20flyer%20OR%20specials%29,advertised,,,,,,,,,,"Second-pass ZIP-targeted search URL. Open link, verify official store ad/circular, then replace with confirmed source URL.",https://duckduckgo.com/?q=%22LABBAIK%20SUPERMARKET%22%20%2211432%22%20%28%22weekly%20ad%22%20OR%20circular%20OR%20flyer%20OR%20specials%29
729811,MAA SUPERMARKET,11432,,ZIP-targeted web search (manual verify),https://duckduckgo.com/?q=%22MAA%20SUPERMARKET%22%20%2211432%22%20%28%22weekly%20ad%22%20OR%20circular%20OR%20flyer%20OR%20specials%29,advertised,,,,,,,,,,"Second-pass ZIP-targeted search URL. Open link, verify official store ad/circular, then replace with confirmed source URL.",https://duckduckgo.com/?q=%22MAA%20SUPERMARKET%22%20%2211432%22%20%28%22weekly%20ad%22%20OR%20circular%20OR%20flyer%20OR%20specials%29
638752,MANNAN SUPERMARKET,11432,,ZIP-targeted web search (manual verify),https://duckduckgo.com/?q=%22MANNAN%20SUPERMARKET%22%20%2211432%22%20%28%22weekly%20ad%22%20OR%20circular%20OR%20flyer%20OR%20specials%29,advertised,,,,,,,,,,"Second-pass ZIP-targeted search URL. Open link, verify official store ad/circular, then replace with confirmed source URL.",https://duckduckgo.com/?q=%22MANNAN%20SUPERMARKET%22%20%2211432%22%20%28%22weekly%20ad%22%20OR%20circular%20OR%20flyer%20OR%20specials%29
715855,PREMIUM SUPERMARKET,11432,,ZIP-targeted web search (manual verify),https://duckduckgo.com/?q=%22PREMIUM%20SUPERMARKET%22%20%2211432%22%20%28%22weekly%20ad%22%20OR%20circular%20OR%20flyer%20OR%20specials%29,advertised,,,,,,,,,,"Second-pass ZIP-targeted search URL. Open link, verify official store ad/circular, then replace with confirmed source URL.",https://duckduckgo.com/?q=%22PREMIUM%20SUPERMARKET%22%20%2211432%22%20%28%22weekly%20ad%22%20OR%20circular%20OR%20flyer%20OR%20specials%29
638901,SUNSHINE GROCERY,11432,,ZIP-targeted web search (manual verify),https://duckduckgo.com/?q=%22SUNSHINE%20GROCERY%22%20%2211432%22%20%28%22weekly%20ad%22%20OR%20circular%20OR%20flyer%20OR%20specials%29,advertised,,,,,,,,,,"Second-pass ZIP-targeted search URL. Open link, verify official store ad/circular, then replace with confirmed source URL.",https://duckduckgo.com/?q=%22SUNSHINE%20GROCERY%22%20%2211432%22%20%28%22weekly%20ad%22%20OR%20circular%20OR%20flyer%20OR%20specials%29
752762,ALDI #119,11433,2026-05-23,ALDI Weekly Ad,https://www.aldi.us/weekly-specials/our-weekly-ads/,advertised,,,,,,,,,,Matched to chain circular/weekly-ad source.,https://duckduckgo.com/?q=%22ALDI%20%23119%22%20%2211433%22%20%28%22weekly%20ad%22%20OR%20circular%20OR%20flyer%20OR%20specials%29
722166,FAMOSA GROCERY,11433,,ZIP-targeted web search (manual verify),https://duckduckgo.com/?q=%22FAMOSA%20GROCERY%22%20%2211433%22%20%28%22weekly%20ad%22%20OR%20circular%20OR%20flyer%20OR%20specials%29,advertised,,,,,,,,,,"Second-pass ZIP-targeted search URL. Open link, verify official store ad/circular, then replace with confirmed source URL.",https://duckduckgo.com/?q=%22FAMOSA%20GROCERY%22%20%2211433%22%20%28%22weekly%20ad%22%20OR%20circular%20OR%20flyer%20OR%20specials%29
762663,LA FAMILIA II GROCERY,11433,,ZIP-targeted web search (manual verify),https://duckduckgo.com/?q=%22LA%20FAMILIA%20II%20GROCERY%22%20%2211433%22%20%28%22weekly%20ad%22%20OR%20circular%20OR%20flyer%20OR%20specials%29,advertised,,,,,,,,,,"Second-pass ZIP-targeted search URL. Open link, verify official store ad/circular, then replace with confirmed source URL.",https://duckduckgo.com/?q=%22LA%20FAMILIA%20II%20GROCERY%22%20%2211433%22%20%28%22weekly%20ad%22%20OR%20circular%20OR%20flyer%20OR%20specials%29
708861,BATISTA GROCERY,11434,,ZIP-targeted web search (manual verify),https://duckduckgo.com/?q=%22BATISTA%20GROCERY%22%20%2211434%22%20%28%22weekly%20ad%22%20OR%20circular%20OR%20flyer%20OR%20specials%29,advertised,,,,,,,,,,"Second-pass ZIP-targeted search URL. Open link, verify official store ad/circular, then replace with confirmed source URL.",https://duckduckgo.com/?q=%22BATISTA%20GROCERY%22%20%2211434%22%20%28%22weekly%20ad%22%20OR%20circular%20OR%20flyer%20OR%20specials%29
745494,C TOWN SUPERMARKET,11434,2026-05-23,CTown Weekly Ad,https://www.ctownsupermarkets.com/Weekly-Ad,advertised,,,,,,,,,,Matched to chain circular/weekly-ad source.,https://duckduckgo.com/?q=%22C%20TOWN%20SUPERMARKET%22%20%2211434%22%20%28%22weekly%20ad%22%20OR%20circular%20OR%20flyer%20OR%20specials%29
670664,CARIBBEAN GROCERY & FISH M,11434,,ZIP-targeted web search (manual verify),https://duckduckgo.com/?q=%22CARIBBEAN%20GROCERY%20%26%20FISH%20M%22%20%2211434%22%20%28%22weekly%20ad%22%20OR%20circular%20OR%20flyer%20OR%20specials%29,advertised,,,,,,,,,,"Second-pass ZIP-targeted search URL. Open link, verify official store ad/circular, then replace with confirmed source URL.",https://duckduckgo.com/?q=%22CARIBBEAN%20GROCERY%20%26%20FISH%20M%22%20%2211434%22%20%28%22weekly%20ad%22%20OR%20circular%20OR%20flyer%20OR%20specials%29
736077,FINE FARE SUPERMARKET,11434,2026-05-23,Fine Fare Store Site,https://www.finefaresupermarkets.com/,advertised,,,,,,,,,,Matched to chain circular/weekly-ad source.,https://duckduckgo.com/?q=%22FINE%20FARE%20SUPERMARKET%22%20%2211434%22%20%28%22weekly%20ad%22%20OR%20circular%20OR%20flyer%20OR%20specials%29
724654,KEY FOOD,11434,2026-05-23,Key Food / Food Universe Flyers,https://www.keyfood.com/flyers,advertised,,,,,,,,,,Matched to chain circular/weekly-ad source.,https://duckduckgo.com/?q=%22KEY%20FOOD%22%20%2211434%22%20%28%22weekly%20ad%22%20OR%20circular%20OR%20flyer%20OR%20specials%29
734717,KEY FOOD FRESH,11434,2026-05-23,Key Food / Food Universe Flyers,https://www.keyfood.com/flyers,advertised,,,,,,,,,,Matched to chain circular/weekly-ad source.,https://duckduckgo.com/?q=%22KEY%20FOOD%20FRESH%22%20%2211434%22%20%28%22weekly%20ad%22%20OR%20circular%20OR%20flyer%20OR%20specials%29
758658,LA FAMILIA GROCERY,11434,,ZIP-targeted web search (manual verify),https://duckduckgo.com/?q=%22LA%20FAMILIA%20GROCERY%22%20%2211434%22%20%28%22weekly%20ad%22%20OR%20circular%20OR%20flyer%20OR%20specials%29,advertised,,,,,,,,,,"Second-pass ZIP-targeted search URL. Open link, verify official store ad/circular, then replace with confirmed source URL.",https://duckduckgo.com/?q=%22LA%20FAMILIA%20GROCERY%22%20%2211434%22%20%28%22weekly%20ad%22%20OR%20circular%20OR%20flyer%20OR%20specials%29
763938,SUTPHIN 119 GROCERY,11434,,ZIP-targeted web search (manual verify),https://duckduckgo.com/?q=%22SUTPHIN%20119%20GROCERY%22%20%2211434%22%20%28%22weekly%20ad%22%20OR%20circular%20OR%20flyer%20OR%20specials%29,advertised,,,,,,,,,,"Second-pass ZIP-targeted search URL. Open link, verify official store ad/circular, then replace with confirmed source URL.",https://duckduckgo.com/?q=%22SUTPHIN%20119%20GROCERY%22%20%2211434%22%20%28%22weekly%20ad%22%20OR%20circular%20OR%20flyer%20OR%20specials%29
635693,WESTERN BEEF 20,11434,2026-05-23,Western Beef Weekly Sales,https://www.westernbeef.com/sales,advertised,,,,,,,,,,Matched to chain circular/weekly-ad source.,https://duckduckgo.com/?q=%22WESTERN%20BEEF%2020%22%20%2211434%22%20%28%22weekly%20ad%22%20OR%20circular%20OR%20flyer%20OR%20specials%29
758069,AMH SUPERMARKET,11435,,ZIP-targeted web search (manual verify),https://duckduckgo.com/?q=%22AMH%20SUPERMARKET%22%20%2211435%22%20%28%22weekly%20ad%22%20OR%20circular%20OR%20flyer%20OR%20specials%29,advertised,,,,,,,,,,"Second-pass ZIP-targeted search URL. Open link, verify official store ad/circular, then replace with confirmed source URL.",https://duckduckgo.com/?q=%22AMH%20SUPERMARKET%22%20%2211435%22%20%28%22weekly%20ad%22%20OR%20circular%20OR%20flyer%20OR%20specials%29
725317,DOUBLE J GROCERY,11435,,ZIP-targeted web search (manual verify),https://duckduckgo.com/?q=%22DOUBLE%20J%20GROCERY%22%20%2211435%22%20%28%22weekly%20ad%22%20OR%20circular%20OR%20flyer%20OR%20specials%29,advertised,,,,,,,,,,"Second-pass ZIP-targeted search URL. Open link, verify official store ad/circular, then replace with confirmed source URL.",https://duckduckgo.com/?q=%22DOUBLE%20J%20GROCERY%22%20%2211435%22%20%28%22weekly%20ad%22%20OR%20circular%20OR%20flyer%20OR%20specials%29
637623,FAMILIA GROCERY STORE,11435,,ZIP-targeted web search (manual verify),https://duckduckgo.com/?q=%22FAMILIA%20GROCERY%20STORE%22%20%2211435%22%20%28%22weekly%20ad%22%20OR%20circular%20OR%20flyer%20OR%20specials%29,advertised,,,,,,,,,,"Second-pass ZIP-targeted search URL. Open link, verify official store ad/circular, then replace with confirmed source URL.",https://duckduckgo.com/?q=%22FAMILIA%20GROCERY%20STORE%22%20%2211435%22%20%28%22weekly%20ad%22%20OR%20circular%20OR%20flyer%20OR%20specials%29
639416,JAMAICA GREEN GROCERY,11435,,ZIP-targeted web search (manual verify),https://duckduckgo.com/?q=%22JAMAICA%20GREEN%20GROCERY%22%20%2211435%22%20%28%22weekly%20ad%22%20OR%20circular%20OR%20flyer%20OR%20specials%29,advertised,,,,,,,,,,"Second-pass ZIP-targeted search URL. Open link, verify official store ad/circular, then replace with confirmed source URL.",https://duckduckgo.com/?q=%22JAMAICA%20GREEN%20GROCERY%22%20%2211435%22%20%28%22weekly%20ad%22%20OR%20circular%20OR%20flyer%20OR%20specials%29
742630,KEY FOOD,11435,2026-05-23,Key Food / Food Universe Flyers,https://www.keyfood.com/flyers,advertised,,,,,,,,,,Matched to chain circular/weekly-ad source.,https://duckduckgo.com/?q=%22KEY%20FOOD%22%20%2211435%22%20%28%22weekly%20ad%22%20OR%20circular%20OR%20flyer%20OR%20specials%29
733800,KEY FOOD SUPERMARKET,11435,2026-05-23,Key Food / Food Universe Flyers,https://www.keyfood.com/flyers,advertised,,,,,,,,,,Matched to chain circular/weekly-ad source.,https://duckduckgo.com/?q=%22KEY%20FOOD%20SUPERMARKET%22%20%2211435%22%20%28%22weekly%20ad%22%20OR%20circular%20OR%20flyer%20OR%20specials%29
726483,MARKET FRESH SUPERMARKET,11435,,ZIP-targeted web search (manual verify),https://duckduckgo.com/?q=%22MARKET%20FRESH%20SUPERMARKET%22%20%2211435%22%20%28%22weekly%20ad%22%20OR%20circular%20OR%20flyer%20OR%20specials%29,advertised,,,,,,,,,,"Second-pass ZIP-targeted search URL. Open link, verify official store ad/circular, then replace with confirmed source URL.",https://duckduckgo.com/?q=%22MARKET%20FRESH%20SUPERMARKET%22%20%2211435%22%20%28%22weekly%20ad%22%20OR%20circular%20OR%20flyer%20OR%20specials%29
730240,MIMI ECOWAS GROCERY STORE,11435,,ZIP-targeted web search (manual verify),https://duckduckgo.com/?q=%22MIMI%20ECOWAS%20GROCERY%20STORE%22%20%2211435%22%20%28%22weekly%20ad%22%20OR%20circular%20OR%20flyer%20OR%20specials%29,advertised,,,,,,,,,,"Second-pass ZIP-targeted search URL. Open link, verify official store ad/circular, then replace with confirmed source URL.",https://duckduckgo.com/?q=%22MIMI%20ECOWAS%20GROCERY%20STORE%22%20%2211435%22%20%28%22weekly%20ad%22%20OR%20circular%20OR%20flyer%20OR%20specials%29
748506,SHOP FAIR SUPERMARKET,11435,2026-05-23,Shop Fair Weekly Circular,https://www.shopfairsupermarkets.com/Circular4Page.aspx,advertised,,,,,,,,,,Matched to chain circular/weekly-ad source.,https://duckduckgo.com/?q=%22SHOP%20FAIR%20SUPERMARKET%22%20%2211435%22%20%28%22weekly%20ad%22%20OR%20circular%20OR%20flyer%20OR%20specials%29
631136,SORIBEL FRUIT&GROCERY,11435,,ZIP-targeted web search (manual verify),https://duckduckgo.com/?q=%22SORIBEL%20FRUIT%26GROCERY%22%20%2211435%22%20%28%22weekly%20ad%22%20OR%20circular%20OR%20flyer%20OR%20specials%29,advertised,,,,,,,,,,"Second-pass ZIP-targeted search URL. Open link, verify official store ad/circular, then replace with confirmed source URL.",https://duckduckgo.com/?q=%22SORIBEL%20FRUIT%26GROCERY%22%20%2211435%22%20%28%22weekly%20ad%22%20OR%20circular%20OR%20flyer%20OR%20specials%29
751835,538 JJ SUPERMARKET,11691,,ZIP-targeted web search (manual verify),https://duckduckgo.com/?q=%22538%20JJ%20SUPERMARKET%22%20%2211691%22%20%28%22weekly%20ad%22%20OR%20circular%20OR%20flyer%20OR%20specials%29,advertised,,,,,,,,,,"Second-pass ZIP-targeted search URL. Open link, verify official store ad/circular, then replace with confirmed source URL.",https://duckduckgo.com/?q=%22538%20JJ%20SUPERMARKET%22%20%2211691%22%20%28%22weekly%20ad%22%20OR%20circular%20OR%20flyer%20OR%20specials%29
753625,ACY GROCERY,11691,,ZIP-targeted web search (manual verify),https://duckduckgo.com/?q=%22ACY%20GROCERY%22%20%2211691%22%20%28%22weekly%20ad%22%20OR%20circular%20OR%20flyer%20OR%20specials%29,advertised,,,,,,,,,,"Second-pass ZIP-targeted search URL. Open link, verify official store ad/circular, then replace with confirmed source URL.",https://duckduckgo.com/?q=%22ACY%20GROCERY%22%20%2211691%22%20%28%22weekly%20ad%22%20OR%20circular%20OR%20flyer%20OR%20specials%29
717973,DENNISEIS GROCERY,11691,,ZIP-targeted web search (manual verify),https://duckduckgo.com/?q=%22DENNISEIS%20GROCERY%22%20%2211691%22%20%28%22weekly%20ad%22%20OR%20circular%20OR%20flyer%20OR%20specials%29,advertised,,,,,,,,,,"Second-pass ZIP-targeted search URL. Open link, verify official store ad/circular, then replace with confirmed source URL.",https://duckduckgo.com/?q=%22DENNISEIS%20GROCERY%22%20%2211691%22%20%28%22weekly%20ad%22%20OR%20circular%20OR%20flyer%20OR%20specials%29
756492,J&P GROCERY FOOD CENTER,11691,,ZIP-targeted web search (manual verify),https://duckduckgo.com/?q=%22J%26P%20GROCERY%20FOOD%20CENTER%22%20%2211691%22%20%28%22weekly%20ad%22%20OR%20circular%20OR%20flyer%20OR%20specials%29,advertised,,,,,,,,,,"Second-pass ZIP-targeted search URL. Open link, verify official store ad/circular, then replace with confirmed source URL.",https://duckduckgo.com/?q=%22J%26P%20GROCERY%20FOOD%20CENTER%22%20%2211691%22%20%28%22weekly%20ad%22%20OR%20circular%20OR%20flyer%20OR%20specials%29
631295,KELVIN GROCERY,11691,,ZIP-targeted web search (manual verify),https://duckduckgo.com/?q=%22KELVIN%20GROCERY%22%20%2211691%22%20%28%22weekly%20ad%22%20OR%20circular%20OR%20flyer%20OR%20specials%29,advertised,,,,,,,,,,"Second-pass ZIP-targeted search URL. Open link, verify official store ad/circular, then replace with confirmed source URL.",https://duckduckgo.com/?q=%22KELVIN%20GROCERY%22%20%2211691%22%20%28%22weekly%20ad%22%20OR%20circular%20OR%20flyer%20OR%20specials%29
632624,KEY FOOD 1288,11691,2026-05-23,Key Food / Food Universe Flyers,https://www.keyfood.com/flyers,advertised,,,,,,,,,,Matched to chain circular/weekly-ad source.,https://duckduckgo.com/?q=%22KEY%20FOOD%201288%22%20%2211691%22%20%28%22weekly%20ad%22%20OR%20circular%20OR%20flyer%20OR%20specials%29
634906,POLO SUPERMARKET/COMPARE FOODS,11691,2026-05-23,Compare Foods Store Site,https://www.shopcomparefoods.com/,advertised,,,,,,,,,,Matched to chain circular/weekly-ad source.,https://duckduckgo.com/?q=%22POLO%20SUPERMARKET/COMPARE%20FOODS%22%20%2211691%22%20%28%22weekly%20ad%22%20OR%20circular%20OR%20flyer%20OR%20specials%29
736416,SHOP FAIR SUPERMARKET,11691,2026-05-23,Shop Fair Weekly Circular,https://www.shopfairsupermarkets.com/Circular4Page.aspx,advertised,,,,,,,,,,Matched to chain circular/weekly-ad source.,https://duckduckgo.com/?q=%22SHOP%20FAIR%20SUPERMARKET%22%20%2211691%22%20%28%22weekly%20ad%22%20OR%20circular%20OR%20flyer%20OR%20specials%29
719135,20/20 SUPERMARKET,11692,,ZIP-targeted web search (manual verify),https://duckduckgo.com/?q=%2220/20%20SUPERMARKET%22%20%2211692%22%20%28%22weekly%20ad%22%20OR%20circular%20OR%20flyer%20OR%20specials%29,advertised,,,,,,,,,,"Second-pass ZIP-targeted search URL. Open link, verify official store ad/circular, then replace with confirmed source URL.",https://duckduckgo.com/?q=%2220/20%20SUPERMARKET%22%20%2211692%22%20%28%22weekly%20ad%22%20OR%20circular%20OR%20flyer%20OR%20specials%29
756469,66 GOURMET GROCERY,11692,,ZIP-targeted web search (manual verify),https://duckduckgo.com/?q=%2266%20GOURMET%20GROCERY%22%20%2211692%22%20%28%22weekly%20ad%22%20OR%20circular%20OR%20flyer%20OR%20specials%29,advertised,,,,,,,,,,"Second-pass ZIP-targeted search URL. Open link, verify official store ad/circular, then replace with confirmed source URL.",https://duckduckgo.com/?q=%2266%20GOURMET%20GROCERY%22%20%2211692%22%20%28%22weekly%20ad%22%20OR%20circular%20OR%20flyer%20OR%20specials%29
637770,AAA GROCERY,11692,,ZIP-targeted web search (manual verify),https://duckduckgo.com/?q=%22AAA%20GROCERY%22%20%2211692%22%20%28%22weekly%20ad%22%20OR%20circular%20OR%20flyer%20OR%20specials%29,advertised,,,,,,,,,,"Second-pass ZIP-targeted search URL. Open link, verify official store ad/circular, then replace with confirmed source URL.",https://duckduckgo.com/?q=%22AAA%20GROCERY%22%20%2211692%22%20%28%22weekly%20ad%22%20OR%20circular%20OR%20flyer%20OR%20specials%29
750157,SUPER FRESH SUPERMARKET,11692,2026-05-23,SuperFresh Weekly Sale,https://www.superfreshsupermarket.com/weekly-sale,advertised,,,,,,,,,,Matched to chain circular/weekly-ad source.,https://duckduckgo.com/?q=%22SUPER%20FRESH%20SUPERMARKET%22%20%2211692%22%20%28%22weekly%20ad%22%20OR%20circular%20OR%20flyer%20OR%20specials%29
632396,CROSS BAY GROCERY,11693,,ZIP-targeted web search (manual verify),https://duckduckgo.com/?q=%22CROSS%20BAY%20GROCERY%22%20%2211693%22%20%28%22weekly%20ad%22%20OR%20circular%20OR%20flyer%20OR%20specials%29,advertised,,,,,,,,,,"Second-pass ZIP-targeted search URL. Open link, verify official store ad/circular, then replace with confirmed source URL.",https://duckduckgo.com/?q=%22CROSS%20BAY%20GROCERY%22%20%2211693%22%20%28%22weekly%20ad%22%20OR%20circular%20OR%20flyer%20OR%20specials%29
742027,FAST N FRESH SUPERMARKET,11693,,ZIP-targeted web search (manual verify),https://duckduckgo.com/?q=%22FAST%20N%20FRESH%20SUPERMARKET%22%20%2211693%22%20%28%22weekly%20ad%22%20OR%20circular%20OR%20flyer%20OR%20specials%29,advertised,,,,,,,,,,"Second-pass ZIP-targeted search URL. Open link, verify official store ad/circular, then replace with confirmed source URL.",https://duckduckgo.com/?q=%22FAST%20N%20FRESH%20SUPERMARKET%22%20%2211693%22%20%28%22weekly%20ad%22%20OR%20circular%20OR%20flyer%20OR%20specials%29
633813,KEY FOOD,11693,2026-05-23,Key Food / Food Universe Flyers,https://www.keyfood.com/flyers,advertised,,,,,,,,,,Matched to chain circular/weekly-ad source.,https://duckduckgo.com/?q=%22KEY%20FOOD%22%20%2211693%22%20%28%22weekly%20ad%22%20OR%20circular%20OR%20flyer%20OR%20specials%29
