store_id,store,zip,price_date,source_name,source_url,price_type,eggs,milk,bread,chicken_lb,avocados_lb,bananas_lb,tomatoes_lb,strawberries_lb,collard_greens_bunch,notes
629357,LONDON GROCERY,10001,,,,,,,,,,,,,,No chain circular match found. Add a manual source URL from this store's own ad/flyer.
627543,47 PITT GROCERY,10002,,,,,,,,,,,,,,No chain circular match found. Add a manual source URL from this store's own ad/flyer.
706102,CHINATOWN SUPERMARKET OF MANHATTAN,10002,,,,,,,,,,,,,,No chain circular match found. Add a manual source URL from this store's own ad/flyer.
765187,FU YUN GROCERY,10002,,,,,,,,,,,,,,No chain circular match found. Add a manual source URL from this store's own ad/flyer.
736151,HENG YUN GROCERY,10002,,,,,,,,,,,,,,No chain circular match found. Add a manual source URL from this store's own ad/flyer.
730092,MAYIMBE GROCERY,10002,,,,,,,,,,,,,,No chain circular match found. Add a manual source URL from this store's own ad/flyer.
752403,WJL GROCERY,10002,,,,,,,,,,,,,,No chain circular match found. Add a manual source URL from this store's own ad/flyer.
738005,ZHENGS GROCERY STORE,10002,,,,,,,,,,,,,,No chain circular match found. Add a manual source URL from this store's own ad/flyer.
627244,EAST WAY GROCERY,10003,,,,,,,,,,,,,,No chain circular match found. Add a manual source URL from this store's own ad/flyer.
625080,VILLAGE FARM&GROCERY,10003,,,,,,,,,,,,,,No chain circular match found. Add a manual source URL from this store's own ad/flyer.
724287,77 AVE D GROCERY STORE,10009,,,,,,,,,,,,,,No chain circular match found. Add a manual source URL from this store's own ad/flyer.
624017,BROTHERS CANDY&GROCERY,10009,,,,,,,,,,,,,,No chain circular match found. Add a manual source URL from this store's own ad/flyer.
727475,NUR GROCERY,10009,,,,,,,,,,,,,,No chain circular match found. Add a manual source URL from this store's own ad/flyer.
767911,USA GOURMET GROCERY,10010,,,,,,,,,,,,,,No chain circular match found. Add a manual source URL from this store's own ad/flyer.
625236,WESTSIDE SUPERMARKET,10011,,,,,,,,,,,,,,No chain circular match found. Add a manual source URL from this store's own ad/flyer.
620941,BANGKOK CENTER GROCERY,10013,,,,,,,,,,,,,,No chain circular match found. Add a manual source URL from this store's own ad/flyer.
757811,HAPPIER GROCERY,10013,,,,,,,,,,,,,,No chain circular match found. Add a manual source URL from this store's own ad/flyer.
739956,HENG XING GROCERY STORE,10013,,,,,,,,,,,,,,No chain circular match found. Add a manual source URL from this store's own ad/flyer.
627954,HONG KONG SUPERMARKET,10013,,,,,,,,,,,,,,No chain circular match found. Add a manual source URL from this store's own ad/flyer.
627947,SUN VIN GROCERY,10013,,,,,,,,,,,,,,No chain circular match found. Add a manual source URL from this store's own ad/flyer.
727280,D'AGOSTINO SUPERMARKET #550,10016,,,,,,,,,,,,,,No chain circular match found. Add a manual source URL from this store's own ad/flyer.
758876,SOLIMAN'S GROCERY,10017,,,,,,,,,,,,,,No chain circular match found. Add a manual source URL from this store's own ad/flyer.
624379,YEM SANALI GROCERY,10019,,,,,,,,,,,,,,No chain circular match found. Add a manual source URL from this store's own ad/flyer.
728357,EAST SIDE GROCERY,10021,,,,,,,,,,,,,,No chain circular match found. Add a manual source URL from this store's own ad/flyer.
629208,82ND STREET GROCERY,10024,,,,,,,,,,,,,,No chain circular match found. Add a manual source URL from this store's own ad/flyer.
628211,JUANA GROCERY,10025,,,,,,,,,,,,,,No chain circular match found. Add a manual source URL from this store's own ad/flyer.
734050,JOES GROCERY,10026,,,,,,,,,,,,,,No chain circular match found. Add a manual source URL from this store's own ad/flyer.
711538,WEST HARLEM GROCERY,10026,,,,,,,,,,,,,,No chain circular match found. Add a manual source URL from this store's own ad/flyer.
625487,CROWN GROCERY,10027,,,,,,,,,,,,,,No chain circular match found. Add a manual source URL from this store's own ad/flyer.
628712,1517 NEW BANI GROCERY,10029,,,,,,,,,,,,,,No chain circular match found. Add a manual source URL from this store's own ad/flyer.
744456,1781 LEX GROCERY,10029,,,,,,,,,,,,,,No chain circular match found. Add a manual source URL from this store's own ad/flyer.
627820,2037 MEAT&GROCERY,10029,,,,,,,,,,,,,,No chain circular match found. Add a manual source URL from this store's own ad/flyer.
710702,EAST 110 CANDY GROCERY,10029,,,,,,,,,,,,,,No chain circular match found. Add a manual source URL from this store's own ad/flyer.
711951,EAST HARLEM GROCERY,10029,,,,,,,,,,,,,,No chain circular match found. Add a manual source URL from this store's own ad/flyer.
622421,EL PUEBLO MEXICANO GROCERY,10029,,,,,,,,,,,,,,No chain circular match found. Add a manual source URL from this store's own ad/flyer.
757970,GROCERY GUATEMAYA,10029,,,,,,,,,,,,,,No chain circular match found. Add a manual source URL from this store's own ad/flyer.
746541,ISABELLAS GROCERY,10029,,,,,,,,,,,,,,No chain circular match found. Add a manual source URL from this store's own ad/flyer.
623301,L&O GROCERY,10029,,,,,,,,,,,,,,No chain circular match found. Add a manual source URL from this store's own ad/flyer.
628087,LA COSTENITA GROCERY,10029,,,,,,,,,,,,,,No chain circular match found. Add a manual source URL from this store's own ad/flyer.
726762,LA PALOMA CANDY & GROCERY,10029,,,,,,,,,,,,,,No chain circular match found. Add a manual source URL from this store's own ad/flyer.
759836,LAITH GROCERY,10029,,,,,,,,,,,,,,No chain circular match found. Add a manual source URL from this store's own ad/flyer.
625508,NYC GREEN VALLEY GROCERY,10029,,,,,,,,,,,,,,No chain circular match found. Add a manual source URL from this store's own ad/flyer.
759169,PAMELA GROCERY STORE,10029,,,,,,,,,,,,,,No chain circular match found. Add a manual source URL from this store's own ad/flyer.
623839,URBANO SPANISH AMERICAN GROCERY,10029,,,,,,,,,,,,,,No chain circular match found. Add a manual source URL from this store's own ad/flyer.
625775,DOMINGO'S GROCERY,10030,,,,,,,,,,,,,,No chain circular match found. Add a manual source URL from this store's own ad/flyer.
624042,LM GROCERY,10030,,,,,,,,,,,,,,No chain circular match found. Add a manual source URL from this store's own ad/flyer.
763220,3478 GROCERY,10031,,,,,,,,,,,,,,No chain circular match found. Add a manual source URL from this store's own ad/flyer.
764072,600 BROADWAY GROCERY,10031,,,,,,,,,,,,,,No chain circular match found. Add a manual source URL from this store's own ad/flyer.
627088,91 CATHERINE GROCERY,10031,,,,,,,,,,,,,,No chain circular match found. Add a manual source URL from this store's own ad/flyer.
626825,ANT SOLUTIONS GROCERY,10031,,,,,,,,,,,,,,No chain circular match found. Add a manual source URL from this store's own ad/flyer.
756527,K.M. 144 GROCERY,10031,,,,,,,,,,,,,,No chain circular match found. Add a manual source URL from this store's own ad/flyer.
621480,MANUELS GROCERY,10031,,,,,,,,,,,,,,No chain circular match found. Add a manual source URL from this store's own ad/flyer.
749835,PUEBLO MAGICO GROCERY 2,10031,,,,,,,,,,,,,,No chain circular match found. Add a manual source URL from this store's own ad/flyer.
757798,SABA GROCERY,10031,,,,,,,,,,,,,,No chain circular match found. Add a manual source URL from this store's own ad/flyer.
752031,1 IN THE MIDDLE GROCERY,10032,,,,,,,,,,,,,,No chain circular match found. Add a manual source URL from this store's own ad/flyer.
759146,160 GROCERY,10032,,,,,,,,,,,,,,No chain circular match found. Add a manual source URL from this store's own ad/flyer.
731838,5 STAR CANDY & GROCERY,10032,,,,,,,,,,,,,,No chain circular match found. Add a manual source URL from this store's own ad/flyer.
728569,A.L. BROADWAY GROCERY,10032,,,,,,,,,,,,,,No chain circular match found. Add a manual source URL from this store's own ad/flyer.
628832,ARCHIE GROCERY,10032,,,,,,,,,,,,,,No chain circular match found. Add a manual source URL from this store's own ad/flyer.
721344,FENIX GROCERY,10032,,,,,,,,,,,,,,No chain circular match found. Add a manual source URL from this store's own ad/flyer.
743240,HUDSON CANDY AND GROCERY,10032,,,,,,,,,,,,,,No chain circular match found. Add a manual source URL from this store's own ad/flyer.
717468,LINDO AMANECER GROCERY,10032,,,,,,,,,,,,,,No chain circular match found. Add a manual source URL from this store's own ad/flyer.
707071,MDK GROCERY,10032,,,,,,,,,,,,,,No chain circular match found. Add a manual source URL from this store's own ad/flyer.
721378,MERCADITO GROCERY,10032,,,,,,,,,,,,,,No chain circular match found. Add a manual source URL from this store's own ad/flyer.
702696,186 GROCERY,10033,,,,,,,,,,,,,,No chain circular match found. Add a manual source URL from this store's own ad/flyer.
760110,CALL SANTO DOMINGO GROCERY,10033,,,,,,,,,,,,,,No chain circular match found. Add a manual source URL from this store's own ad/flyer.
730309,CHANNEL GROCERY,10033,,,,,,,,,,,,,,No chain circular match found. Add a manual source URL from this store's own ad/flyer.
732091,DANS SUPERMARKET,10033,,,,,,,,,,,,,,No chain circular match found. Add a manual source URL from this store's own ad/flyer.
627178,ELIZABETHS GROCERY STORE,10033,,,,,,,,,,,,,,No chain circular match found. Add a manual source URL from this store's own ad/flyer.
726050,EMILY GROCERY,10033,,,,,,,,,,,,,,No chain circular match found. Add a manual source URL from this store's own ad/flyer.
760400,GREEN LAND GROCERY,10033,,,,,,,,,,,,,,No chain circular match found. Add a manual source URL from this store's own ad/flyer.
744776,GUZMAN GROCERY STORE,10033,,,,,,,,,,,,,,No chain circular match found. Add a manual source URL from this store's own ad/flyer.
621969,JH GROCERY,10033,,,,,,,,,,,,,,No chain circular match found. Add a manual source URL from this store's own ad/flyer.
728949,LINDO DESPERTAR GROCERY 06/01/17,10033,,,,,,,,,,,,,,No chain circular match found. Add a manual source URL from this store's own ad/flyer.
737593,QMART GROCERY,10033,,,,,,,,,,,,,,No chain circular match found. Add a manual source URL from this store's own ad/flyer.
738740,SANTO DOMINGO GROCERY,10033,,,,,,,,,,,,,,No chain circular match found. Add a manual source URL from this store's own ad/flyer.
736721,SUPERDURO SUPERMARKET,10033,,,,,,,,,,,,,,No chain circular match found. Add a manual source URL from this store's own ad/flyer.
620147,129 POST GROCERY STORE,10034,,,,,,,,,,,,,,No chain circular match found. Add a manual source URL from this store's own ad/flyer.
759798,224 NAGLE GROCERY,10034,,,,,,,,,,,,,,No chain circular match found. Add a manual source URL from this store's own ad/flyer.
734403,CJP SUPERMARKET,10034,,,,,,,,,,,,,,No chain circular match found. Add a manual source URL from this store's own ad/flyer.
628153,DAN SUPERMARKET 2,10034,,,,,,,,,,,,,,No chain circular match found. Add a manual source URL from this store's own ad/flyer.
752971,EL MARLENE GROCERY,10034,,,,,,,,,,,,,,No chain circular match found. Add a manual source URL from this store's own ad/flyer.
735093,INWOOD PARK GROCERY,10034,,,,,,,,,,,,,,No chain circular match found. Add a manual source URL from this store's own ad/flyer.
710567,LA FAMILIA MINI GROCERY,10034,,,,,,,,,,,,,,No chain circular match found. Add a manual source URL from this store's own ad/flyer.
728748,LUNA GROCERY,10034,,,,,,,,,,,,,,No chain circular match found. Add a manual source URL from this store's own ad/flyer.
721748,251 LA BODEGUITA GROCERY,10035,,,,,,,,,,,,,,No chain circular match found. Add a manual source URL from this store's own ad/flyer.
758968,AB TWINS GROCERY,10035,,,,,,,,,,,,,,No chain circular match found. Add a manual source URL from this store's own ad/flyer.
626890,AXEL GROCERY,10035,,,,,,,,,,,,,,No chain circular match found. Add a manual source URL from this store's own ad/flyer.
726296,LA FORTA LEZA CANDY & GROCERY,10035,,,,,,,,,,,,,,No chain circular match found. Add a manual source URL from this store's own ad/flyer.
730427,OUR COMMUNITY GROCERY,10035,,,,,,,,,,,,,,No chain circular match found. Add a manual source URL from this store's own ad/flyer.
750956,THIRD AVE GROCERY STORE,10035,,,,,,,,,,,,,,No chain circular match found. Add a manual source URL from this store's own ad/flyer.
728172,NASSAU GROCERY,10038,,,,,,,,,,,,,,No chain circular match found. Add a manual source URL from this store's own ad/flyer.
749049,POLO GROUND FOOD GROCERY,10039,,,,,,,,,,,,,,No chain circular match found. Add a manual source URL from this store's own ad/flyer.
761061,SAHARA GROCERY AND CONVENIENCE,10039,,,,,,,,,,,,,,No chain circular match found. Add a manual source URL from this store's own ad/flyer.
628630,1630A NEW YORK GROCERY,10040,,,,,,,,,,,,,,No chain circular match found. Add a manual source URL from this store's own ad/flyer.
763973,DYCKMAN GROCERY & CANDY,10040,,,,,,,,,,,,,,No chain circular match found. Add a manual source URL from this store's own ad/flyer.
723399,E AND G GROCERY CORP,10040,,,,,,,,,,,,,,No chain circular match found. Add a manual source URL from this store's own ad/flyer.
747720,EL TESORO GROCERY,10040,,,,,,,,,,,,,,No chain circular match found. Add a manual source URL from this store's own ad/flyer.
627547,LATINO GROCERY & CANDY,10040,,,,,,,,,,,,,,No chain circular match found. Add a manual source URL from this store's own ad/flyer.
620571,MI ESFUERZO GROCERY,10040,,,,,,,,,,,,,,No chain circular match found. Add a manual source URL from this store's own ad/flyer.
760613,MI LUPITA GROCERY,10040,,,,,,,,,,,,,,No chain circular match found. Add a manual source URL from this store's own ad/flyer.
627792,ST NICK CANDY GROCERY,10040,,,,,,,,,,,,,,No chain circular match found. Add a manual source URL from this store's own ad/flyer.
622188,XCELLENTE SUPERMARKET,10040,,,,,,,,,,,,,,No chain circular match found. Add a manual source URL from this store's own ad/flyer.
620172,809 LEX GROCERY,10065,,,,,,,,,,,,,,No chain circular match found. Add a manual source URL from this store's own ad/flyer.
730820,ALPER GROCERY,10301,,,,,,,,,,,,,,No chain circular match found. Add a manual source URL from this store's own ad/flyer.
641126,ANUJEE GROCERY,10301,,,,,,,,,,,,,,No chain circular match found. Add a manual source URL from this store's own ad/flyer.
640923,LA QUEBRADITA GROCERY,10301,,,,,,,,,,,,,,No chain circular match found. Add a manual source URL from this store's own ad/flyer.
641615,NEW LANKA GROCERY,10301,,,,,,,,,,,,,,No chain circular match found. Add a manual source URL from this store's own ad/flyer.
717198,TEJADA GROCERY STORE,10301,,,,,,,,,,,,,,No chain circular match found. Add a manual source URL from this store's own ad/flyer.
729604,D&A GROCERY,10302,,,,,,,,,,,,,,No chain circular match found. Add a manual source URL from this store's own ad/flyer.
704147,EZ GROCERY STORE,10302,,,,,,,,,,,,,,No chain circular match found. Add a manual source URL from this store's own ad/flyer.
640615,MEXICO SUPERMARKET,10302,,,,,,,,,,,,,,No chain circular match found. Add a manual source URL from this store's own ad/flyer.
730485,POST CANDY & GROCERY,10302,,,,,,,,,,,,,,No chain circular match found. Add a manual source URL from this store's own ad/flyer.
641270,H&H FOOD&GROCERY,10303,,,,,,,,,,,,,,No chain circular match found. Add a manual source URL from this store's own ad/flyer.
718797,SUNNY MORNING STAR GROCERY,10303,,,,,,,,,,,,,,No chain circular match found. Add a manual source URL from this store's own ad/flyer.
711817,OSGOOD GROCERY,10304,,,,,,,,,,,,,,No chain circular match found. Add a manual source URL from this store's own ad/flyer.
719079,STOP 1 & TARGEE SUPERMARKET,10304,,,,,,,,,,,,,,No chain circular match found. Add a manual source URL from this store's own ad/flyer.
761509,ASIAN YANG SUPERMARKET,10305,,,,,,,,,,,,,,No chain circular match found. Add a manual source URL from this store's own ad/flyer.
733497,MARKET FRESH SUPERMARKET,10305,,,,,,,,,,,,,,No chain circular match found. Add a manual source URL from this store's own ad/flyer.
766201,ADAM GROCERY & SNACKS,10306,,,,,,,,,,,,,,No chain circular match found. Add a manual source URL from this store's own ad/flyer.
641234,JAYRIP GROCERY,10306,,,,,,,,,,,,,,No chain circular match found. Add a manual source URL from this store's own ad/flyer.
755285,NEW HL SUPERMARKET,10306,,,,,,,,,,,,,,No chain circular match found. Add a manual source URL from this store's own ad/flyer.
738002,SEGUINE BEVERAGE & GROCERY 1,10309,,,,,,,,,,,,,,No chain circular match found. Add a manual source URL from this store's own ad/flyer.
760121,LOS SISO GROCERY,10310,,,,,,,,,,,,,,No chain circular match found. Add a manual source URL from this store's own ad/flyer.
708609,J&J ISLAND GROCERY,10314,,,,,,,,,,,,,,No chain circular match found. Add a manual source URL from this store's own ad/flyer.
760464,BROTHERS GROCERY & CONVENIENCE,10451,,,,,,,,,,,,,,No chain circular match found. Add a manual source URL from this store's own ad/flyer.
759068,CAZARES GROCERY,10451,,,,,,,,,,,,,,No chain circular match found. Add a manual source URL from this store's own ad/flyer.
702401,FANE GROCERY,10451,,,,,,,,,,,,,,No chain circular match found. Add a manual source URL from this store's own ad/flyer.
750779,MAXX GROCERY MARKET,10451,,,,,,,,,,,,,,No chain circular match found. Add a manual source URL from this store's own ad/flyer.
758170,NEW STOP GROCERY,10451,,,,,,,,,,,,,,No chain circular match found. Add a manual source URL from this store's own ad/flyer.
603826,NOBOA GROCERY,10451,,,,,,,,,,,,,,No chain circular match found. Add a manual source URL from this store's own ad/flyer.
604821,1296 RIVERA GROCERY,10452,,,,,,,,,,,,,,No chain circular match found. Add a manual source URL from this store's own ad/flyer.
604311,1359 OGDEN GROCERY,10452,,,,,,,,,,,,,,No chain circular match found. Add a manual source URL from this store's own ad/flyer.
741991,170TH STREET GROCERY,10452,,,,,,,,,,,,,,No chain circular match found. Add a manual source URL from this store's own ad/flyer.
608702,180 PENA GROCERY,10452,,,,,,,,,,,,,,No chain circular match found. Add a manual source URL from this store's own ad/flyer.
765782,82 GROCERY CANDY,10452,,,,,,,,,,,,,,No chain circular match found. Add a manual source URL from this store's own ad/flyer.
708895,ANTILLANA & METRO SUPERMARKET,10452,,,,,,,,,,,,,,No chain circular match found. Add a manual source URL from this store's own ad/flyer.
759461,BUCKMART GROCERY,10452,,,,,,,,,,,,,,No chain circular match found. Add a manual source URL from this store's own ad/flyer.
759439,CRUNCH & MUNCH GROCERY,10452,,,,,,,,,,,,,,No chain circular match found. Add a manual source URL from this store's own ad/flyer.
710759,ESPERANZA GROCERY,10452,,,,,,,,,,,,,,No chain circular match found. Add a manual source URL from this store's own ad/flyer.
708020,FEATHERBED LANE GROCERY,10452,,,,,,,,,,,,,,No chain circular match found. Add a manual source URL from this store's own ad/flyer.
753841,HIGHBRIDGE GROCERY,10452,,,,,,,,,,,,,,No chain circular match found. Add a manual source URL from this store's own ad/flyer.
601241,J&A FRUIT&GROCERY CNTR,10452,,,,,,,,,,,,,,No chain circular match found. Add a manual source URL from this store's own ad/flyer.
746838,JOBU GROCERY,10452,,,,,,,,,,,,,,No chain circular match found. Add a manual source URL from this store's own ad/flyer.
708115,LA MEXICANA FRUIT AND GROCERY,10452,,,,,,,,,,,,,,No chain circular match found. Add a manual source URL from this store's own ad/flyer.
744973,LA MILAGROSA GROCERY,10452,,,,,,,,,,,,,,No chain circular match found. Add a manual source URL from this store's own ad/flyer.
732003,LA PRESUMIDA GROCERY,10452,,,,,,,,,,,,,,No chain circular match found. Add a manual source URL from this store's own ad/flyer.
607815,MARINS GROCERY & CANDY,10452,,,,,,,,,,,,,,No chain circular match found. Add a manual source URL from this store's own ad/flyer.
604848,NAGUABO GROCERY,10452,,,,,,,,,,,,,,No chain circular match found. Add a manual source URL from this store's own ad/flyer.
705781,ROYAL ONE STOP SUPERMARKET,10452,,,,,,,,,,,,,,No chain circular match found. Add a manual source URL from this store's own ad/flyer.
732717,ADRIAN GROCERY STORE,10453,,,,,,,,,,,,,,No chain circular match found. Add a manual source URL from this store's own ad/flyer.
725378,AMOR SUPERMARKET,10453,,,,,,,,,,,,,,No chain circular match found. Add a manual source URL from this store's own ad/flyer.
609226,BONOFUL GROCERY,10453,,,,,,,,,,,,,,No chain circular match found. Add a manual source URL from this store's own ad/flyer.
735651,DONA JUANA GROCERY STORE,10453,,,,,,,,,,,,,,No chain circular match found. Add a manual source URL from this store's own ad/flyer.
752967,ELA POSTRES GROCERY,10453,,,,,,,,,,,,,,No chain circular match found. Add a manual source URL from this store's own ad/flyer.
757964,JEROME AVE DOLLAR DISCOUNT & GROCERY,10453,,,,,,,,,,,,,,No chain circular match found. Add a manual source URL from this store's own ad/flyer.
603138,JOSELYN GROCERY,10453,,,,,,,,,,,,,,No chain circular match found. Add a manual source URL from this store's own ad/flyer.
719769,JULIAN GROCERY,10453,,,,,,,,,,,,,,No chain circular match found. Add a manual source URL from this store's own ad/flyer.
763102,LA GRAND GROCERY,10453,,,,,,,,,,,,,,No chain circular match found. Add a manual source URL from this store's own ad/flyer.
724012,LC GROCERY STORE,10453,,,,,,,,,,,,,,No chain circular match found. Add a manual source URL from this store's own ad/flyer.
600774,SANTIAGO GROCERY,10453,,,,,,,,,,,,,,No chain circular match found. Add a manual source URL from this store's own ad/flyer.
757825,TU PODEROSA GROCERY STORE,10453,,,,,,,,,,,,,,No chain circular match found. Add a manual source URL from this store's own ad/flyer.
748857,VIDANIA GROCERY STORE,10453,,,,,,,,,,,,,,No chain circular match found. Add a manual source URL from this store's own ad/flyer.
752066,362 GROCERY,10454,,,,,,,,,,,,,,No chain circular match found. Add a manual source URL from this store's own ad/flyer.
605801,383 CAPELLAN GROCERY,10454,,,,,,,,,,,,,,No chain circular match found. Add a manual source URL from this store's own ad/flyer.
608493,548 CANDY GROCERY,10454,,,,,,,,,,,,,,No chain circular match found. Add a manual source URL from this store's own ad/flyer.
718305,DON JOSE MEXICANS GROCERY,10454,,,,,,,,,,,,,,No chain circular match found. Add a manual source URL from this store's own ad/flyer.
746806,EL PUEBLO MEXICANO FRUIT & GROCERY,10454,,,,,,,,,,,,,,No chain circular match found. Add a manual source URL from this store's own ad/flyer.
608247,MEXICANS GROCERY,10454,,,,,,,,,,,,,,No chain circular match found. Add a manual source URL from this store's own ad/flyer.
760453,MOODY GROCERY,10454,,,,,,,,,,,,,,No chain circular match found. Add a manual source URL from this store's own ad/flyer.
749523,MOTT HAVEN GROCERY,10454,,,,,,,,,,,,,,No chain circular match found. Add a manual source URL from this store's own ad/flyer.
759721,RAMIREZ GROCERY,10454,,,,,,,,,,,,,,No chain circular match found. Add a manual source URL from this store's own ad/flyer.
747695,TELLO GROCERY,10454,,,,,,,,,,,,,,No chain circular match found. Add a manual source URL from this store's own ad/flyer.
761416,10 DAYS GROCERY,10455,,,,,,,,,,,,,,No chain circular match found. Add a manual source URL from this store's own ad/flyer.
603058,520 EAST GROCERY,10455,,,,,,,,,,,,,,No chain circular match found. Add a manual source URL from this store's own ad/flyer.
733306,549 GROCERY,10455,,,,,,,,,,,,,,No chain circular match found. Add a manual source URL from this store's own ad/flyer.
744441,ADEN GROCERY,10455,,,,,,,,,,,,,,No chain circular match found. Add a manual source URL from this store's own ad/flyer.
740227,D MI MUNECA GROCERY,10455,,,,,,,,,,,,,,No chain circular match found. Add a manual source URL from this store's own ad/flyer.
751608,EL CATRIN MEXICAN GROCERY,10455,,,,,,,,,,,,,,No chain circular match found. Add a manual source URL from this store's own ad/flyer.
608983,REAL SUPERMARKET,10455,,,,,,,,,,,,,,No chain circular match found. Add a manual source URL from this store's own ad/flyer.
600350,RODRIGUEZ GROCERY,10455,,,,,,,,,,,,,,No chain circular match found. Add a manual source URL from this store's own ad/flyer.
760386,WALES AVE GROCERY,10455,,,,,,,,,,,,,,No chain circular match found. Add a manual source URL from this store's own ad/flyer.
740372,WILLYS GROCERY STORE,10455,,,,,,,,,,,,,,No chain circular match found. Add a manual source URL from this store's own ad/flyer.
753685,166 GOURMET GROCERY,10456,,,,,,,,,,,,,,No chain circular match found. Add a manual source URL from this store's own ad/flyer.
715201,735 SUPERMARKET,10456,,,,,,,,,,,,,,No chain circular match found. Add a manual source URL from this store's own ad/flyer.
606275,ABREUS GROCERY,10456,,,,,,,,,,,,,,No chain circular match found. Add a manual source URL from this store's own ad/flyer.
752103,ALI-AMIN SUPERMARKET,10456,,,,,,,,,,,,,,No chain circular match found. Add a manual source URL from this store's own ad/flyer.
728448,AYLIN GROCERY STORE,10456,,,,,,,,,,,,,,No chain circular match found. Add a manual source URL from this store's own ad/flyer.
607508,COMPARE SUPERMARKET,10456,,,,,,,,,,,,,,No chain circular match found. Add a manual source URL from this store's own ad/flyer.
607045,DORKA GROCERY STORE,10456,,,,,,,,,,,,,,No chain circular match found. Add a manual source URL from this store's own ad/flyer.
754277,FAMILY 2 CANDY AND GROCERY,10456,,,,,,,,,,,,,,No chain circular match found. Add a manual source URL from this store's own ad/flyer.
600314,FRANCIS GROCERY,10456,,,,,,,,,,,,,,No chain circular match found. Add a manual source URL from this store's own ad/flyer.
746463,FULTON AVE GROCERY,10456,,,,,,,,,,,,,,No chain circular match found. Add a manual source URL from this store's own ad/flyer.
731782,KADIJA SUPERMARKET,10456,,,,,,,,,,,,,,No chain circular match found. Add a manual source URL from this store's own ad/flyer.
725372,LOS MELLIZOS GROCERY STORE,10456,,,,,,,,,,,,,,No chain circular match found. Add a manual source URL from this store's own ad/flyer.
753149,NERYS GROCERY STORE,10456,,,,,,,,,,,,,,No chain circular match found. Add a manual source URL from this store's own ad/flyer.
749869,SWEET CANDY GROCERY,10456,,,,,,,,,,,,,,No chain circular match found. Add a manual source URL from this store's own ad/flyer.
725506,1798 LOS PRIMOS GROCERY,10457,,,,,,,,,,,,,,No chain circular match found. Add a manual source URL from this store's own ad/flyer.
724792,180 CANDY GROCERY TOBAC,10457,,,,,,,,,,,,,,No chain circular match found. Add a manual source URL from this store's own ad/flyer.
728438,ALI & SON CANDY & GROCERY,10457,,,,,,,,,,,,,,No chain circular match found. Add a manual source URL from this store's own ad/flyer.
600205,CARINO GROCERY,10457,,,,,,,,,,,,,,No chain circular match found. Add a manual source URL from this store's own ad/flyer.
741496,DARIEL GROCERY,10457,,,,,,,,,,,,,,No chain circular match found. Add a manual source URL from this store's own ad/flyer.
604323,EL KIOSCO GROCERY,10457,,,,,,,,,,,,,,No chain circular match found. Add a manual source URL from this store's own ad/flyer.
606619,FELINO GROCERY,10457,,,,,,,,,,,,,,No chain circular match found. Add a manual source URL from this store's own ad/flyer.
605119,FELOMAR GROCERY STORE,10457,,,,,,,,,,,,,,No chain circular match found. Add a manual source URL from this store's own ad/flyer.
751648,FOOD MARKET GROCERY STORE,10457,,,,,,,,,,,,,,No chain circular match found. Add a manual source URL from this store's own ad/flyer.
732046,LO TIGER GROCERY,10457,,,,,,,,,,,,,,No chain circular match found. Add a manual source URL from this store's own ad/flyer.
755907,N&L GROCERY STORE,10457,,,,,,,,,,,,,,No chain circular match found. Add a manual source URL from this store's own ad/flyer.
609245,OMALE NEW YORK GROCERY,10457,,,,,,,,,,,,,,No chain circular match found. Add a manual source URL from this store's own ad/flyer.
723673,VEGANO SUPERMARKET,10457,,,,,,,,,,,,,,No chain circular match found. Add a manual source URL from this store's own ad/flyer.
609135,3052 VALENTINE GROCERY,10458,,,,,,,,,,,,,,No chain circular match found. Add a manual source URL from this store's own ad/flyer.
733987,APPLE VALLEY SUPERMARKET,10458,,,,,,,,,,,,,,No chain circular match found. Add a manual source URL from this store's own ad/flyer.
609843,BRISKA GROCERY,10458,,,,,,,,,,,,,,No chain circular match found. Add a manual source URL from this store's own ad/flyer.
760341,DELY GROCERY METRO LOS REYES,10458,,,,,,,,,,,,,,No chain circular match found. Add a manual source URL from this store's own ad/flyer.
739679,ESTRELLA MEATS FRUITS & GROCERY,10458,,,,,,,,,,,,,,No chain circular match found. Add a manual source URL from this store's own ad/flyer.
601566,GONZALEZ GROCERY STORE,10458,,,,,,,,,,,,,,No chain circular match found. Add a manual source URL from this store's own ad/flyer.
601273,J&C GROCERY,10458,,,,,,,,,,,,,,No chain circular match found. Add a manual source URL from this store's own ad/flyer.
604052,LA BONITA GROCERY,10458,,,,,,,,,,,,,,No chain circular match found. Add a manual source URL from this store's own ad/flyer.
723207,LA ESTRELLITA MEXICAN GROCERY,10458,,,,,,,,,,,,,,No chain circular match found. Add a manual source URL from this store's own ad/flyer.
718851,LA TINFORA GROCERY,10458,,,,,,,,,,,,,,No chain circular match found. Add a manual source URL from this store's own ad/flyer.
604055,MERGIMTARI MEAT&GROCERY,10458,,,,,,,,,,,,,,No chain circular match found. Add a manual source URL from this store's own ad/flyer.
609373,MTR GROCERY,10458,,,,,,,,,,,,,,No chain circular match found. Add a manual source URL from this store's own ad/flyer.
764136,PRINCE GROCERY STORE,10458,,,,,,,,,,,,,,No chain circular match found. Add a manual source URL from this store's own ad/flyer.
719865,SAMMY 194 GROCERY CANDY,10458,,,,,,,,,,,,,,No chain circular match found. Add a manual source URL from this store's own ad/flyer.
602272,SAMMY GROCERY,10458,,,,,,,,,,,,,,No chain circular match found. Add a manual source URL from this store's own ad/flyer.
727626,TU CASA SUPERMARKET,10458,,,,,,,,,,,,,,No chain circular match found. Add a manual source URL from this store's own ad/flyer.
764879,1 NEYMAR CANDY GROCERY,10459,,,,,,,,,,,,,,No chain circular match found. Add a manual source URL from this store's own ad/flyer.
600187,ALMANZAR GROCERY&FOOD,10459,,,,,,,,,,,,,,No chain circular match found. Add a manual source URL from this store's own ad/flyer.
606738,CASTILLO FAMILY GROCERY,10459,,,,,,,,,,,,,,No chain circular match found. Add a manual source URL from this store's own ad/flyer.
722504,CRYSTAL JAIDA GROCERY,10459,,,,,,,,,,,,,,No chain circular match found. Add a manual source URL from this store's own ad/flyer.
761699,FREEMAN DEL GROCERY,10459,,,,,,,,,,,,,,No chain circular match found. Add a manual source URL from this store's own ad/flyer.
737188,LUCKY CANDY & GROCERY,10459,,,,,,,,,,,,,,No chain circular match found. Add a manual source URL from this store's own ad/flyer.
764322,MARGARITAS GROCERY STORE,10459,,,,,,,,,,,,,,No chain circular match found. Add a manual source URL from this store's own ad/flyer.
760077,NEW HOPE GROCERY,10459,,,,,,,,,,,,,,No chain circular match found. Add a manual source URL from this store's own ad/flyer.
754673,PERLA GROCERY,10459,,,,,,,,,,,,,,No chain circular match found. Add a manual source URL from this store's own ad/flyer.
749781,WESTCHESTER GROCERY,10459,,,,,,,,,,,,,,No chain circular match found. Add a manual source URL from this store's own ad/flyer.
729276,BEST BEACH GROCERY,10460,,,,,,,,,,,,,,No chain circular match found. Add a manual source URL from this store's own ad/flyer.
740178,CACHEO GROCERY STORE,10460,,,,,,,,,,,,,,No chain circular match found. Add a manual source URL from this store's own ad/flyer.
717253,CAMILLA GROCERY STORE,10460,,,,,,,,,,,,,,No chain circular match found. Add a manual source URL from this store's own ad/flyer.
757250,EL CAMPITO GROCERY STORE,10460,,,,,,,,,,,,,,No chain circular match found. Add a manual source URL from this store's own ad/flyer.
712626,EL FLACO GROCERY STORE,10460,,,,,,,,,,,,,,No chain circular match found. Add a manual source URL from this store's own ad/flyer.
752769,EMELI GROCERY,10460,,,,,,,,,,,,,,No chain circular match found. Add a manual source URL from this store's own ad/flyer.
761637,HOE CANDY GROCERY,10460,,,,,,,,,,,,,,No chain circular match found. Add a manual source URL from this store's own ad/flyer.
749891,JORDAN SUPERMARKET,10460,,,,,,,,,,,,,,No chain circular match found. Add a manual source URL from this store's own ad/flyer.
607283,TONY FRUITS & GROCERY,10460,,,,,,,,,,,,,,No chain circular match found. Add a manual source URL from this store's own ad/flyer.
601293,VAN VAN GROCERY,10460,,,,,,,,,,,,,,No chain circular match found. Add a manual source URL from this store's own ad/flyer.
731870,AGUILARS MEXICAN GROCERY,10461,,,,,,,,,,,,,,No chain circular match found. Add a manual source URL from this store's own ad/flyer.
761914,AM FAMILY SUPERMARKET,10461,,,,,,,,,,,,,,No chain circular match found. Add a manual source URL from this store's own ad/flyer.
742713,BESA MEAT AND GROCERY,10461,,,,,,,,,,,,,,No chain circular match found. Add a manual source URL from this store's own ad/flyer.
609383,BUHRE GROCERY,10461,,,,,,,,,,,,,,No chain circular match found. Add a manual source URL from this store's own ad/flyer.
729761,HICIANO BROTHERS GROCERY,10461,,,,,,,,,,,,,,No chain circular match found. Add a manual source URL from this store's own ad/flyer.
739500,LOE APPLE GROCERY & PRODUCE,10461,,,,,,,,,,,,,,No chain circular match found. Add a manual source URL from this store's own ad/flyer.
721469,PRUZZOS SUPERMARKET,10461,,,,,,,,,,,,,,No chain circular match found. Add a manual source URL from this store's own ad/flyer.
607007,ROSA FRASCA GROCERY,10461,,,,,,,,,,,,,,No chain circular match found. Add a manual source URL from this store's own ad/flyer.
750536,5 CORNERS GROCERY,10462,,,,,,,,,,,,,,No chain circular match found. Add a manual source URL from this store's own ad/flyer.
607822,775 MENA GROCERY,10462,,,,,,,,,,,,,,No chain circular match found. Add a manual source URL from this store's own ad/flyer.
759404,ADI'S SUPERMARKET,10462,,,,,,,,,,,,,,No chain circular match found. Add a manual source URL from this store's own ad/flyer.
708686,AL-AQSA SUPERMARKET,10462,,,,,,,,,,,,,,No chain circular match found. Add a manual source URL from this store's own ad/flyer.
764933,BANGLA BAZAR SUPERMARKET,10462,,,,,,,,,,,,,,No chain circular match found. Add a manual source URL from this store's own ad/flyer.
742727,BARRY GROCERY,10462,,,,,,,,,,,,,,No chain circular match found. Add a manual source URL from this store's own ad/flyer.
604942,BIG DEAL SUPERMARKET,10462,,,,,,,,,,,,,,No chain circular match found. Add a manual source URL from this store's own ad/flyer.
754323,CASTLE HILL FRUITS & GROCERY,10462,,,,,,,,,,,,,,No chain circular match found. Add a manual source URL from this store's own ad/flyer.
605286,CHANG LI SUPERMARKET,10462,,,,,,,,,,,,,,No chain circular match found. Add a manual source URL from this store's own ad/flyer.
747609,FRUITS VEGETABLES & GROCERY,10462,,,,,,,,,,,,,,No chain circular match found. Add a manual source URL from this store's own ad/flyer.
751631,HASAN SUPERMARKET,10462,,,,,,,,,,,,,,No chain circular match found. Add a manual source URL from this store's own ad/flyer.
710953,LUCKY CORNER GROCERY,10462,,,,,,,,,,,,,,No chain circular match found. Add a manual source URL from this store's own ad/flyer.
751242,PELHAM SUPERMARKET,10462,,,,,,,,,,,,,,No chain circular match found. Add a manual source URL from this store's own ad/flyer.
604888,VARGAS GROCERY,10463,,,,,,,,,,,,,,No chain circular match found. Add a manual source URL from this store's own ad/flyer.
749610,GREEN APPLE GOURMET & GROCERY,10465,,,,,,,,,,,,,,No chain circular match found. Add a manual source URL from this store's own ad/flyer.
748313,LIZZIE'S SUPERMARKET,10465,,,,,,,,,,,,,,No chain circular match found. Add a manual source URL from this store's own ad/flyer.
605747,S&W SUPERMARKET,10465,,,,,,,,,,,,,,No chain circular match found. Add a manual source URL from this store's own ad/flyer.
746008,1681 GROCERY,10466,,,,,,,,,,,,,,No chain circular match found. Add a manual source URL from this store's own ad/flyer.
748499,ABLAN GROCERY STORE,10466,,,,,,,,,,,,,,No chain circular match found. Add a manual source URL from this store's own ad/flyer.
765762,CELINE T GROCERY,10466,,,,,,,,,,,,,,No chain circular match found. Add a manual source URL from this store's own ad/flyer.
753697,IMPERIO GROCERY STORE,10466,,,,,,,,,,,,,,No chain circular match found. Add a manual source URL from this store's own ad/flyer.
728645,LUPITAS MEXICAN GROCERY II,10466,,,,,,,,,,,,,,No chain circular match found. Add a manual source URL from this store's own ad/flyer.
747907,MARLEY 2 GROCERY,10466,,,,,,,,,,,,,,No chain circular match found. Add a manual source URL from this store's own ad/flyer.
746105,SUNSHINE SUPERMARKET,10466,,,,,,,,,,,,,,No chain circular match found. Add a manual source URL from this store's own ad/flyer.
758711,TIM LOTTERY AND GROCERY,10466,,,,,,,,,,,,,,No chain circular match found. Add a manual source URL from this store's own ad/flyer.
750154,Y&K LARA GROCERY,10466,,,,,,,,,,,,,,No chain circular match found. Add a manual source URL from this store's own ad/flyer.
736355,YAFAI GROCERY,10466,,,,,,,,,,,,,,No chain circular match found. Add a manual source URL from this store's own ad/flyer.
703060,10 NEIGHBORHOOD CANDY GROCERY,10467,,,,,,,,,,,,,,No chain circular match found. Add a manual source URL from this store's own ad/flyer.
706321,2363 ROSEWOOD GROCERY,10467,,,,,,,,,,,,,,No chain circular match found. Add a manual source URL from this store's own ad/flyer.
729082,A & Y GROCERY,10467,,,,,,,,,,,,,,No chain circular match found. Add a manual source URL from this store's own ad/flyer.
743363,AFAA AFRICAN SUPERMARKET,10467,,,,,,,,,,,,,,No chain circular match found. Add a manual source URL from this store's own ad/flyer.
751372,ALLERTON GROCERY & CONVENIENCE,10467,,,,,,,,,,,,,,No chain circular match found. Add a manual source URL from this store's own ad/flyer.
760050,C&S AFRICAN-CARIBBEAN SUPERMARKET,10467,,,,,,,,,,,,,,No chain circular match found. Add a manual source URL from this store's own ad/flyer.
606115,DHAKA DISCOUNT&GROCERY,10467,,,,,,,,,,,,,,No chain circular match found. Add a manual source URL from this store's own ad/flyer.
763011,ESTRELLA MEATS FRUITS & GROCERY 2,10467,,,,,,,,,,,,,,No chain circular match found. Add a manual source URL from this store's own ad/flyer.
717610,IZZY GROCERY,10467,,,,,,,,,,,,,,No chain circular match found. Add a manual source URL from this store's own ad/flyer.
753938,JAHANGIR GENERAL GROCERY,10467,,,,,,,,,,,,,,No chain circular match found. Add a manual source URL from this store's own ad/flyer.
609116,LUPITAS MEXICAN GROCERY,10467,,,,,,,,,,,,,,No chain circular match found. Add a manual source URL from this store's own ad/flyer.
704515,MERCEDES GROCERY,10467,,,,,,,,,,,,,,No chain circular match found. Add a manual source URL from this store's own ad/flyer.
719777,MORONTAS SUPERMARKET,10467,,,,,,,,,,,,,,No chain circular match found. Add a manual source URL from this store's own ad/flyer.
607475,MOSES CANDY & GROCERY,10467,,,,,,,,,,,,,,No chain circular match found. Add a manual source URL from this store's own ad/flyer.
757821,PEACEFUL GROCERY MARKET,10467,,,,,,,,,,,,,,No chain circular match found. Add a manual source URL from this store's own ad/flyer.
763585,PRIME GROCERY AND VEGETABLE,10467,,,,,,,,,,,,,,No chain circular match found. Add a manual source URL from this store's own ad/flyer.
758171,TIMS CANDY & GROCERY,10467,,,,,,,,,,,,,,No chain circular match found. Add a manual source URL from this store's own ad/flyer.
727658,2408 M & E GROCERY,10468,,,,,,,,,,,,,,No chain circular match found. Add a manual source URL from this store's own ad/flyer.
758879,FM GROCERY & CANDY,10468,,,,,,,,,,,,,,No chain circular match found. Add a manual source URL from this store's own ad/flyer.
607095,MANGO GROCERY&MEAT,10468,,,,,,,,,,,,,,No chain circular match found. Add a manual source URL from this store's own ad/flyer.
754856,WEST FORDHAM GROCERY,10468,,,,,,,,,,,,,,No chain circular match found. Add a manual source URL from this store's own ad/flyer.
748442,YANKEE SUPERMARKET,10468,,,,,,,,,,,,,,No chain circular match found. Add a manual source URL from this store's own ad/flyer.
768373,2490 GROCERY HOUSEWARE,10469,,,,,,,,,,,,,,No chain circular match found. Add a manual source URL from this store's own ad/flyer.
603275,FELU GROCERY,10469,,,,,,,,,,,,,,No chain circular match found. Add a manual source URL from this store's own ad/flyer.
754240,GNG EUROPEAN GROCERY,10469,,,,,,,,,,,,,,No chain circular match found. Add a manual source URL from this store's own ad/flyer.
609488,ROMANA GROCERY,10469,,,,,,,,,,,,,,No chain circular match found. Add a manual source URL from this store's own ad/flyer.
742074,B & R CANDY GROCERY,10470,,,,,,,,,,,,,,No chain circular match found. Add a manual source URL from this store's own ad/flyer.
751495,SMA GROCERY,10470,,,,,,,,,,,,,,No chain circular match found. Add a manual source URL from this store's own ad/flyer.
766017,1203 WEST INDIAN GROCERY,10472,,,,,,,,,,,,,,No chain circular match found. Add a manual source URL from this store's own ad/flyer.
736203,1537 GROCERY,10472,,,,,,,,,,,,,,No chain circular match found. Add a manual source URL from this store's own ad/flyer.
748105,1781 WESTCHESTER GROCERY & CANDY,10472,,,,,,,,,,,,,,No chain circular match found. Add a manual source URL from this store's own ad/flyer.
750478,1791 SAN ANTONIO GROCERY,10472,,,,,,,,,,,,,,No chain circular match found. Add a manual source URL from this store's own ad/flyer.
743950,3 HERMANOS GROCERY,10472,,,,,,,,,,,,,,No chain circular match found. Add a manual source URL from this store's own ad/flyer.
741856,AGRAMONTE GROCERY STORE,10472,,,,,,,,,,,,,,No chain circular match found. Add a manual source URL from this store's own ad/flyer.
609486,BANGLATOWN SUPERMARKET,10472,,,,,,,,,,,,,,No chain circular match found. Add a manual source URL from this store's own ad/flyer.
608127,ELDER AVE #2 GROCERY,10472,,,,,,,,,,,,,,No chain circular match found. Add a manual source URL from this store's own ad/flyer.
606112,JAS GROCERY STORE,10472,,,,,,,,,,,,,,No chain circular match found. Add a manual source URL from this store's own ad/flyer.
755175,LALA'S GROCERY,10472,,,,,,,,,,,,,,No chain circular match found. Add a manual source URL from this store's own ad/flyer.
724428,NEW MEXICAN FRUITS & GROCERY,10472,,,,,,,,,,,,,,No chain circular match found. Add a manual source URL from this store's own ad/flyer.
713298,UNIVERSAL CANDY & GROCERY,10472,,,,,,,,,,,,,,No chain circular match found. Add a manual source URL from this store's own ad/flyer.
754647,W & M GROCERY,10472,,,,,,,,,,,,,,No chain circular match found. Add a manual source URL from this store's own ad/flyer.
758103,BRUCKNER JUICE BAR & GROCERY,10473,,,,,,,,,,,,,,No chain circular match found. Add a manual source URL from this store's own ad/flyer.
739150,LOS MORONTAS SUPERMARKET,10473,,,,,,,,,,,,,,No chain circular match found. Add a manual source URL from this store's own ad/flyer.
606667,MAMA FIFI GROCERY,10473,,,,,,,,,,,,,,No chain circular match found. Add a manual source URL from this store's own ad/flyer.
758118,MY WAY SUPERMARKET,10473,,,,,,,,,,,,,,No chain circular match found. Add a manual source URL from this store's own ad/flyer.
759294,NATALIA GROCERY,10473,,,,,,,,,,,,,,No chain circular match found. Add a manual source URL from this store's own ad/flyer.
718789,CT GROCERY NY,10474,,,,,,,,,,,,,,No chain circular match found. Add a manual source URL from this store's own ad/flyer.
735130,SALCEDO SUPERMARKET,10474,,,,,,,,,,,,,,No chain circular match found. Add a manual source URL from this store's own ad/flyer.
766161,YADIEL GROCERY STORE,10474,,,,,,,,,,,,,,No chain circular match found. Add a manual source URL from this store's own ad/flyer.
764345,S&Y FISH & MEAT CARIBBEAN SUPERMARKET,10475,,,,,,,,,,,,,,No chain circular match found. Add a manual source URL from this store's own ad/flyer.
741113,PREMIUM SUPERMARKET,11004,,,,,,,,,,,,,,No chain circular match found. Add a manual source URL from this store's own ad/flyer.
763947,MY NEIGHBORS GROCERY,11101,,,,,,,,,,,,,,No chain circular match found. Add a manual source URL from this store's own ad/flyer.
728723,MARY'S GROCERY AND TAQUERIA,11102,,,,,,,,,,,,,,No chain circular match found. Add a manual source URL from this store's own ad/flyer.
702487,NEW MARGARITA GROCERY,11102,,,,,,,,,,,,,,No chain circular match found. Add a manual source URL from this store's own ad/flyer.
759066,PLATA GROCERY,11102,,,,,,,,,,,,,,No chain circular match found. Add a manual source URL from this store's own ad/flyer.
764985,A&C WENDY GROCERY,11103,,,,,,,,,,,,,,No chain circular match found. Add a manual source URL from this store's own ad/flyer.
633607,LA GROCERY,11103,,,,,,,,,,,,,,No chain circular match found. Add a manual source URL from this store's own ad/flyer.
726195,ALWAYS SUNNY GROCERY,11104,,,,,,,,,,,,,,No chain circular match found. Add a manual source URL from this store's own ad/flyer.
755517,BUDDHA GROCERY,11104,,,,,,,,,,,,,,No chain circular match found. Add a manual source URL from this store's own ad/flyer.
634108,NUBE DE JESUS GROCERY 2,11104,,,,,,,,,,,,,,No chain circular match found. Add a manual source URL from this store's own ad/flyer.
630808,TAJ MAHAL GROCERY,11104,,,,,,,,,,,,,,No chain circular match found. Add a manual source URL from this store's own ad/flyer.
754538,DITMARS BLVD SUPERMARKET,11105,,,,,,,,,,,,,,No chain circular match found. Add a manual source URL from this store's own ad/flyer.
635671,DITMARS CANDY & GROCERY,11105,,,,,,,,,,,,,,No chain circular match found. Add a manual source URL from this store's own ad/flyer.
633079,KYRIAKOS GROCERY,11105,,,,,,,,,,,,,,No chain circular match found. Add a manual source URL from this store's own ad/flyer.
753144,LUPITA GROCERY,11105,,,,,,,,,,,,,,No chain circular match found. Add a manual source URL from this store's own ad/flyer.
637807,2502 BROADWAY GROCERY,11106,,,,,,,,,,,,,,No chain circular match found. Add a manual source URL from this store's own ad/flyer.
672068,M&E CANDY&GROCERY STORE,11201,,,,,,,,,,,,,,No chain circular match found. Add a manual source URL from this store's own ad/flyer.
610327,A&M GROCERY STORE,11203,,,,,,,,,,,,,,No chain circular match found. Add a manual source URL from this store's own ad/flyer.
751624,BFK GROCERY,11203,,,,,,,,,,,,,,No chain circular match found. Add a manual source URL from this store's own ad/flyer.
671642,CARIBBEAN SUPERMARKET,11203,,,,,,,,,,,,,,No chain circular match found. Add a manual source URL from this store's own ad/flyer.
619171,FATIMA GROCERY,11203,,,,,,,,,,,,,,No chain circular match found. Add a manual source URL from this store's own ad/flyer.
615957,LOS BROTHER GROCERY,11203,,,,,,,,,,,,,,No chain circular match found. Add a manual source URL from this store's own ad/flyer.
610550,PEREZ GROCERY,11203,,,,,,,,,,,,,,No chain circular match found. Add a manual source URL from this store's own ad/flyer.
752501,STOP ONE SUPERMARKET 4023,11203,,,,,,,,,,,,,,No chain circular match found. Add a manual source URL from this store's own ad/flyer.
755535,YEMEN AL KHAIR GROCERY,11203,,,,,,,,,,,,,,No chain circular match found. Add a manual source URL from this store's own ad/flyer.
748337,AK GROCERY 59,11204,,,,,,,,,,,,,,No chain circular match found. Add a manual source URL from this store's own ad/flyer.
614177,AVENUE O GROCERY,11204,,,,,,,,,,,,,,No chain circular match found. Add a manual source URL from this store's own ad/flyer.
615808,B0ROUGH PK SUPERMARKET,11204,,,,,,,,,,,,,,No chain circular match found. Add a manual source URL from this store's own ad/flyer.
764722,BEILE GROCERY INC,11204,,,,,,,,,,,,,,No chain circular match found. Add a manual source URL from this store's own ad/flyer.
610292,BOCHNERS GROCERY,11204,,,,,,,,,,,,,,No chain circular match found. Add a manual source URL from this store's own ad/flyer.
619224,CARLOS GROCERY,11204,,,,,,,,,,,,,,No chain circular match found. Add a manual source URL from this store's own ad/flyer.
617679,GOLDBERGS GROCERY,11204,,,,,,,,,,,,,,No chain circular match found. Add a manual source URL from this store's own ad/flyer.
611691,GREAT GREEN SUPERMARKET,11204,,,,,,,,,,,,,,No chain circular match found. Add a manual source URL from this store's own ad/flyer.
721803,JUDITH GROCERY,11204,,,,,,,,,,,,,,No chain circular match found. Add a manual source URL from this store's own ad/flyer.
671908,KANG SHENG GROCERY,11204,,,,,,,,,,,,,,No chain circular match found. Add a manual source URL from this store's own ad/flyer.
610696,LANDAUS SUPERMARKET,11204,,,,,,,,,,,,,,No chain circular match found. Add a manual source URL from this store's own ad/flyer.
610260,MOISHES FRUIT&GROCERY,11204,,,,,,,,,,,,,,No chain circular match found. Add a manual source URL from this store's own ad/flyer.
610641,QUEEN AA GROCERY,11204,,,,,,,,,,,,,,No chain circular match found. Add a manual source URL from this store's own ad/flyer.
707478,ROSNERS GROCERY,11204,,,,,,,,,,,,,,No chain circular match found. Add a manual source URL from this store's own ad/flyer.
619765,WIESNERS SUPERMARKET,11204,,,,,,,,,,,,,,No chain circular match found. Add a manual source URL from this store's own ad/flyer.
740032,XIN RONG GROCERY,11204,,,,,,,,,,,,,,No chain circular match found. Add a manual source URL from this store's own ad/flyer.
715069,YOU JIA GROCERY,11204,,,,,,,,,,,,,,No chain circular match found. Add a manual source URL from this store's own ad/flyer.
722575,147 FRIENDS GROCERY,11205,,,,,,,,,,,,,,No chain circular match found. Add a manual source URL from this store's own ad/flyer.
755060,322 MUBAREZ GROCERY,11205,,,,,,,,,,,,,,No chain circular match found. Add a manual source URL from this store's own ad/flyer.
749497,A-ROD GROCERY,11205,,,,,,,,,,,,,,No chain circular match found. Add a manual source URL from this store's own ad/flyer.
761308,ACAI BAR AT HATZLACHA SUPERMARKET,11205,,,,,,,,,,,,,,No chain circular match found. Add a manual source URL from this store's own ad/flyer.
703469,GREENFRESH SUPERMARKET,11205,,,,,,,,,,,,,,No chain circular match found. Add a manual source URL from this store's own ad/flyer.
672051,JASMIN GROCERY STORE,11205,,,,,,,,,,,,,,No chain circular match found. Add a manual source URL from this store's own ad/flyer.
615917,KOSHER SUPERMARKET,11205,,,,,,,,,,,,,,No chain circular match found. Add a manual source URL from this store's own ad/flyer.
618851,LEE GARDENS SUPERMARKET,11205,,,,,,,,,,,,,,No chain circular match found. Add a manual source URL from this store's own ad/flyer.
723617,VILLA TAPIA CITI FRESH SUPERMARKET,11205,,,,,,,,,,,,,,No chain circular match found. Add a manual source URL from this store's own ad/flyer.
613343,VILLA TAPIA GROCERY NY,11205,,,,,,,,,,,,,,No chain circular match found. Add a manual source URL from this store's own ad/flyer.
727741,7 SEAS GROCERY,11206,,,,,,,,,,,,,,No chain circular match found. Add a manual source URL from this store's own ad/flyer.
702575,COCONUT KOSHER SUPERMARKET,11206,,,,,,,,,,,,,,No chain circular match found. Add a manual source URL from this store's own ad/flyer.
762832,ETHANS GROCERY,11206,,,,,,,,,,,,,,No chain circular match found. Add a manual source URL from this store's own ad/flyer.
703442,GROCERY & MEAT MARKET,11206,,,,,,,,,,,,,,No chain circular match found. Add a manual source URL from this store's own ad/flyer.
613883,HERMANOS ACOSTA GROCERY,11206,,,,,,,,,,,,,,No chain circular match found. Add a manual source URL from this store's own ad/flyer.
708221,LA UNION FRUIT AND GROCERY,11206,,,,,,,,,,,,,,No chain circular match found. Add a manual source URL from this store's own ad/flyer.
711423,LICEY GROCERY,11206,,,,,,,,,,,,,,No chain circular match found. Add a manual source URL from this store's own ad/flyer.
762583,LOS 7 VALENCIAS GROCERY,11206,,,,,,,,,,,,,,No chain circular match found. Add a manual source URL from this store's own ad/flyer.
615495,LOS PRIMOS GROCERY,11206,,,,,,,,,,,,,,No chain circular match found. Add a manual source URL from this store's own ad/flyer.
758660,146 COOPER GROCERY,11207,,,,,,,,,,,,,,No chain circular match found. Add a manual source URL from this store's own ad/flyer.
759042,BUY & GO GROCERY,11207,,,,,,,,,,,,,,No chain circular match found. Add a manual source URL from this store's own ad/flyer.
718428,DOM GROCERY,11207,,,,,,,,,,,,,,No chain circular match found. Add a manual source URL from this store's own ad/flyer.
752772,DON ELIGO GROCERY,11207,,,,,,,,,,,,,,No chain circular match found. Add a manual source URL from this store's own ad/flyer.
616599,G&R GROCERY STORE,11207,,,,,,,,,,,,,,No chain circular match found. Add a manual source URL from this store's own ad/flyer.
753674,HAMZAH GROCERY,11207,,,,,,,,,,,,,,No chain circular match found. Add a manual source URL from this store's own ad/flyer.
755179,HIGHLAND PARK GROCERY,11207,,,,,,,,,,,,,,No chain circular match found. Add a manual source URL from this store's own ad/flyer.
734355,LA CUESTA GROCERY,11207,,,,,,,,,,,,,,No chain circular match found. Add a manual source URL from this store's own ad/flyer.
752582,LA TOMA GROCERY,11207,,,,,,,,,,,,,,No chain circular match found. Add a manual source URL from this store's own ad/flyer.
612080,LEANDRO GROCERY,11207,,,,,,,,,,,,,,No chain circular match found. Add a manual source URL from this store's own ad/flyer.
743277,LIVONIA DISCOUNT&GROCERY,11207,,,,,,,,,,,,,,No chain circular match found. Add a manual source URL from this store's own ad/flyer.
730898,LIVONIA EXPRESS GROCERY,11207,,,,,,,,,,,,,,No chain circular match found. Add a manual source URL from this store's own ad/flyer.
610796,LIVONIA GROCERY,11207,,,,,,,,,,,,,,No chain circular match found. Add a manual source URL from this store's own ad/flyer.
619352,MARIEN GROCERY,11207,,,,,,,,,,,,,,No chain circular match found. Add a manual source URL from this store's own ad/flyer.
718675,MI PUEBLO GROCERY,11207,,,,,,,,,,,,,,No chain circular match found. Add a manual source URL from this store's own ad/flyer.
739455,NEW JERSEY GROCERY,11207,,,,,,,,,,,,,,No chain circular match found. Add a manual source URL from this store's own ad/flyer.
710809,PIONER FRESH SUPERMARKET,11207,,,,,,,,,,,,,,No chain circular match found. Add a manual source URL from this store's own ad/flyer.
763984,ROSE & NAOMI PRODUCE GROCERY MEAT MARKET,11207,,,,,,,,,,,,,,No chain circular match found. Add a manual source URL from this store's own ad/flyer.
764674,SHOP HERE GROCERY,11207,,,,,,,,,,,,,,No chain circular match found. Add a manual source URL from this store's own ad/flyer.
751849,STOP ONE SUPERMARKET,11207,,,,,,,,,,,,,,No chain circular match found. Add a manual source URL from this store's own ad/flyer.
718035,STOP ONE SUPERMARKET,11207,,,,,,,,,,,,,,No chain circular match found. Add a manual source URL from this store's own ad/flyer.
727324,UNITED GROCERY FRESH FOOD,11207,,,,,,,,,,,,,,No chain circular match found. Add a manual source URL from this store's own ad/flyer.
735679,1149 YAMASA GROCERY,11208,,,,,,,,,,,,,,No chain circular match found. Add a manual source URL from this store's own ad/flyer.
748488,534 GRANT GROCERY,11208,,,,,,,,,,,,,,No chain circular match found. Add a manual source URL from this store's own ad/flyer.
747601,A&F GROCERY,11208,,,,,,,,,,,,,,No chain circular match found. Add a manual source URL from this store's own ad/flyer.
711247,ASIAN SUPERMARKET,11208,,,,,,,,,,,,,,No chain circular match found. Add a manual source URL from this store's own ad/flyer.
744634,BANANA SUPERMARKET,11208,,,,,,,,,,,,,,No chain circular match found. Add a manual source URL from this store's own ad/flyer.
732265,BANGAL GROCERY,11208,,,,,,,,,,,,,,No chain circular match found. Add a manual source URL from this store's own ad/flyer.
758875,BANGLA SUPERMARKET,11208,,,,,,,,,,,,,,No chain circular match found. Add a manual source URL from this store's own ad/flyer.
615168,CHARO WEST INDIAN AND AMERICAN GROCERY,11208,,,,,,,,,,,,,,No chain circular match found. Add a manual source URL from this store's own ad/flyer.
707594,CHIQUITA GROCERY,11208,,,,,,,,,,,,,,No chain circular match found. Add a manual source URL from this store's own ad/flyer.
617916,DARIS GROCERY,11208,,,,,,,,,,,,,,No chain circular match found. Add a manual source URL from this store's own ad/flyer.
735969,EL MERCADITO GROCERY 2,11208,,,,,,,,,,,,,,No chain circular match found. Add a manual source URL from this store's own ad/flyer.
764476,EMDAD SUPERMARKET,11208,,,,,,,,,,,,,,No chain circular match found. Add a manual source URL from this store's own ad/flyer.
616766,FIRST STOP GROCERY,11208,,,,,,,,,,,,,,No chain circular match found. Add a manual source URL from this store's own ad/flyer.
764290,FORBELL GROCERY,11208,,,,,,,,,,,,,,No chain circular match found. Add a manual source URL from this store's own ad/flyer.
763960,FULTON 3158 GROCERY STORE,11208,,,,,,,,,,,,,,No chain circular match found. Add a manual source URL from this store's own ad/flyer.
748196,FULTON BEBE GROCERY STORE,11208,,,,,,,,,,,,,,No chain circular match found. Add a manual source URL from this store's own ad/flyer.
737930,KIWI GROCERY 2,11208,,,,,,,,,,,,,,No chain circular match found. Add a manual source URL from this store's own ad/flyer.
611496,LA FAMILIA GROCERY,11208,,,,,,,,,,,,,,No chain circular match found. Add a manual source URL from this store's own ad/flyer.
671524,LA PAZ GROCERY,11208,,,,,,,,,,,,,,No chain circular match found. Add a manual source URL from this store's own ad/flyer.
752394,LA SIRENA SUPERMARKET,11208,,,,,,,,,,,,,,No chain circular match found. Add a manual source URL from this store's own ad/flyer.
619832,LUNA GROCERY STORE,11208,,,,,,,,,,,,,,No chain circular match found. Add a manual source URL from this store's own ad/flyer.
718145,MOCA GROCERY NY,11208,,,,,,,,,,,,,,No chain circular match found. Add a manual source URL from this store's own ad/flyer.
764239,MOYNAMATI SUPERMARKET,11208,,,,,,,,,,,,,,No chain circular match found. Add a manual source URL from this store's own ad/flyer.
616765,MY NEIGHBORHOOD GROCERY,11208,,,,,,,,,,,,,,No chain circular match found. Add a manual source URL from this store's own ad/flyer.
709418,NATALIES GROCERY STORE,11208,,,,,,,,,,,,,,No chain circular match found. Add a manual source URL from this store's own ad/flyer.
616268,NOLBERTO GROCERY,11208,,,,,,,,,,,,,,No chain circular match found. Add a manual source URL from this store's own ad/flyer.
743386,PREMIUM SUPERMARKET,11208,,,,,,,,,,,,,,No chain circular match found. Add a manual source URL from this store's own ad/flyer.
611576,RANDY SUPERMARKET,11208,,,,,,,,,,,,,,No chain circular match found. Add a manual source URL from this store's own ad/flyer.
748249,SABOR LATINO GROCERY,11208,,,,,,,,,,,,,,No chain circular match found. Add a manual source URL from this store's own ad/flyer.
614936,SM 534 GROCERY,11208,,,,,,,,,,,,,,No chain circular match found. Add a manual source URL from this store's own ad/flyer.
615652,SUSY GROCERY,11208,,,,,,,,,,,,,,No chain circular match found. Add a manual source URL from this store's own ad/flyer.
613416,SUTTER GROCERY STORE,11208,,,,,,,,,,,,,,No chain circular match found. Add a manual source URL from this store's own ad/flyer.
762545,YOLANDA GROCERY STORE,11208,,,,,,,,,,,,,,No chain circular match found. Add a manual source URL from this store's own ad/flyer.
703224,A L COLUCCIO ITALIAN FAMILY GROCERY AND,11209,,,,,,,,,,,,,,No chain circular match found. Add a manual source URL from this store's own ad/flyer.
719266,BAY RIDGE 99 STORE & GROCERY,11209,,,,,,,,,,,,,,No chain circular match found. Add a manual source URL from this store's own ad/flyer.
617425,GOURMET GROCERY,11209,,,,,,,,,,,,,,No chain circular match found. Add a manual source URL from this store's own ad/flyer.
708239,JIMY CANDY GROCERY,11209,,,,,,,,,,,,,,No chain circular match found. Add a manual source URL from this store's own ad/flyer.
612650,MANDATO FRUITS&GROCERY,11209,,,,,,,,,,,,,,No chain circular match found. Add a manual source URL from this store's own ad/flyer.
670498,POLBRIDGE GROCERY STORE,11209,,,,,,,,,,,,,,No chain circular match found. Add a manual source URL from this store's own ad/flyer.
613607,DORA GROCERY,11210,,,,,,,,,,,,,,No chain circular match found. Add a manual source URL from this store's own ad/flyer.
705146,FLOR DE ATLIXCO GROCERY STORE,11210,,,,,,,,,,,,,,No chain circular match found. Add a manual source URL from this store's own ad/flyer.
703320,GOLDEN VEGE & GROCERY AT FLATBUSH,11210,,,,,,,,,,,,,,No chain circular match found. Add a manual source URL from this store's own ad/flyer.
725445,MSR DISCOUNT AND GROCERY,11210,,,,,,,,,,,,,,No chain circular match found. Add a manual source URL from this store's own ad/flyer.
702118,NEW STANLEY'S GROCERY INC,11210,,,,,,,,,,,,,,No chain circular match found. Add a manual source URL from this store's own ad/flyer.
615064,SHOP SMART SUPERMARKET,11210,,,,,,,,,,,,,,No chain circular match found. Add a manual source URL from this store's own ad/flyer.
613878,WOLFS GROCERY,11210,,,,,,,,,,,,,,No chain circular match found. Add a manual source URL from this store's own ad/flyer.
748194,ALEX GROCERY & NEWS,11211,,,,,,,,,,,,,,No chain circular match found. Add a manual source URL from this store's own ad/flyer.
617044,ALL FRESH SUPERMARKET,11211,,,,,,,,,,,,,,No chain circular match found. Add a manual source URL from this store's own ad/flyer.
743845,BONDOS GROCERY,11211,,,,,,,,,,,,,,No chain circular match found. Add a manual source URL from this store's own ad/flyer.
751172,D&J GROCERY SPANISH FOOD INC,11211,,,,,,,,,,,,,,No chain circular match found. Add a manual source URL from this store's own ad/flyer.
731493,GOLDBERGERS GROCERY,11211,,,,,,,,,,,,,,No chain circular match found. Add a manual source URL from this store's own ad/flyer.
614616,LA CENISA CRUZ GROCERY,11211,,,,,,,,,,,,,,No chain circular match found. Add a manual source URL from this store's own ad/flyer.
613473,LANDAU SUPERMARKET,11211,,,,,,,,,,,,,,No chain circular match found. Add a manual source URL from this store's own ad/flyer.
612323,LEE AVE SUPERMARKET,11211,,,,,,,,,,,,,,No chain circular match found. Add a manual source URL from this store's own ad/flyer.
619208,MARCY GROCERY,11211,,,,,,,,,,,,,,No chain circular match found. Add a manual source URL from this store's own ad/flyer.
762042,MEXICO 2000 GROCERY,11211,,,,,,,,,,,,,,No chain circular match found. Add a manual source URL from this store's own ad/flyer.
764186,ROSENFELDS GROCERY,11211,,,,,,,,,,,,,,No chain circular match found. Add a manual source URL from this store's own ad/flyer.
610595,SCHWARTZ GROCERY,11211,,,,,,,,,,,,,,No chain circular match found. Add a manual source URL from this store's own ad/flyer.
716969,SOUTHSIDE GROCERY,11211,,,,,,,,,,,,,,No chain circular match found. Add a manual source URL from this store's own ad/flyer.
761722,TORIBIO GROCERY STORE,11211,,,,,,,,,,,,,,No chain circular match found. Add a manual source URL from this store's own ad/flyer.
612137,TORIBIOS GROCERY,11211,,,,,,,,,,,,,,No chain circular match found. Add a manual source URL from this store's own ad/flyer.
757614,1078 D'EMPANADA GROCERY,11212,,,,,,,,,,,,,,No chain circular match found. Add a manual source URL from this store's own ad/flyer.
765512,DACS GROCERY,11212,,,,,,,,,,,,,,No chain circular match found. Add a manual source URL from this store's own ad/flyer.
610100,EL VACILON GROCERY,11212,,,,,,,,,,,,,,No chain circular match found. Add a manual source URL from this store's own ad/flyer.
756444,GOLDEN FOOD AND GROCERY,11212,,,,,,,,,,,,,,No chain circular match found. Add a manual source URL from this store's own ad/flyer.
758621,GRAB & GO GROCERY,11212,,,,,,,,,,,,,,No chain circular match found. Add a manual source URL from this store's own ad/flyer.
732643,GREEN VILLAGE SUPERMARKET,11212,,,,,,,,,,,,,,No chain circular match found. Add a manual source URL from this store's own ad/flyer.
732142,LA VAKANA GROCERY,11212,,,,,,,,,,,,,,No chain circular match found. Add a manual source URL from this store's own ad/flyer.
614945,LOS PRIMOS GROCERY,11212,,,,,,,,,,,,,,No chain circular match found. Add a manual source URL from this store's own ad/flyer.
735616,MATTHEW GROCERY STORE,11212,,,,,,,,,,,,,,No chain circular match found. Add a manual source URL from this store's own ad/flyer.
714101,NICOLASA GROCERY,11212,,,,,,,,,,,,,,No chain circular match found. Add a manual source URL from this store's own ad/flyer.
731662,NOVA GROCERY,11212,,,,,,,,,,,,,,No chain circular match found. Add a manual source URL from this store's own ad/flyer.
758652,RODRIGUEZ FAMILY GROCERY,11212,,,,,,,,,,,,,,No chain circular match found. Add a manual source URL from this store's own ad/flyer.
738200,S&D GROCERY STORE,11212,,,,,,,,,,,,,,No chain circular match found. Add a manual source URL from this store's own ad/flyer.
749937,VICTORIA GROCERY NY,11212,,,,,,,,,,,,,,No chain circular match found. Add a manual source URL from this store's own ad/flyer.
615258,CLARI GROCERY,11213,,,,,,,,,,,,,,No chain circular match found. Add a manual source URL from this store's own ad/flyer.
748136,GREENLAND AND SUPERMARKET,11213,,,,,,,,,,,,,,No chain circular match found. Add a manual source URL from this store's own ad/flyer.
751581,JAIDEN GROCERY,11213,,,,,,,,,,,,,,No chain circular match found. Add a manual source URL from this store's own ad/flyer.
742509,L & E GROCERY,11213,,,,,,,,,,,,,,No chain circular match found. Add a manual source URL from this store's own ad/flyer.
743382,MUNECO GROCERY,11213,,,,,,,,,,,,,,No chain circular match found. Add a manual source URL from this store's own ad/flyer.
616147,WEST INDIAN GROCERY,11213,,,,,,,,,,,,,,No chain circular match found. Add a manual source URL from this store's own ad/flyer.
748286,18 AVE SUPERMARKET,11214,,,,,,,,,,,,,,No chain circular match found. Add a manual source URL from this store's own ad/flyer.
747272,20TH AVE SUPERMARKET,11214,,,,,,,,,,,,,,No chain circular match found. Add a manual source URL from this store's own ad/flyer.
617468,86 B'KLYN GROCERY,11214,,,,,,,,,,,,,,No chain circular match found. Add a manual source URL from this store's own ad/flyer.
613597,86TH ST GROCERY&SNACKS,11214,,,,,,,,,,,,,,No chain circular match found. Add a manual source URL from this store's own ad/flyer.
737952,88 LUCKY GROCERY,11214,,,,,,,,,,,,,,No chain circular match found. Add a manual source URL from this store's own ad/flyer.
738362,A&J GROCERY,11214,,,,,,,,,,,,,,No chain circular match found. Add a manual source URL from this store's own ad/flyer.
722043,ABASSI MIDDLE EASTERN GROCERY,11214,,,,,,,,,,,,,,No chain circular match found. Add a manual source URL from this store's own ad/flyer.
619747,BARRON GROCERY STORE,11214,,,,,,,,,,,,,,No chain circular match found. Add a manual source URL from this store's own ad/flyer.
736665,BAY 31 SUPERMARKET,11214,,,,,,,,,,,,,,No chain circular match found. Add a manual source URL from this store's own ad/flyer.
760450,BAY 35 ST GROCERY,11214,,,,,,,,,,,,,,No chain circular match found. Add a manual source URL from this store's own ad/flyer.
720883,BAY PKWY GROCERY CANDY,11214,,,,,,,,,,,,,,No chain circular match found. Add a manual source URL from this store's own ad/flyer.
765354,BISMILLAH SUPERMARKET 1,11214,,,,,,,,,,,,,,No chain circular match found. Add a manual source URL from this store's own ad/flyer.
728402,CANDY GROCERY LOTTO,11214,,,,,,,,,,,,,,No chain circular match found. Add a manual source URL from this store's own ad/flyer.
751492,FRAGRANCE GROCERY & 99C PLUS,11214,,,,,,,,,,,,,,No chain circular match found. Add a manual source URL from this store's own ad/flyer.
723852,GOLDEN CITY SUPERMARKET 1,11214,,,,,,,,,,,,,,No chain circular match found. Add a manual source URL from this store's own ad/flyer.
724152,HONG DA SUPERMARKET,11214,,,,,,,,,,,,,,No chain circular match found. Add a manual source URL from this store's own ad/flyer.
754490,K&K GROCERY NY,11214,,,,,,,,,,,,,,No chain circular match found. Add a manual source URL from this store's own ad/flyer.
767262,KL GROCERY,11214,,,,,,,,,,,,,,No chain circular match found. Add a manual source URL from this store's own ad/flyer.
724412,LAI FU 88 GROCERY,11214,,,,,,,,,,,,,,No chain circular match found. Add a manual source URL from this store's own ad/flyer.
727789,MONG KOK SUPERMARKET,11214,,,,,,,,,,,,,,No chain circular match found. Add a manual source URL from this store's own ad/flyer.
759106,NEW JOJO GROCERY,11214,,,,,,,,,,,,,,No chain circular match found. Add a manual source URL from this store's own ad/flyer.
751491,PARADISE 786 GROCERY,11214,,,,,,,,,,,,,,No chain circular match found. Add a manual source URL from this store's own ad/flyer.
741764,SKYWAY SUPERMARKET,11214,,,,,,,,,,,,,,No chain circular match found. Add a manual source URL from this store's own ad/flyer.
713134,UNITED GROCERY FOOD STORE,11214,,,,,,,,,,,,,,No chain circular match found. Add a manual source URL from this store's own ad/flyer.
754155,V&W SUPERMARKET NY,11214,,,,,,,,,,,,,,No chain circular match found. Add a manual source URL from this store's own ad/flyer.
618437,WHITE MOUNTAIN GROCERY,11214,,,,,,,,,,,,,,No chain circular match found. Add a manual source URL from this store's own ad/flyer.
610107,BD FOOD SUPERMARKET,11215,,,,,,,,,,,,,,No chain circular match found. Add a manual source URL from this store's own ad/flyer.
614950,DOLEHS SUPERMARKET,11215,,,,,,,,,,,,,,No chain circular match found. Add a manual source URL from this store's own ad/flyer.
618648,KH GROCERY,11215,,,,,,,,,,,,,,No chain circular match found. Add a manual source URL from this store's own ad/flyer.
756486,MEXSALVADOR FOOD & GROCERY,11215,,,,,,,,,,,,,,No chain circular match found. Add a manual source URL from this store's own ad/flyer.
745761,OMAR GROCERY,11215,,,,,,,,,,,,,,No chain circular match found. Add a manual source URL from this store's own ad/flyer.
615681,ROYAL SUPERMARKET,11215,,,,,,,,,,,,,,No chain circular match found. Add a manual source URL from this store's own ad/flyer.
751031,612 SUPERMARKET,11216,,,,,,,,,,,,,,No chain circular match found. Add a manual source URL from this store's own ad/flyer.
671680,A&Z GROCERY,11216,,,,,,,,,,,,,,No chain circular match found. Add a manual source URL from this store's own ad/flyer.
747441,AL BARAKA SUPERMARKET NY,11216,,,,,,,,,,,,,,No chain circular match found. Add a manual source URL from this store's own ad/flyer.
613209,FRESH HEALTH FOOD EMPORIUM SUPERMARKET,11216,,,,,,,,,,,,,,No chain circular match found. Add a manual source URL from this store's own ad/flyer.
749380,MAXWELL GIFT AND GROCERY,11216,,,,,,,,,,,,,,No chain circular match found. Add a manual source URL from this store's own ad/flyer.
721939,NOURI MEAT MARKET & GROCERY,11216,,,,,,,,,,,,,,No chain circular match found. Add a manual source URL from this store's own ad/flyer.
742119,RONG QIN GROCERY,11216,,,,,,,,,,,,,,No chain circular match found. Add a manual source URL from this store's own ad/flyer.
759154,TAQWA GROCERY AND MEAT MARKET,11216,,,,,,,,,,,,,,No chain circular match found. Add a manual source URL from this store's own ad/flyer.
729959,G 200 GROCERY,11217,,,,,,,,,,,,,,No chain circular match found. Add a manual source URL from this store's own ad/flyer.
709282,PAPA FIRO GROCERY,11217,,,,,,,,,,,,,,No chain circular match found. Add a manual source URL from this store's own ad/flyer.
610286,18TH AVE SUPERMARKET,11218,,,,,,,,,,,,,,No chain circular match found. Add a manual source URL from this store's own ad/flyer.
760422,B-TOWN SUPERMARKET,11218,,,,,,,,,,,,,,No chain circular match found. Add a manual source URL from this store's own ad/flyer.
711711,BANGLA NAGAR SUPERMARKET,11218,,,,,,,,,,,,,,No chain circular match found. Add a manual source URL from this store's own ad/flyer.
703243,BORO PARK GROCERY,11218,,,,,,,,,,,,,,No chain circular match found. Add a manual source URL from this store's own ad/flyer.
729801,DWIP BANGLA GROCERY,11218,,,,,,,,,,,,,,No chain circular match found. Add a manual source URL from this store's own ad/flyer.
610625,FRUIT & VEGETABLE SINAI GROCERY,11218,,,,,,,,,,,,,,No chain circular match found. Add a manual source URL from this store's own ad/flyer.
730458,HASAN GROCERY,11218,,,,,,,,,,,,,,No chain circular match found. Add a manual source URL from this store's own ad/flyer.
610289,KRM SUPERMARKET,11218,,,,,,,,,,,,,,No chain circular match found. Add a manual source URL from this store's own ad/flyer.
742505,MAA SUPERMARKET NYC,11218,,,,,,,,,,,,,,No chain circular match found. Add a manual source URL from this store's own ad/flyer.
706858,MAGIC GROCERY,11218,,,,,,,,,,,,,,No chain circular match found. Add a manual source URL from this store's own ad/flyer.
611545,MAJ GROCERY,11218,,,,,,,,,,,,,,No chain circular match found. Add a manual source URL from this store's own ad/flyer.
739775,NEW APON GROCERY,11218,,,,,,,,,,,,,,No chain circular match found. Add a manual source URL from this store's own ad/flyer.
753624,NEW BORO PARK GROCERY,11218,,,,,,,,,,,,,,No chain circular match found. Add a manual source URL from this store's own ad/flyer.
749443,NG SUPERMARKET,11218,,,,,,,,,,,,,,No chain circular match found. Add a manual source URL from this store's own ad/flyer.
619330,PROGOTI GROCERY STORE,11218,,,,,,,,,,,,,,No chain circular match found. Add a manual source URL from this store's own ad/flyer.
617985,ROSNER 2 GROCERY,11218,,,,,,,,,,,,,,No chain circular match found. Add a manual source URL from this store's own ad/flyer.
619947,SHABUJ GROCERY,11218,,,,,,,,,,,,,,No chain circular match found. Add a manual source URL from this store's own ad/flyer.
742770,SHADIN BANGLA GROCERY,11218,,,,,,,,,,,,,,No chain circular match found. Add a manual source URL from this store's own ad/flyer.
739204,5313 GROCERY,11219,,,,,,,,,,,,,,No chain circular match found. Add a manual source URL from this store's own ad/flyer.
614397,AM & PM GROCERY,11219,,,,,,,,,,,,,,No chain circular match found. Add a manual source URL from this store's own ad/flyer.
766378,ARTESANIAS IZTACCIHUATL& GROCERY LLC,11219,,,,,,,,,,,,,,No chain circular match found. Add a manual source URL from this store's own ad/flyer.
671118,C&W GROCERY,11219,,,,,,,,,,,,,,No chain circular match found. Add a manual source URL from this store's own ad/flyer.
739385,EN SHAN GROCERY,11219,,,,,,,,,,,,,,No chain circular match found. Add a manual source URL from this store's own ad/flyer.
750117,H & D GROCERY STORE,11219,,,,,,,,,,,,,,No chain circular match found. Add a manual source URL from this store's own ad/flyer.
763300,HLBK SUPERMARKET,11219,,,,,,,,,,,,,,No chain circular match found. Add a manual source URL from this store's own ad/flyer.
719289,HUA XING GROCERY,11219,,,,,,,,,,,,,,No chain circular match found. Add a manual source URL from this store's own ad/flyer.
750083,KUNPENG GROCERY,11219,,,,,,,,,,,,,,No chain circular match found. Add a manual source URL from this store's own ad/flyer.
613499,LATTANZIO GROCERY,11219,,,,,,,,,,,,,,No chain circular match found. Add a manual source URL from this store's own ad/flyer.
715547,LUCKY SUNSHINE GROCERY,11219,,,,,,,,,,,,,,No chain circular match found. Add a manual source URL from this store's own ad/flyer.
736700,MARY GROCERY,11219,,,,,,,,,,,,,,No chain circular match found. Add a manual source URL from this store's own ad/flyer.
615770,MEHADRIN SUPERMARKET,11219,,,,,,,,,,,,,,No chain circular match found. Add a manual source URL from this store's own ad/flyer.
746110,OK SUPERMARKET,11219,,,,,,,,,,,,,,No chain circular match found. Add a manual source URL from this store's own ad/flyer.
619963,PROGRESO LATINO GROCERY,11219,,,,,,,,,,,,,,No chain circular match found. Add a manual source URL from this store's own ad/flyer.
617920,ROSNER GROCERY,11219,,,,,,,,,,,,,,No chain circular match found. Add a manual source URL from this store's own ad/flyer.
619953,RUBINS GROCERY,11219,,,,,,,,,,,,,,No chain circular match found. Add a manual source URL from this store's own ad/flyer.
616805,SCATURRO SUPERMARKET,11219,,,,,,,,,,,,,,No chain circular match found. Add a manual source URL from this store's own ad/flyer.
614560,TOP NEWS & GROCERY,11219,,,,,,,,,,,,,,No chain circular match found. Add a manual source URL from this store's own ad/flyer.
750708,X&Y GROCERY,11219,,,,,,,,,,,,,,No chain circular match found. Add a manual source URL from this store's own ad/flyer.
735314,XINGLONG GROCERY,11219,,,,,,,,,,,,,,No chain circular match found. Add a manual source URL from this store's own ad/flyer.
760075,YOUJIAXING GROCERY,11219,,,,,,,,,,,,,,No chain circular match found. Add a manual source URL from this store's own ad/flyer.
761753,4317 GROCERY,11220,,,,,,,,,,,,,,No chain circular match found. Add a manual source URL from this store's own ad/flyer.
753614,5001 XIN XIN GROCERY,11220,,,,,,,,,,,,,,No chain circular match found. Add a manual source URL from this store's own ad/flyer.
714433,5TH AVENUE GROCERY,11220,,,,,,,,,,,,,,No chain circular match found. Add a manual source URL from this store's own ad/flyer.
732721,AAA GROCERY,11220,,,,,,,,,,,,,,No chain circular match found. Add a manual source URL from this store's own ad/flyer.
747602,AMIGA DE CHINA SUPERMARKET,11220,,,,,,,,,,,,,,No chain circular match found. Add a manual source URL from this store's own ad/flyer.
733823,AMY GROCERY MINI MARKET,11220,,,,,,,,,,,,,,No chain circular match found. Add a manual source URL from this store's own ad/flyer.
745879,ANN 8TH AVE GROCERY STORE,11220,,,,,,,,,,,,,,No chain circular match found. Add a manual source URL from this store's own ad/flyer.
611176,BUY BEST GROCERY,11220,,,,,,,,,,,,,,No chain circular match found. Add a manual source URL from this store's own ad/flyer.
717816,C & Y GROCERY,11220,,,,,,,,,,,,,,No chain circular match found. Add a manual source URL from this store's own ad/flyer.
746402,CAZARES M GROCERY,11220,,,,,,,,,,,,,,No chain circular match found. Add a manual source URL from this store's own ad/flyer.
761921,DAFU GROCERY,11220,,,,,,,,,,,,,,No chain circular match found. Add a manual source URL from this store's own ad/flyer.
744721,DASANYUAN GROCERY,11220,,,,,,,,,,,,,,No chain circular match found. Add a manual source URL from this store's own ad/flyer.
766737,EL BUEN HOMBRE GROCERY,11220,,,,,,,,,,,,,,No chain circular match found. Add a manual source URL from this store's own ad/flyer.
753130,EZ FRESH SUPERMARKET,11220,,,,,,,,,,,,,,No chain circular match found. Add a manual source URL from this store's own ad/flyer.
737045,FIRST STOP GROCERY,11220,,,,,,,,,,,,,,No chain circular match found. Add a manual source URL from this store's own ad/flyer.
739205,FIVE FRIENDS UNITED SUPERMARKET,11220,,,,,,,,,,,,,,No chain circular match found. Add a manual source URL from this store's own ad/flyer.
618729,FORTUNE PRIZE GROCERY,11220,,,,,,,,,,,,,,No chain circular match found. Add a manual source URL from this store's own ad/flyer.
717299,FORUM SUPERMARKET,11220,,,,,,,,,,,,,,No chain circular match found. Add a manual source URL from this store's own ad/flyer.
618194,FU CHUN SUPERMARKET,11220,,,,,,,,,,,,,,No chain circular match found. Add a manual source URL from this store's own ad/flyer.
733327,GRACE JY GROCERY,11220,,,,,,,,,,,,,,No chain circular match found. Add a manual source URL from this store's own ad/flyer.
670025,GREEN VILLAGE SUPERMARKET,11220,,,,,,,,,,,,,,No chain circular match found. Add a manual source URL from this store's own ad/flyer.
748881,GUANG MING GROCERY,11220,,,,,,,,,,,,,,No chain circular match found. Add a manual source URL from this store's own ad/flyer.
734898,HAPPY FAMILY GROCERY STORE,11220,,,,,,,,,,,,,,No chain circular match found. Add a manual source URL from this store's own ad/flyer.
763235,HENGYI GROCERY,11220,,,,,,,,,,,,,,No chain circular match found. Add a manual source URL from this store's own ad/flyer.
766219,JIA HE XING GROCERY,11220,,,,,,,,,,,,,,No chain circular match found. Add a manual source URL from this store's own ad/flyer.
737063,JIAHE GROCERY,11220,,,,,,,,,,,,,,No chain circular match found. Add a manual source URL from this store's own ad/flyer.
764339,JIAJIA GROCERY,11220,,,,,,,,,,,,,,No chain circular match found. Add a manual source URL from this store's own ad/flyer.
709818,KANG MEI QIN GROCERY,11220,,,,,,,,,,,,,,No chain circular match found. Add a manual source URL from this store's own ad/flyer.
712620,KC GROCERY,11220,,,,,,,,,,,,,,No chain circular match found. Add a manual source URL from this store's own ad/flyer.
739197,LA TIENDITA GROCERY,11220,,,,,,,,,,,,,,No chain circular match found. Add a manual source URL from this store's own ad/flyer.
748297,LANG QI FOODS SUPERMARKET,11220,,,,,,,,,,,,,,No chain circular match found. Add a manual source URL from this store's own ad/flyer.
742109,LIAN JIANG GROCERY,11220,,,,,,,,,,,,,,No chain circular match found. Add a manual source URL from this store's own ad/flyer.
766545,LIN LUCKY FAMILY GROCERY,11220,,,,,,,,,,,,,,No chain circular match found. Add a manual source URL from this store's own ad/flyer.
748542,LUCKY 4502 GROCERY,11220,,,,,,,,,,,,,,No chain circular match found. Add a manual source URL from this store's own ad/flyer.
749340,MIN RONG SUPERMARKET,11220,,,,,,,,,,,,,,No chain circular match found. Add a manual source URL from this store's own ad/flyer.
758023,MING XING GROCERY,11220,,,,,,,,,,,,,,No chain circular match found. Add a manual source URL from this store's own ad/flyer.
734502,NEW HONG YUN GROCERY STORE,11220,,,,,,,,,,,,,,No chain circular match found. Add a manual source URL from this store's own ad/flyer.
749604,O&J GROCERY & DISCOUNT,11220,,,,,,,,,,,,,,No chain circular match found. Add a manual source URL from this store's own ad/flyer.
619519,PATEL GROCERY,11220,,,,,,,,,,,,,,No chain circular match found. Add a manual source URL from this store's own ad/flyer.
614219,PEREZ GROCERY,11220,,,,,,,,,,,,,,No chain circular match found. Add a manual source URL from this store's own ad/flyer.
766100,QING XIN GROCERY,11220,,,,,,,,,,,,,,No chain circular match found. Add a manual source URL from this store's own ad/flyer.
710063,SHAN SHAN GROCERY,11220,,,,,,,,,,,,,,No chain circular match found. Add a manual source URL from this store's own ad/flyer.
733118,SUNNY STAR GROCERY,11220,,,,,,,,,,,,,,No chain circular match found. Add a manual source URL from this store's own ad/flyer.
724631,SUNRISE GROCERY,11220,,,,,,,,,,,,,,No chain circular match found. Add a manual source URL from this store's own ad/flyer.
752914,SUPERMARKET LAS GARDENIAS,11220,,,,,,,,,,,,,,No chain circular match found. Add a manual source URL from this store's own ad/flyer.
736587,SWEET CHELSEA GROCERY,11220,,,,,,,,,,,,,,No chain circular match found. Add a manual source URL from this store's own ad/flyer.
763983,VERAS GROCERY,11220,,,,,,,,,,,,,,No chain circular match found. Add a manual source URL from this store's own ad/flyer.
741283,VICKIES GROCERY,11220,,,,,,,,,,,,,,No chain circular match found. Add a manual source URL from this store's own ad/flyer.
610773,VINCENT LOS GROCERY,11220,,,,,,,,,,,,,,No chain circular match found. Add a manual source URL from this store's own ad/flyer.
741685,W&Q GROCERY,11220,,,,,,,,,,,,,,No chain circular match found. Add a manual source URL from this store's own ad/flyer.
744181,WAN JIA GROCERY,11220,,,,,,,,,,,,,,No chain circular match found. Add a manual source URL from this store's own ad/flyer.
764575,WANG JIA FU GROCERY,11220,,,,,,,,,,,,,,No chain circular match found. Add a manual source URL from this store's own ad/flyer.
762660,WONDER 7TH GROCERY,11220,,,,,,,,,,,,,,No chain circular match found. Add a manual source URL from this store's own ad/flyer.
723391,XIANGFU GROCERY,11220,,,,,,,,,,,,,,No chain circular match found. Add a manual source URL from this store's own ad/flyer.
737674,YI JIE SHA GROCERY,11220,,,,,,,,,,,,,,No chain circular match found. Add a manual source URL from this store's own ad/flyer.
746359,ZHANG GROCERY,11220,,,,,,,,,,,,,,No chain circular match found. Add a manual source URL from this store's own ad/flyer.
710932,E. L. PUTNAM GROCERY,11221,,,,,,,,,,,,,,No chain circular match found. Add a manual source URL from this store's own ad/flyer.
731242,FIRST STOP GROCERY #3,11221,,,,,,,,,,,,,,No chain circular match found. Add a manual source URL from this store's own ad/flyer.
763754,GUTIERREZ GROCERY,11221,,,,,,,,,,,,,,No chain circular match found. Add a manual source URL from this store's own ad/flyer.
614067,HAUTER GROCERY STORE,11221,,,,,,,,,,,,,,No chain circular match found. Add a manual source URL from this store's own ad/flyer.
618201,JM GROCERY STORE,11221,,,,,,,,,,,,,,No chain circular match found. Add a manual source URL from this store's own ad/flyer.
715255,MILAGRO GROCERY,11221,,,,,,,,,,,,,,No chain circular match found. Add a manual source URL from this store's own ad/flyer.
610835,NOVATOS GROCERY,11221,,,,,,,,,,,,,,No chain circular match found. Add a manual source URL from this store's own ad/flyer.
758222,SCARLETT GROCERY,11221,,,,,,,,,,,,,,No chain circular match found. Add a manual source URL from this store's own ad/flyer.
617007,VARIETY CENTER&GROCERY,11221,,,,,,,,,,,,,,No chain circular match found. Add a manual source URL from this store's own ad/flyer.
613094,AKIVA GROCERY,11223,,,,,,,,,,,,,,No chain circular match found. Add a manual source URL from this store's own ad/flyer.
708936,D&Y GROCERY,11223,,,,,,,,,,,,,,No chain circular match found. Add a manual source URL from this store's own ad/flyer.
748191,GOOD LUCK GROCERY STORE,11223,,,,,,,,,,,,,,No chain circular match found. Add a manual source URL from this store's own ad/flyer.
670753,H&I GROCERY,11223,,,,,,,,,,,,,,No chain circular match found. Add a manual source URL from this store's own ad/flyer.
738006,KINGS EXPRESS GROCERY,11223,,,,,,,,,,,,,,No chain circular match found. Add a manual source URL from this store's own ad/flyer.
670689,SHALOM GROCERY,11223,,,,,,,,,,,,,,No chain circular match found. Add a manual source URL from this store's own ad/flyer.
730734,SHENGTAI JIAYUAN GROCERY STORE,11223,,,,,,,,,,,,,,No chain circular match found. Add a manual source URL from this store's own ad/flyer.
610605,U FINE GROCERY,11223,,,,,,,,,,,,,,No chain circular match found. Add a manual source URL from this store's own ad/flyer.
725941,WEST 10 GROCERY,11223,,,,,,,,,,,,,,No chain circular match found. Add a manual source URL from this store's own ad/flyer.
619799,A AND T GROCERY,11224,,,,,,,,,,,,,,No chain circular match found. Add a manual source URL from this store's own ad/flyer.
752689,LQA GROCERY,11224,,,,,,,,,,,,,,No chain circular match found. Add a manual source URL from this store's own ad/flyer.
721891,AFFIA MEAT & GROCERY,11225,,,,,,,,,,,,,,No chain circular match found. Add a manual source URL from this store's own ad/flyer.
613583,KLEINS GROCERY,11225,,,,,,,,,,,,,,No chain circular match found. Add a manual source URL from this store's own ad/flyer.
612104,KOL TUV GROCERY,11225,,,,,,,,,,,,,,No chain circular match found. Add a manual source URL from this store's own ad/flyer.
746185,MB BROOKLYN GROCERY,11225,,,,,,,,,,,,,,No chain circular match found. Add a manual source URL from this store's own ad/flyer.
761100,MIDWOOD GROCERY,11225,,,,,,,,,,,,,,No chain circular match found. Add a manual source URL from this store's own ad/flyer.
752001,SABANETA 046 GROCERY,11225,,,,,,,,,,,,,,No chain circular match found. Add a manual source URL from this store's own ad/flyer.
751386,SAM DO SUPERMARKET,11225,,,,,,,,,,,,,,No chain circular match found. Add a manual source URL from this store's own ad/flyer.
763223,A TOWN SUPERMARKET,11226,,,,,,,,,,,,,,No chain circular match found. Add a manual source URL from this store's own ad/flyer.
752281,CAROLIN GROCERY,11226,,,,,,,,,,,,,,No chain circular match found. Add a manual source URL from this store's own ad/flyer.
612297,ESTEFANY GROCERY STORE,11226,,,,,,,,,,,,,,No chain circular match found. Add a manual source URL from this store's own ad/flyer.
763752,F&S GROCERY DISCOUNT,11226,,,,,,,,,,,,,,No chain circular match found. Add a manual source URL from this store's own ad/flyer.
618740,FLATBUSH GROCERY STORE,11226,,,,,,,,,,,,,,No chain circular match found. Add a manual source URL from this store's own ad/flyer.
610820,GRUPO MEX GROCERY,11226,,,,,,,,,,,,,,No chain circular match found. Add a manual source URL from this store's own ad/flyer.
702252,LAM WEST INDIAN GROCERY,11226,,,,,,,,,,,,,,No chain circular match found. Add a manual source URL from this store's own ad/flyer.
702013,LOS JASMINES GROCERY STORE,11226,,,,,,,,,,,,,,No chain circular match found. Add a manual source URL from this store's own ad/flyer.
744756,M & M GROCERY,11226,,,,,,,,,,,,,,No chain circular match found. Add a manual source URL from this store's own ad/flyer.
755475,NEW EVELINA GROCERY,11226,,,,,,,,,,,,,,No chain circular match found. Add a manual source URL from this store's own ad/flyer.
617473,NEW MILLENNIUM GROCERY,11226,,,,,,,,,,,,,,No chain circular match found. Add a manual source URL from this store's own ad/flyer.
672078,PLAZA FRUIT & GROCERY,11226,,,,,,,,,,,,,,No chain circular match found. Add a manual source URL from this store's own ad/flyer.
741092,US BANGLA GROCERY,11226,,,,,,,,,,,,,,No chain circular match found. Add a manual source URL from this store's own ad/flyer.
614096,WINDSORS GROCERY STORE,11226,,,,,,,,,,,,,,No chain circular match found. Add a manual source URL from this store's own ad/flyer.
719034,72 ST GROCERY,11228,,,,,,,,,,,,,,No chain circular match found. Add a manual source URL from this store's own ad/flyer.
671667,FAVORITE CHOICE GROCERY,11228,,,,,,,,,,,,,,No chain circular match found. Add a manual source URL from this store's own ad/flyer.
617270,GROCERY GUATEMALA,11228,,,,,,,,,,,,,,No chain circular match found. Add a manual source URL from this store's own ad/flyer.
725701,JOHN BATH AVE GROCERY,11228,,,,,,,,,,,,,,No chain circular match found. Add a manual source URL from this store's own ad/flyer.
717419,MATAMOROS GROCERY,11228,,,,,,,,,,,,,,No chain circular match found. Add a manual source URL from this store's own ad/flyer.
724417,W AND Y GROCERY,11228,,,,,,,,,,,,,,No chain circular match found. Add a manual source URL from this store's own ad/flyer.
755662,XIN & XUAN GROCERY,11228,,,,,,,,,,,,,,No chain circular match found. Add a manual source URL from this store's own ad/flyer.
702644,DISCOUNT DAIRY FARM GROCERY,11229,,,,,,,,,,,,,,No chain circular match found. Add a manual source URL from this store's own ad/flyer.
734225,HARVEST GROCERY,11229,,,,,,,,,,,,,,No chain circular match found. Add a manual source URL from this store's own ad/flyer.
715741,L & J SUPERMARKET II,11229,,,,,,,,,,,,,,No chain circular match found. Add a manual source URL from this store's own ad/flyer.
612898,LA VILLITA GROCERY,11229,,,,,,,,,,,,,,No chain circular match found. Add a manual source URL from this store's own ad/flyer.
720404,NEW EASYSHOP SUPERMARKET,11229,,,,,,,,,,,,,,No chain circular match found. Add a manual source URL from this store's own ad/flyer.
732586,QUENTIN GROCERY,11229,,,,,,,,,,,,,,No chain circular match found. Add a manual source URL from this store's own ad/flyer.
747960,ASIAN SUPERMARKET NYC,11230,,,,,,,,,,,,,,No chain circular match found. Add a manual source URL from this store's own ad/flyer.
735127,BERRY GOODS SUPERMARKET,11230,,,,,,,,,,,,,,No chain circular match found. Add a manual source URL from this store's own ad/flyer.
755483,EVERYDAY GROCERY,11230,,,,,,,,,,,,,,No chain circular match found. Add a manual source URL from this store's own ad/flyer.
614187,FLATBUSH SUPERMARKET,11230,,,,,,,,,,,,,,No chain circular match found. Add a manual source URL from this store's own ad/flyer.
762273,GARCIAS GROCERY NY,11230,,,,,,,,,,,,,,No chain circular match found. Add a manual source URL from this store's own ad/flyer.
610350,J&J GROCERY,11230,,,,,,,,,,,,,,No chain circular match found. Add a manual source URL from this store's own ad/flyer.
705924,NEW TAYEEBAS GROCERY,11230,,,,,,,,,,,,,,No chain circular match found. Add a manual source URL from this store's own ad/flyer.
615032,PUNJAB GROCERY,11230,,,,,,,,,,,,,,No chain circular match found. Add a manual source URL from this store's own ad/flyer.
764947,RUGBY GROCERY,11230,,,,,,,,,,,,,,No chain circular match found. Add a manual source URL from this store's own ad/flyer.
616678,W&S DAIRY GROCERY,11230,,,,,,,,,,,,,,No chain circular match found. Add a manual source URL from this store's own ad/flyer.
759032,ZAMZAM GROCERY & MEATS,11230,,,,,,,,,,,,,,No chain circular match found. Add a manual source URL from this store's own ad/flyer.
614057,EXPRESS GROCERY,11231,,,,,,,,,,,,,,No chain circular match found. Add a manual source URL from this store's own ad/flyer.
619054,KEY FRUIT & VEGETABLE AND GROCERY,11231,,,,,,,,,,,,,,No chain circular match found. Add a manual source URL from this store's own ad/flyer.
610268,MARTINEZ GROCERY,11231,,,,,,,,,,,,,,No chain circular match found. Add a manual source URL from this store's own ad/flyer.
708430,SMITH STREET GROCERY & CONVENIENCE,11231,,,,,,,,,,,,,,No chain circular match found. Add a manual source URL from this store's own ad/flyer.
749409,ENJOY MY BAGELS STORE & GROCERY,11232,,,,,,,,,,,,,,No chain circular match found. Add a manual source URL from this store's own ad/flyer.
705956,EZ GROCERY,11232,,,,,,,,,,,,,,No chain circular match found. Add a manual source URL from this store's own ad/flyer.
670171,KANG YI GROCERY,11232,,,,,,,,,,,,,,No chain circular match found. Add a manual source URL from this store's own ad/flyer.
735463,LA PLACITA SUPERMARKET,11232,,,,,,,,,,,,,,No chain circular match found. Add a manual source URL from this store's own ad/flyer.
761602,LUCKY 4216 GROCERY,11232,,,,,,,,,,,,,,No chain circular match found. Add a manual source URL from this store's own ad/flyer.
728681,LUCKY GROCERY,11232,,,,,,,,,,,,,,No chain circular match found. Add a manual source URL from this store's own ad/flyer.
729366,R & I GROCERY,11232,,,,,,,,,,,,,,No chain circular match found. Add a manual source URL from this store's own ad/flyer.
728870,UMK BROOKLYN GROCERY,11232,,,,,,,,,,,,,,No chain circular match found. Add a manual source URL from this store's own ad/flyer.
725151,VALENTINA GROCERY,11232,,,,,,,,,,,,,,No chain circular match found. Add a manual source URL from this store's own ad/flyer.
614437,ABREUS GROCERY,11233,,,,,,,,,,,,,,No chain circular match found. Add a manual source URL from this store's own ad/flyer.
762917,JERIC DNJ GROCERY,11233,,,,,,,,,,,,,,No chain circular match found. Add a manual source URL from this store's own ad/flyer.
746466,JJ GOURMET GROCERY,11233,,,,,,,,,,,,,,No chain circular match found. Add a manual source URL from this store's own ad/flyer.
748593,LOLO GROCERY,11233,,,,,,,,,,,,,,No chain circular match found. Add a manual source URL from this store's own ad/flyer.
760129,MAYELIN GROCERY STORE,11233,,,,,,,,,,,,,,No chain circular match found. Add a manual source URL from this store's own ad/flyer.
616221,STOP&BUY GROCERY,11233,,,,,,,,,,,,,,No chain circular match found. Add a manual source URL from this store's own ad/flyer.
613422,TIO GROCERY,11233,,,,,,,,,,,,,,No chain circular match found. Add a manual source URL from this store's own ad/flyer.
616553,TWO WAY SUPERMARKET,11233,,,,,,,,,,,,,,No chain circular match found. Add a manual source URL from this store's own ad/flyer.
710606,RED APPLE GROCERY,11234,,,,,,,,,,,,,,No chain circular match found. Add a manual source URL from this store's own ad/flyer.
612131,TU BOHIO GROCERY,11234,,,,,,,,,,,,,,No chain circular match found. Add a manual source URL from this store's own ad/flyer.
717793,5 STAR GROCERY,11235,,,,,,,,,,,,,,No chain circular match found. Add a manual source URL from this store's own ad/flyer.
742105,BROOKLYN CANDY GROCERY,11235,,,,,,,,,,,,,,No chain circular match found. Add a manual source URL from this store's own ad/flyer.
709196,PERALTAS GROCERY,11235,,,,,,,,,,,,,,No chain circular match found. Add a manual source URL from this store's own ad/flyer.
610288,R&M GROCERY,11235,,,,,,,,,,,,,,No chain circular match found. Add a manual source URL from this store's own ad/flyer.
727732,TASHKENT SUPERMARKET,11235,,,,,,,,,,,,,,No chain circular match found. Add a manual source URL from this store's own ad/flyer.
702325,TASHKENT SUPERMARKET,11235,,,,,,,,,,,,,,No chain circular match found. Add a manual source URL from this store's own ad/flyer.
715561,560 GROCERY & FOOD,11236,,,,,,,,,,,,,,No chain circular match found. Add a manual source URL from this store's own ad/flyer.
740916,AVENUE B GROCERY,11236,,,,,,,,,,,,,,No chain circular match found. Add a manual source URL from this store's own ad/flyer.
729052,CANARSIE GROCERY,11236,,,,,,,,,,,,,,No chain circular match found. Add a manual source URL from this store's own ad/flyer.
613234,EVELYN GROCERY,11236,,,,,,,,,,,,,,No chain circular match found. Add a manual source URL from this store's own ad/flyer.
744650,FOOD WORLD SUPERMARKET,11236,,,,,,,,,,,,,,No chain circular match found. Add a manual source URL from this store's own ad/flyer.
725027,J & W SUPERMARKET,11236,,,,,,,,,,,,,,No chain circular match found. Add a manual source URL from this store's own ad/flyer.
754674,LA ESQUINA MELO GROCERY,11236,,,,,,,,,,,,,,No chain circular match found. Add a manual source URL from this store's own ad/flyer.
616056,LUNA SOPHIE GROCERY,11236,,,,,,,,,,,,,,No chain circular match found. Add a manual source URL from this store's own ad/flyer.
718748,ROCKAWAY GOURMET & GROCERY,11236,,,,,,,,,,,,,,No chain circular match found. Add a manual source URL from this store's own ad/flyer.
746659,SIX BRO GROCERY,11236,,,,,,,,,,,,,,No chain circular match found. Add a manual source URL from this store's own ad/flyer.
753468,A&O GROCERY,11237,,,,,,,,,,,,,,No chain circular match found. Add a manual source URL from this store's own ad/flyer.
715203,ACOSTA GROCERY STORE,11237,,,,,,,,,,,,,,No chain circular match found. Add a manual source URL from this store's own ad/flyer.
763551,HAPPY FACE BABY SHOP & GROCERY,11237,,,,,,,,,,,,,,No chain circular match found. Add a manual source URL from this store's own ad/flyer.
618945,INFANTE GROCERY,11237,,,,,,,,,,,,,,No chain circular match found. Add a manual source URL from this store's own ad/flyer.
712406,LA SAN MARQUENITA GROCERY AND VARIEDADES,11237,,,,,,,,,,,,,,No chain circular match found. Add a manual source URL from this store's own ad/flyer.
766112,LAS MESETAS GROCERY,11237,,,,,,,,,,,,,,No chain circular match found. Add a manual source URL from this store's own ad/flyer.
741485,MAX GROCERY,11237,,,,,,,,,,,,,,No chain circular match found. Add a manual source URL from this store's own ad/flyer.
706520,MORELOS GROCERY,11237,,,,,,,,,,,,,,No chain circular match found. Add a manual source URL from this store's own ad/flyer.
763615,MR GROCERY & BEER,11237,,,,,,,,,,,,,,No chain circular match found. Add a manual source URL from this store's own ad/flyer.
619604,QUISQUEYA GROCERY,11237,,,,,,,,,,,,,,No chain circular match found. Add a manual source URL from this store's own ad/flyer.
616422,STEVE MEXICAN GROCERY,11237,,,,,,,,,,,,,,No chain circular match found. Add a manual source URL from this store's own ad/flyer.
615880,VALERIE GROCERY,11237,,,,,,,,,,,,,,No chain circular match found. Add a manual source URL from this store's own ad/flyer.
758682,BEST FAMILY GROCERY,11238,,,,,,,,,,,,,,No chain circular match found. Add a manual source URL from this store's own ad/flyer.
617342,BOB&BETTYS SUPERMARKET,11238,,,,,,,,,,,,,,No chain circular match found. Add a manual source URL from this store's own ad/flyer.
613430,BURGOS GROCERY,11238,,,,,,,,,,,,,,No chain circular match found. Add a manual source URL from this store's own ad/flyer.
610056,CEPEDA GROCERY,11238,,,,,,,,,,,,,,No chain circular match found. Add a manual source URL from this store's own ad/flyer.
618294,DANNY GROCERY,11238,,,,,,,,,,,,,,No chain circular match found. Add a manual source URL from this store's own ad/flyer.
612209,BED-ROSS GROCERY,11249,,,,,,,,,,,,,,No chain circular match found. Add a manual source URL from this store's own ad/flyer.
671167,BAYLOR GROCERY,11354,,,,,,,,,,,,,,No chain circular match found. Add a manual source URL from this store's own ad/flyer.
762422,CLOUD GROCERY,11354,,,,,,,,,,,,,,No chain circular match found. Add a manual source URL from this store's own ad/flyer.
752460,GW SUPERMARKET,11354,,,,,,,,,,,,,,No chain circular match found. Add a manual source URL from this store's own ad/flyer.
633730,HANYANG SUPERMARKET,11354,,,,,,,,,,,,,,No chain circular match found. Add a manual source URL from this store's own ad/flyer.
734102,HENGTONG GROCERY,11354,,,,,,,,,,,,,,No chain circular match found. Add a manual source URL from this store's own ad/flyer.
739415,HUA LIAN SUPERMARKET,11354,,,,,,,,,,,,,,No chain circular match found. Add a manual source URL from this store's own ad/flyer.
735994,KW SUPERMARKET,11354,,,,,,,,,,,,,,No chain circular match found. Add a manual source URL from this store's own ad/flyer.
746845,US 1 SUPERMARKET,11354,,,,,,,,,,,,,,No chain circular match found. Add a manual source URL from this store's own ad/flyer.
758133,WHITESTONE SUPERMARKET,11354,,,,,,,,,,,,,,No chain circular match found. Add a manual source URL from this store's own ad/flyer.
760619,41 AVE ASIAN GROCERY STORE,11355,,,,,,,,,,,,,,No chain circular match found. Add a manual source URL from this store's own ad/flyer.
734907,BOWNE GROCERY,11355,,,,,,,,,,,,,,No chain circular match found. Add a manual source URL from this store's own ad/flyer.
634735,C&A SUPERMARKET,11355,,,,,,,,,,,,,,No chain circular match found. Add a manual source URL from this store's own ad/flyer.
633958,CHUNG FAT SUPERMARKET,11355,,,,,,,,,,,,,,No chain circular match found. Add a manual source URL from this store's own ad/flyer.
750752,CP LEGEND GROCERY,11355,,,,,,,,,,,,,,No chain circular match found. Add a manual source URL from this store's own ad/flyer.
723534,DHYIA GROCERY AND CONVENIENCE STORE,11355,,,,,,,,,,,,,,No chain circular match found. Add a manual source URL from this store's own ad/flyer.
760407,DOUBLE HAPPINESS GROCERY,11355,,,,,,,,,,,,,,No chain circular match found. Add a manual source URL from this store's own ad/flyer.
753395,GAO VILLAGE SUPERMARKET,11355,,,,,,,,,,,,,,No chain circular match found. Add a manual source URL from this store's own ad/flyer.
635922,GOLD CITY SUPERMARKET,11355,,,,,,,,,,,,,,No chain circular match found. Add a manual source URL from this store's own ad/flyer.
758418,GOOD FORTUNE SUPERMARKET OF NY,11355,,,,,,,,,,,,,,No chain circular match found. Add a manual source URL from this store's own ad/flyer.
757839,HAPPY CORNER GROCERY,11355,,,,,,,,,,,,,,No chain circular match found. Add a manual source URL from this store's own ad/flyer.
745884,HENG GROCERY,11355,,,,,,,,,,,,,,No chain circular match found. Add a manual source URL from this store's own ad/flyer.
759605,JY&Y GROCERY,11355,,,,,,,,,,,,,,No chain circular match found. Add a manual source URL from this store's own ad/flyer.
737472,RI SHENG GROCERY,11355,,,,,,,,,,,,,,No chain circular match found. Add a manual source URL from this store's own ad/flyer.
671015,SHREE SIDDHIVINAYAKA GROCERY,11355,,,,,,,,,,,,,,No chain circular match found. Add a manual source URL from this store's own ad/flyer.
730452,SOPHIA GROCERY,11355,,,,,,,,,,,,,,No chain circular match found. Add a manual source URL from this store's own ad/flyer.
764305,XINXIN GROCERY,11355,,,,,,,,,,,,,,No chain circular match found. Add a manual source URL from this store's own ad/flyer.
706228,YONG FA SUPERMARKET,11355,,,,,,,,,,,,,,No chain circular match found. Add a manual source URL from this store's own ad/flyer.
759575,ZHEN ZHEN GROCERY,11355,,,,,,,,,,,,,,No chain circular match found. Add a manual source URL from this store's own ad/flyer.
632195,DHARA NEWS & GROCERY,11356,,,,,,,,,,,,,,No chain circular match found. Add a manual source URL from this store's own ad/flyer.
753774,EAT FAIR GROCERY,11356,,,,,,,,,,,,,,No chain circular match found. Add a manual source URL from this store's own ad/flyer.
734477,VDK GROCERY,11356,,,,,,,,,,,,,,No chain circular match found. Add a manual source URL from this store's own ad/flyer.
633133,A TO Z GROCERY,11357,,,,,,,,,,,,,,No chain circular match found. Add a manual source URL from this store's own ad/flyer.
729848,CHOI VEGETABLE & GROCERY,11358,,,,,,,,,,,,,,No chain circular match found. Add a manual source URL from this store's own ad/flyer.
757946,LUCEROS GROCERY STORE,11358,,,,,,,,,,,,,,No chain circular match found. Add a manual source URL from this store's own ad/flyer.
742756,MARINO'S SUPERMARKET,11358,,,,,,,,,,,,,,No chain circular match found. Add a manual source URL from this store's own ad/flyer.
706367,T & C GROCERY,11358,,,,,,,,,,,,,,No chain circular match found. Add a manual source URL from this store's own ad/flyer.
768372,AJ&E 99UP SUPERMARKET,11361,,,,,,,,,,,,,,No chain circular match found. Add a manual source URL from this store's own ad/flyer.
755549,WALFOOD SUPERMARKET,11361,,,,,,,,,,,,,,No chain circular match found. Add a manual source URL from this store's own ad/flyer.
745120,LITTLE NECK SUPERMARKET,11362,,,,,,,,,,,,,,No chain circular match found. Add a manual source URL from this store's own ad/flyer.
766771,68 AVE BABY GROCERY,11365,,,,,,,,,,,,,,No chain circular match found. Add a manual source URL from this store's own ad/flyer.
709769,KOUCHI SUPERMARKET,11366,,,,,,,,,,,,,,No chain circular match found. Add a manual source URL from this store's own ad/flyer.
731654,MAZAL GLATT SUPERMARKET,11367,,,,,,,,,,,,,,No chain circular match found. Add a manual source URL from this store's own ad/flyer.
634979,PAULS GROCERY,11367,,,,,,,,,,,,,,No chain circular match found. Add a manual source URL from this store's own ad/flyer.
725505,R & M MAIN SUPERMARKET,11367,,,,,,,,,,,,,,No chain circular match found. Add a manual source URL from this store's own ad/flyer.
716264,WASSERMAN SUPERMARKET,11367,,,,,,,,,,,,,,No chain circular match found. Add a manual source URL from this store's own ad/flyer.
707882,108TH STREET GROCERY,11368,,,,,,,,,,,,,,No chain circular match found. Add a manual source URL from this store's own ad/flyer.
631889,3 STAR GROCERY,11368,,,,,,,,,,,,,,No chain circular match found. Add a manual source URL from this store's own ad/flyer.
750682,4306 HAPPY GROCERY,11368,,,,,,,,,,,,,,No chain circular match found. Add a manual source URL from this store's own ad/flyer.
766508,ALKARE GROCERY,11368,,,,,,,,,,,,,,No chain circular match found. Add a manual source URL from this store's own ad/flyer.
633770,BAEZ GROCERY STORE,11368,,,,,,,,,,,,,,No chain circular match found. Add a manual source URL from this store's own ad/flyer.
730717,CANDY & GROCERY FOOD,11368,,,,,,,,,,,,,,No chain circular match found. Add a manual source URL from this store's own ad/flyer.
632722,CIBAO GROCERY,11368,,,,,,,,,,,,,,No chain circular match found. Add a manual source URL from this store's own ad/flyer.
756643,DELY GROCERY ECUATORIAN,11368,,,,,,,,,,,,,,No chain circular match found. Add a manual source URL from this store's own ad/flyer.
639078,ELIS GROCERY,11368,,,,,,,,,,,,,,No chain circular match found. Add a manual source URL from this store's own ad/flyer.
635744,ESQUINA 100&34 GROCERY,11368,,,,,,,,,,,,,,No chain circular match found. Add a manual source URL from this store's own ad/flyer.
760961,FRESH FARM SUPERMARKET,11368,,,,,,,,,,,,,,No chain circular match found. Add a manual source URL from this store's own ad/flyer.
715666,GRANDE MUNDO SUPERMARKET,11368,,,,,,,,,,,,,,No chain circular match found. Add a manual source URL from this store's own ad/flyer.
766839,GROCERY VIRGEN DEL CISNE,11368,,,,,,,,,,,,,,No chain circular match found. Add a manual source URL from this store's own ad/flyer.
638818,HERNANDEZ SUPERMARKET,11368,,,,,,,,,,,,,,No chain circular match found. Add a manual source URL from this store's own ad/flyer.
749507,J & M GROCERY,11368,,,,,,,,,,,,,,No chain circular match found. Add a manual source URL from this store's own ad/flyer.
753703,JONY GROCERY,11368,,,,,,,,,,,,,,No chain circular match found. Add a manual source URL from this store's own ad/flyer.
754041,JUSBELINDA GROCERY,11368,,,,,,,,,,,,,,No chain circular match found. Add a manual source URL from this store's own ad/flyer.
753763,LA SIMPATIA GROCERY,11368,,,,,,,,,,,,,,No chain circular match found. Add a manual source URL from this store's own ad/flyer.
755731,LOS VECINOS GROCERY STORE,11368,,,,,,,,,,,,,,No chain circular match found. Add a manual source URL from this store's own ad/flyer.
631266,LUCIANO GROCERY,11368,,,,,,,,,,,,,,No chain circular match found. Add a manual source URL from this store's own ad/flyer.
639806,MARIANITAS GROCERY,11368,,,,,,,,,,,,,,No chain circular match found. Add a manual source URL from this store's own ad/flyer.
734346,MELYS GROCERY,11368,,,,,,,,,,,,,,No chain circular match found. Add a manual source URL from this store's own ad/flyer.
634580,MERCEDITAS GROCERY STR,11368,,,,,,,,,,,,,,No chain circular match found. Add a manual source URL from this store's own ad/flyer.
716970,MI TIERRA SUPERMARKET,11368,,,,,,,,,,,,,,No chain circular match found. Add a manual source URL from this store's own ad/flyer.
702001,MI TIERRA SUPERMARKET,11368,,,,,,,,,,,,,,No chain circular match found. Add a manual source URL from this store's own ad/flyer.
748327,MINI GROCERY NATIONAL CARNICERIA,11368,,,,,,,,,,,,,,No chain circular match found. Add a manual source URL from this store's own ad/flyer.
639593,MONTEROS GROCERY,11368,,,,,,,,,,,,,,No chain circular match found. Add a manual source URL from this store's own ad/flyer.
738941,R STOP 1 SUPERMARKET,11368,,,,,,,,,,,,,,No chain circular match found. Add a manual source URL from this store's own ad/flyer.
630113,RAMIREZ GROCERY,11368,,,,,,,,,,,,,,No chain circular match found. Add a manual source URL from this store's own ad/flyer.
734178,RODRIGUEZ GROCERY STORE #2,11368,,,,,,,,,,,,,,No chain circular match found. Add a manual source URL from this store's own ad/flyer.
717456,SOLIS GROCERY STORE,11368,,,,,,,,,,,,,,No chain circular match found. Add a manual source URL from this store's own ad/flyer.
754870,TEJADA FAMILY GROCERY,11368,,,,,,,,,,,,,,No chain circular match found. Add a manual source URL from this store's own ad/flyer.
760319,TEXIS GROCERY,11368,,,,,,,,,,,,,,No chain circular match found. Add a manual source URL from this store's own ad/flyer.
639110,TU ESQUINA GROCERY,11368,,,,,,,,,,,,,,No chain circular match found. Add a manual source URL from this store's own ad/flyer.
637074,DANI GROCERY,11369,,,,,,,,,,,,,,No chain circular match found. Add a manual source URL from this store's own ad/flyer.
718602,EAST ELMHURST GROCERY,11369,,,,,,,,,,,,,,No chain circular match found. Add a manual source URL from this store's own ad/flyer.
760314,31ST AVE GROCERY & 99 CENT STORE,11370,,,,,,,,,,,,,,No chain circular match found. Add a manual source URL from this store's own ad/flyer.
754544,FARM COUNTRY SUPERMARKET,11370,,,,,,,,,,,,,,No chain circular match found. Add a manual source URL from this store's own ad/flyer.
739054,MI PUEBLITO GROCERY,11370,,,,,,,,,,,,,,No chain circular match found. Add a manual source URL from this store's own ad/flyer.
723958,37-63 GROCERY FOOD,11372,,,,,,,,,,,,,,No chain circular match found. Add a manual source URL from this store's own ad/flyer.
706824,37TH AVE GROCERY,11372,,,,,,,,,,,,,,No chain circular match found. Add a manual source URL from this store's own ad/flyer.
670294,94 STREET GROCERY,11372,,,,,,,,,,,,,,No chain circular match found. Add a manual source URL from this store's own ad/flyer.
758597,APEX NEWS & GROCERY,11372,,,,,,,,,,,,,,No chain circular match found. Add a manual source URL from this store's own ad/flyer.
730660,CANDY GROCERY,11372,,,,,,,,,,,,,,No chain circular match found. Add a manual source URL from this store's own ad/flyer.
746324,COATZINGO GROCERY,11372,,,,,,,,,,,,,,No chain circular match found. Add a manual source URL from this store's own ad/flyer.
708509,EL MOLINO SUPERMARKET,11372,,,,,,,,,,,,,,No chain circular match found. Add a manual source URL from this store's own ad/flyer.
746136,FRIENDLY 88 GROCERY,11372,,,,,,,,,,,,,,No chain circular match found. Add a manual source URL from this store's own ad/flyer.
747420,GROCERY EL ROCIO,11372,,,,,,,,,,,,,,No chain circular match found. Add a manual source URL from this store's own ad/flyer.
637512,LA OTRA GROCERY,11372,,,,,,,,,,,,,,No chain circular match found. Add a manual source URL from this store's own ad/flyer.
724215,LOS POBLANOS GROCERY,11372,,,,,,,,,,,,,,No chain circular match found. Add a manual source URL from this store's own ad/flyer.
709479,MEHBOOB GROCERY,11372,,,,,,,,,,,,,,No chain circular match found. Add a manual source URL from this store's own ad/flyer.
639534,MI TIERRA SUPERMARKET,11372,,,,,,,,,,,,,,No chain circular match found. Add a manual source URL from this store's own ad/flyer.
745172,PREMIUM SUPERMARKET,11372,,,,,,,,,,,,,,No chain circular match found. Add a manual source URL from this store's own ad/flyer.
739070,QUISQUEYA GROCERY,11372,,,,,,,,,,,,,,No chain circular match found. Add a manual source URL from this store's own ad/flyer.
706132,ROOSEVELT CANDY GROCERY,11372,,,,,,,,,,,,,,No chain circular match found. Add a manual source URL from this store's own ad/flyer.
731780,S & M GROCERY,11372,,,,,,,,,,,,,,No chain circular match found. Add a manual source URL from this store's own ad/flyer.
725975,W & K GROCERY,11372,,,,,,,,,,,,,,No chain circular match found. Add a manual source URL from this store's own ad/flyer.
754273,78 ST MOM GROCERY STORE,11373,,,,,,,,,,,,,,No chain circular match found. Add a manual source URL from this store's own ad/flyer.
756220,AADHYA FRUIT & GROCERY,11373,,,,,,,,,,,,,,No chain circular match found. Add a manual source URL from this store's own ad/flyer.
741212,BROADWAY GROCERY STORE,11373,,,,,,,,,,,,,,No chain circular match found. Add a manual source URL from this store's own ad/flyer.
638278,CASA RIVERA GROCERY,11373,,,,,,,,,,,,,,No chain circular match found. Add a manual source URL from this store's own ad/flyer.
738927,D&Z SUPERMARKET,11373,,,,,,,,,,,,,,No chain circular match found. Add a manual source URL from this store's own ad/flyer.
751848,ENTRE AMIGOS GROCERY,11373,,,,,,,,,,,,,,No chain circular match found. Add a manual source URL from this store's own ad/flyer.
709895,G&G GROCERY STORE,11373,,,,,,,,,,,,,,No chain circular match found. Add a manual source URL from this store's own ad/flyer.
639145,GOOD SUPERMARKET,11373,,,,,,,,,,,,,,No chain circular match found. Add a manual source URL from this store's own ad/flyer.
705498,GREEN GROCERY & CONVENIENCE,11373,,,,,,,,,,,,,,No chain circular match found. Add a manual source URL from this store's own ad/flyer.
729968,HAPPY 88 GROCERY STORE,11373,,,,,,,,,,,,,,No chain circular match found. Add a manual source URL from this store's own ad/flyer.
722758,HING HING GROCERY SHOP,11373,,,,,,,,,,,,,,No chain circular match found. Add a manual source URL from this store's own ad/flyer.
708470,HUA CHU GROCERY,11373,,,,,,,,,,,,,,No chain circular match found. Add a manual source URL from this store's own ad/flyer.
758785,IVILUX GROCERY,11373,,,,,,,,,,,,,,No chain circular match found. Add a manual source URL from this store's own ad/flyer.
758890,JAPANESE GROCERY STORE,11373,,,,,,,,,,,,,,No chain circular match found. Add a manual source URL from this store's own ad/flyer.
743191,JUNCTION GROCERY & DISCOUNT STORE,11373,,,,,,,,,,,,,,No chain circular match found. Add a manual source URL from this store's own ad/flyer.
739987,LI LI GROCERY,11373,,,,,,,,,,,,,,No chain circular match found. Add a manual source URL from this store's own ad/flyer.
715328,LOLAS GROCERY STORE,11373,,,,,,,,,,,,,,No chain circular match found. Add a manual source URL from this store's own ad/flyer.
725389,M&B CANDY GROCERY STORE,11373,,,,,,,,,,,,,,No chain circular match found. Add a manual source URL from this store's own ad/flyer.
744658,M&T GROCERY,11373,,,,,,,,,,,,,,No chain circular match found. Add a manual source URL from this store's own ad/flyer.
733950,RACHEL GROCERY STORE,11373,,,,,,,,,,,,,,No chain circular match found. Add a manual source URL from this store's own ad/flyer.
742342,SF SUPERMARKET,11373,,,,,,,,,,,,,,No chain circular match found. Add a manual source URL from this store's own ad/flyer.
705737,US SUPERMARKET,11373,,,,,,,,,,,,,,No chain circular match found. Add a manual source URL from this store's own ad/flyer.
708467,WOODSIDE GROCERY & DISCOUNT,11373,,,,,,,,,,,,,,No chain circular match found. Add a manual source URL from this store's own ad/flyer.
634316,Y J ELMHURST GROCERY,11373,,,,,,,,,,,,,,No chain circular match found. Add a manual source URL from this store's own ad/flyer.
757691,METRO 8955 GROCERY,11374,,,,,,,,,,,,,,No chain circular match found. Add a manual source URL from this store's own ad/flyer.
632152,R&M SUPERMARKET,11374,,,,,,,,,,,,,,No chain circular match found. Add a manual source URL from this store's own ad/flyer.
638867,CARMEL GROCERY,11375,,,,,,,,,,,,,,No chain circular match found. Add a manual source URL from this store's own ad/flyer.
639542,OPTIMO GROCERY,11375,,,,,,,,,,,,,,No chain circular match found. Add a manual source URL from this store's own ad/flyer.
709508,ORCHARD SUPERMARKET,11375,,,,,,,,,,,,,,No chain circular match found. Add a manual source URL from this store's own ad/flyer.
632223,R&M GLATT SUPERMARKET,11375,,,,,,,,,,,,,,No chain circular match found. Add a manual source URL from this store's own ad/flyer.
754961,67 ST GROCERY,11377,,,,,,,,,,,,,,No chain circular match found. Add a manual source URL from this store's own ad/flyer.
745022,AMAZING GRACE GROCERY,11377,,,,,,,,,,,,,,No chain circular match found. Add a manual source URL from this store's own ad/flyer.
717277,FOOD EXPRESS SUPERMARKET,11377,,,,,,,,,,,,,,No chain circular match found. Add a manual source URL from this store's own ad/flyer.
730097,GOOD NEIGHBOR SUNNYSIDE SUPERMARKET,11377,,,,,,,,,,,,,,No chain circular match found. Add a manual source URL from this store's own ad/flyer.
746762,JANEY GROCERY,11377,,,,,,,,,,,,,,No chain circular match found. Add a manual source URL from this store's own ad/flyer.
758169,JOY BABY & GROCERY,11377,,,,,,,,,,,,,,No chain circular match found. Add a manual source URL from this store's own ad/flyer.
703896,NEW WOODSIDE GROCERY,11377,,,,,,,,,,,,,,No chain circular match found. Add a manual source URL from this store's own ad/flyer.
639401,NIDHI GROCERY,11377,,,,,,,,,,,,,,No chain circular match found. Add a manual source URL from this store's own ad/flyer.
752917,O&A GROCERY,11377,,,,,,,,,,,,,,No chain circular match found. Add a manual source URL from this store's own ad/flyer.
671306,ROBIN GROCERY & NEWS,11377,,,,,,,,,,,,,,No chain circular match found. Add a manual source URL from this store's own ad/flyer.
731465,SJ GROCERY CONVENIENCE STORE,11377,,,,,,,,,,,,,,No chain circular match found. Add a manual source URL from this store's own ad/flyer.
722316,SUNNY BABY GROCERY,11377,,,,,,,,,,,,,,No chain circular match found. Add a manual source URL from this store's own ad/flyer.
636907,WOODSIDE GROCERY,11377,,,,,,,,,,,,,,No chain circular match found. Add a manual source URL from this store's own ad/flyer.
742643,MARKET FRESH SUPERMARKET,11378,,,,,,,,,,,,,,No chain circular match found. Add a manual source URL from this store's own ad/flyer.
631853,SYRENA GROCERY,11378,,,,,,,,,,,,,,No chain circular match found. Add a manual source URL from this store's own ad/flyer.
727187,ELIOT CONVENIENT & GROCERY,11379,,,,,,,,,,,,,,No chain circular match found. Add a manual source URL from this store's own ad/flyer.
631467,BENNYS GROCERY,11385,,,,,,,,,,,,,,No chain circular match found. Add a manual source URL from this store's own ad/flyer.
672254,BHAKTI SAGAR GROCERY,11385,,,,,,,,,,,,,,No chain circular match found. Add a manual source URL from this store's own ad/flyer.
724382,DIOMAR GROCERY,11385,,,,,,,,,,,,,,No chain circular match found. Add a manual source URL from this store's own ad/flyer.
638668,FOREST GROCERY,11385,,,,,,,,,,,,,,No chain circular match found. Add a manual source URL from this store's own ad/flyer.
764785,GOOD NEIGHBORS 1 SUPERMARKET,11385,,,,,,,,,,,,,,No chain circular match found. Add a manual source URL from this store's own ad/flyer.
736614,GOOD NEIGHBORS SUPERMARKET,11385,,,,,,,,,,,,,,No chain circular match found. Add a manual source URL from this store's own ad/flyer.
746791,KINGSTAR GOURMET GROCERY,11385,,,,,,,,,,,,,,No chain circular match found. Add a manual source URL from this store's own ad/flyer.
757506,L&C GROCERY,11385,,,,,,,,,,,,,,No chain circular match found. Add a manual source URL from this store's own ad/flyer.
759654,LP BABY & GROCERY,11385,,,,,,,,,,,,,,No chain circular match found. Add a manual source URL from this store's own ad/flyer.
634510,LRM ESPINAL GROCERY,11385,,,,,,,,,,,,,,No chain circular match found. Add a manual source URL from this store's own ad/flyer.
715822,LUNA FRUIT & GROCERY,11385,,,,,,,,,,,,,,No chain circular match found. Add a manual source URL from this store's own ad/flyer.
761490,WOODBINE GROCERY,11385,,,,,,,,,,,,,,No chain circular match found. Add a manual source URL from this store's own ad/flyer.
634144,BATISTA MINI GROCERY,11411,,,,,,,,,,,,,,No chain circular match found. Add a manual source URL from this store's own ad/flyer.
634947,CHEZ MIREILLE GROCERY,11411,,,,,,,,,,,,,,No chain circular match found. Add a manual source URL from this store's own ad/flyer.
764285,LINDEN CANDY & GROCERY,11411,,,,,,,,,,,,,,No chain circular match found. Add a manual source URL from this store's own ad/flyer.
749972,A&E SUPERMARKET,11412,,,,,,,,,,,,,,No chain circular match found. Add a manual source URL from this store's own ad/flyer.
764757,136 GROCERY,11413,,,,,,,,,,,,,,No chain circular match found. Add a manual source URL from this store's own ad/flyer.
723528,EXPRESS GROCERY,11413,,,,,,,,,,,,,,No chain circular match found. Add a manual source URL from this store's own ad/flyer.
631433,GREAT SUPERMARKET,11413,,,,,,,,,,,,,,No chain circular match found. Add a manual source URL from this store's own ad/flyer.
741344,ABDULLAH SUPERMARKET,11416,,,,,,,,,,,,,,No chain circular match found. Add a manual source URL from this store's own ad/flyer.
734181,MALA & SONS GROCERY,11416,,,,,,,,,,,,,,No chain circular match found. Add a manual source URL from this store's own ad/flyer.
723710,MANNAN SUPERMARKET,11416,,,,,,,,,,,,,,No chain circular match found. Add a manual source URL from this store's own ad/flyer.
766881,MENA GROCERY,11416,,,,,,,,,,,,,,No chain circular match found. Add a manual source URL from this store's own ad/flyer.
745667,MARKET PLACE SUPERMARKET,11417,,,,,,,,,,,,,,No chain circular match found. Add a manual source URL from this store's own ad/flyer.
711471,MILK FARM SUPERMARKET,11417,,,,,,,,,,,,,,No chain circular match found. Add a manual source URL from this store's own ad/flyer.
633862,BABA SUPERMARKET,11418,,,,,,,,,,,,,,No chain circular match found. Add a manual source URL from this store's own ad/flyer.
739703,DIAZ GROCERY OF NY,11418,,,,,,,,,,,,,,No chain circular match found. Add a manual source URL from this store's own ad/flyer.
634641,GOOD START GROCERY,11418,,,,,,,,,,,,,,No chain circular match found. Add a manual source URL from this store's own ad/flyer.
705700,MANANA GROCERY,11418,,,,,,,,,,,,,,No chain circular match found. Add a manual source URL from this store's own ad/flyer.
742743,MERCADO GROCERY 1,11418,,,,,,,,,,,,,,No chain circular match found. Add a manual source URL from this store's own ad/flyer.
748873,STABROEK MARKET WEST INDIAN GROCERY,11418,,,,,,,,,,,,,,No chain circular match found. Add a manual source URL from this store's own ad/flyer.
632060,SUNNY GROCERY & DISCOUNT,11418,,,,,,,,,,,,,,No chain circular match found. Add a manual source URL from this store's own ad/flyer.
638703,AZ GROCERY AND MEAT,11419,,,,,,,,,,,,,,No chain circular match found. Add a manual source URL from this store's own ad/flyer.
670216,J&B WEST INDIAN AMERICAN GROCERY,11419,,,,,,,,,,,,,,No chain circular match found. Add a manual source URL from this store's own ad/flyer.
634177,J&P W INDIAN GROCERY,11419,,,,,,,,,,,,,,No chain circular match found. Add a manual source URL from this store's own ad/flyer.
747761,K TOWN SUPERMARKET,11419,,,,,,,,,,,,,,No chain circular match found. Add a manual source URL from this store's own ad/flyer.
754269,LIBERTY BISMILLAH SUPERMARKET,11419,,,,,,,,,,,,,,No chain circular match found. Add a manual source URL from this store's own ad/flyer.
631608,MALIKI GROCERY,11419,,,,,,,,,,,,,,No chain circular match found. Add a manual source URL from this store's own ad/flyer.
757597,BUENO 111 GROCERY,11420,,,,,,,,,,,,,,No chain circular match found. Add a manual source URL from this store's own ad/flyer.
671456,T&T FISH AND GROCERY,11420,,,,,,,,,,,,,,No chain circular match found. Add a manual source URL from this store's own ad/flyer.
638042,CIBAO GROCERY,11421,,,,,,,,,,,,,,No chain circular match found. Add a manual source URL from this store's own ad/flyer.
745248,FRUTERIA & GROCERY,11421,,,,,,,,,,,,,,No chain circular match found. Add a manual source URL from this store's own ad/flyer.
748307,GREEN VALLEY SUPERMARKET,11421,,,,,,,,,,,,,,No chain circular match found. Add a manual source URL from this store's own ad/flyer.
737866,A-C MARKET GROCERY,11423,,,,,,,,,,,,,,No chain circular match found. Add a manual source URL from this store's own ad/flyer.
760818,GRAM BANGLA SUPERMARKET,11423,,,,,,,,,,,,,,No chain circular match found. Add a manual source URL from this store's own ad/flyer.
631834,KARINA GROCERY,11423,,,,,,,,,,,,,,No chain circular match found. Add a manual source URL from this store's own ad/flyer.
733561,SB FRUIT VEGETABLE & GROCERY,11423,,,,,,,,,,,,,,No chain circular match found. Add a manual source URL from this store's own ad/flyer.
719179,SKELDON MARKET PLACE GROCERY,11423,,,,,,,,,,,,,,No chain circular match found. Add a manual source URL from this store's own ad/flyer.
701965,VALERY GROCERY,11423,,,,,,,,,,,,,,No chain circular match found. Add a manual source URL from this store's own ad/flyer.
753957,NEW AL-HABIB MEAT AND GROCERY,11426,,,,,,,,,,,,,,No chain circular match found. Add a manual source URL from this store's own ad/flyer.
632930,MJ GROCERY STORE,11427,,,,,,,,,,,,,,No chain circular match found. Add a manual source URL from this store's own ad/flyer.
716144,SUPER SPRING GROCERY,11428,,,,,,,,,,,,,,No chain circular match found. Add a manual source URL from this store's own ad/flyer.
764287,ALRAYAN SUPERMARKET,11429,,,,,,,,,,,,,,No chain circular match found. Add a manual source URL from this store's own ad/flyer.
639605,EL MENEO GROCERY,11429,,,,,,,,,,,,,,No chain circular match found. Add a manual source URL from this store's own ad/flyer.
734742,SUPREME GOURMET GROCERY,11429,,,,,,,,,,,,,,No chain circular match found. Add a manual source URL from this store's own ad/flyer.
717815,A Y FAMILY GROCERY,11432,,,,,,,,,,,,,,No chain circular match found. Add a manual source URL from this store's own ad/flyer.
741311,BISMILLAH SUPERMARKET,11432,,,,,,,,,,,,,,No chain circular match found. Add a manual source URL from this store's own ad/flyer.
754177,FATIMA GROCERY,11432,,,,,,,,,,,,,,No chain circular match found. Add a manual source URL from this store's own ad/flyer.
722124,GRAY GROCERY,11432,,,,,,,,,,,,,,No chain circular match found. Add a manual source URL from this store's own ad/flyer.
756083,LABBAIK SUPERMARKET,11432,,,,,,,,,,,,,,No chain circular match found. Add a manual source URL from this store's own ad/flyer.
729811,MAA SUPERMARKET,11432,,,,,,,,,,,,,,No chain circular match found. Add a manual source URL from this store's own ad/flyer.
638752,MANNAN SUPERMARKET,11432,,,,,,,,,,,,,,No chain circular match found. Add a manual source URL from this store's own ad/flyer.
715855,PREMIUM SUPERMARKET,11432,,,,,,,,,,,,,,No chain circular match found. Add a manual source URL from this store's own ad/flyer.
638901,SUNSHINE GROCERY,11432,,,,,,,,,,,,,,No chain circular match found. Add a manual source URL from this store's own ad/flyer.
722166,FAMOSA GROCERY,11433,,,,,,,,,,,,,,No chain circular match found. Add a manual source URL from this store's own ad/flyer.
762663,LA FAMILIA II GROCERY,11433,,,,,,,,,,,,,,No chain circular match found. Add a manual source URL from this store's own ad/flyer.
708861,BATISTA GROCERY,11434,,,,,,,,,,,,,,No chain circular match found. Add a manual source URL from this store's own ad/flyer.
670664,CARIBBEAN GROCERY & FISH M,11434,,,,,,,,,,,,,,No chain circular match found. Add a manual source URL from this store's own ad/flyer.
758658,LA FAMILIA GROCERY,11434,,,,,,,,,,,,,,No chain circular match found. Add a manual source URL from this store's own ad/flyer.
763938,SUTPHIN 119 GROCERY,11434,,,,,,,,,,,,,,No chain circular match found. Add a manual source URL from this store's own ad/flyer.
758069,AMH SUPERMARKET,11435,,,,,,,,,,,,,,No chain circular match found. Add a manual source URL from this store's own ad/flyer.
725317,DOUBLE J GROCERY,11435,,,,,,,,,,,,,,No chain circular match found. Add a manual source URL from this store's own ad/flyer.
637623,FAMILIA GROCERY STORE,11435,,,,,,,,,,,,,,No chain circular match found. Add a manual source URL from this store's own ad/flyer.
639416,JAMAICA GREEN GROCERY,11435,,,,,,,,,,,,,,No chain circular match found. Add a manual source URL from this store's own ad/flyer.
726483,MARKET FRESH SUPERMARKET,11435,,,,,,,,,,,,,,No chain circular match found. Add a manual source URL from this store's own ad/flyer.
730240,MIMI ECOWAS GROCERY STORE,11435,,,,,,,,,,,,,,No chain circular match found. Add a manual source URL from this store's own ad/flyer.
631136,SORIBEL FRUIT&GROCERY,11435,,,,,,,,,,,,,,No chain circular match found. Add a manual source URL from this store's own ad/flyer.
751835,538 JJ SUPERMARKET,11691,,,,,,,,,,,,,,No chain circular match found. Add a manual source URL from this store's own ad/flyer.
753625,ACY GROCERY,11691,,,,,,,,,,,,,,No chain circular match found. Add a manual source URL from this store's own ad/flyer.
717973,DENNISEIS GROCERY,11691,,,,,,,,,,,,,,No chain circular match found. Add a manual source URL from this store's own ad/flyer.
756492,J&P GROCERY FOOD CENTER,11691,,,,,,,,,,,,,,No chain circular match found. Add a manual source URL from this store's own ad/flyer.
631295,KELVIN GROCERY,11691,,,,,,,,,,,,,,No chain circular match found. Add a manual source URL from this store's own ad/flyer.
719135,20/20 SUPERMARKET,11692,,,,,,,,,,,,,,No chain circular match found. Add a manual source URL from this store's own ad/flyer.
756469,66 GOURMET GROCERY,11692,,,,,,,,,,,,,,No chain circular match found. Add a manual source URL from this store's own ad/flyer.
637770,AAA GROCERY,11692,,,,,,,,,,,,,,No chain circular match found. Add a manual source URL from this store's own ad/flyer.
632396,CROSS BAY GROCERY,11693,,,,,,,,,,,,,,No chain circular match found. Add a manual source URL from this store's own ad/flyer.
742027,FAST N FRESH SUPERMARKET,11693,,,,,,,,,,,,,,No chain circular match found. Add a manual source URL from this store's own ad/flyer.
